Blender 4.2.3 LTS (hash 0e22e4fcea03 built 2024-10-14 23:31:34)
Fra:1 Mem:265.48M (Peak 265.65M) | Time:00:00.54 | Mem:0.00M, Peak:0.00M | Scene, ViewLayer | Synchronizing object | _leito
Fra:1 Mem:265.49M (Peak 265.65M) | Time:00:00.54 | Mem:0.00M, Peak:0.00M | Scene, ViewLayer | Synchronizing object | Cone
Fra:1 Mem:265.49M (Peak 265.65M) | Time:00:00.54 | Mem:0.00M, Peak:0.00M | Scene, ViewLayer | Synchronizing object | _poca.002
Fra:1 Mem:265.50M (Peak 265.65M) | Time:00:00.54 | Mem:0.00M, Peak:0.00M | Scene, ViewLayer | Synchronizing object | _poca.004
Fra:1 Mem:265.51M (Peak 265.65M) | Time:00:00.54 | Mem:0.00M, Peak:0.00M | Scene, ViewLayer | Synchronizing object | Cone.001
Fra:1 Mem:265.51M (Peak 265.65M) | Time:00:00.54 | Mem:0.00M, Peak:0.00M | Scene, ViewLayer | Synchronizing object | Cone.002
Fra:1 Mem:265.52M (Peak 265.65M) | Time:00:00.54 | Mem:0.00M, Peak:0.00M | Scene, ViewLayer | Synchronizing object | Cone.003
Fra:1 Mem:265.52M (Peak 265.65M) | Time:00:00.54 | Mem:0.00M, Peak:0.00M | Scene, ViewLayer | Synchronizing object | Cone.004
Fra:1 Mem:265.52M (Peak 265.65M) | Time:00:00.54 | Mem:0.00M, Peak:0.00M | Scene, ViewLayer | Synchronizing object | Cone.005
Fra:1 Mem:265.52M (Peak 265.65M) | Time:00:00.54 | Mem:0.00M, Peak:0.00M | Scene, ViewLayer | Synchronizing object | Cone.006
Fra:1 Mem:265.52M (Peak 265.65M) | Time:00:00.54 | Mem:0.00M, Peak:0.00M | Scene, ViewLayer | Synchronizing object | Cone.007
Fra:1 Mem:265.52M (Peak 265.65M) | Time:00:00.54 | Mem:0.00M, Peak:0.00M | Scene, ViewLayer | Synchronizing object | Sphere
Fra:1 Mem:265.58M (Peak 265.65M) | Time:00:00.54 | Mem:0.00M, Peak:0.00M | Scene, ViewLayer | Synchronizing object | Sphere.001
Fra:1 Mem:265.63M (Peak 265.65M) | Time:00:00.54 | Mem:0.00M, Peak:0.00M | Scene, ViewLayer | Synchronizing object | Sphere.002
Fra:1 Mem:265.69M (Peak 265.69M) | Time:00:00.54 | Mem:0.00M, Peak:0.00M | Scene, ViewLayer | Synchronizing object | Sphere.003
Fra:1 Mem:265.74M (Peak 265.74M) | Time:00:00.54 | Mem:0.00M, Peak:0.00M | Scene, ViewLayer | Synchronizing object | Sphere.004
Fra:1 Mem:265.80M (Peak 265.80M) | Time:00:00.54 | Mem:0.00M, Peak:0.00M | Scene, ViewLayer | Synchronizing object | Sphere.005
Fra:1 Mem:265.86M (Peak 265.86M) | Time:00:00.54 | Mem:0.00M, Peak:0.00M | Scene, ViewLayer | Synchronizing object | Cone.008
Fra:1 Mem:265.86M (Peak 265.86M) | Time:00:00.54 | Mem:0.00M, Peak:0.00M | Scene, ViewLayer | Synchronizing object | Cone.009
Fra:1 Mem:265.87M (Peak 265.87M) | Time:00:00.54 | Mem:0.00M, Peak:0.00M | Scene, ViewLayer | Synchronizing object | Cone.010
Fra:1 Mem:265.87M (Peak 265.87M) | Time:00:00.54 | Mem:0.00M, Peak:0.00M | Scene, ViewLayer | Synchronizing object | Cone.011
Fra:1 Mem:265.87M (Peak 265.87M) | Time:00:00.54 | Mem:0.00M, Peak:0.00M | Scene, ViewLayer | Synchronizing object | Cone.012
Fra:1 Mem:265.87M (Peak 265.87M) | Time:00:00.54 | Mem:0.00M, Peak:0.00M | Scene, ViewLayer | Synchronizing object | Cone.013
Fra:1 Mem:265.87M (Peak 265.87M) | Time:00:00.54 | Mem:0.00M, Peak:0.00M | Scene, ViewLayer | Synchronizing object | Cone.014
Fra:1 Mem:265.87M (Peak 265.87M) | Time:00:00.54 | Mem:0.00M, Peak:0.00M | Scene, ViewLayer | Synchronizing object | Cone.015
Fra:1 Mem:265.87M (Peak 265.87M) | Time:00:00.54 | Mem:0.00M, Peak:0.00M | Scene, ViewLayer | Synchronizing object | Cone.016
Fra:1 Mem:265.87M (Peak 265.87M) | Time:00:00.54 | Mem:0.00M, Peak:0.00M | Scene, ViewLayer | Synchronizing object | Cone.017
Fra:1 Mem:265.87M (Peak 265.87M) | Time:00:00.54 | Mem:0.00M, Peak:0.00M | Scene, ViewLayer | Synchronizing object | Cone.018
Fra:1 Mem:265.88M (Peak 265.88M) | Time:00:00.54 | Mem:0.00M, Peak:0.00M | Scene, ViewLayer | Synchronizing object | Cone.019
Fra:1 Mem:265.88M (Peak 265.88M) | Time:00:00.54 | Mem:0.00M, Peak:0.00M | Scene, ViewLayer | Synchronizing object | Cone.020
Fra:1 Mem:265.88M (Peak 265.88M) | Time:00:00.54 | Mem:0.00M, Peak:0.00M | Scene, ViewLayer | Synchronizing object | Cone.021
Fra:1 Mem:265.88M (Peak 265.88M) | Time:00:00.54 | Mem:0.00M, Peak:0.00M | Scene, ViewLayer | Synchronizing object | Cone.022
Fra:1 Mem:265.88M (Peak 265.88M) | Time:00:00.54 | Mem:0.00M, Peak:0.00M | Scene, ViewLayer | Synchronizing object | Cone.023
Fra:1 Mem:265.88M (Peak 265.88M) | Time:00:00.54 | Mem:0.00M, Peak:0.00M | Scene, ViewLayer | Synchronizing object | Cone.024
Fra:1 Mem:265.88M (Peak 265.88M) | Time:00:00.54 | Mem:0.00M, Peak:0.00M | Scene, ViewLayer | Synchronizing object | Cone.025
Fra:1 Mem:265.88M (Peak 265.88M) | Time:00:00.54 | Mem:0.00M, Peak:0.00M | Scene, ViewLayer | Synchronizing object | Cone.026
Fra:1 Mem:265.88M (Peak 265.88M) | Time:00:00.54 | Mem:0.00M, Peak:0.00M | Scene, ViewLayer | Synchronizing object | Cone.027
Fra:1 Mem:265.89M (Peak 265.89M) | Time:00:00.54 | Mem:0.00M, Peak:0.00M | Scene, ViewLayer | Synchronizing object | Cone.028
Fra:1 Mem:265.89M (Peak 265.89M) | Time:00:00.54 | Mem:0.00M, Peak:0.00M | Scene, ViewLayer | Synchronizing object | Cone.029
Fra:1 Mem:265.89M (Peak 265.89M) | Time:00:00.54 | Mem:0.00M, Peak:0.00M | Scene, ViewLayer | Synchronizing object | Cone.030
Fra:1 Mem:265.89M (Peak 265.89M) | Time:00:00.54 | Mem:0.00M, Peak:0.00M | Scene, ViewLayer | Synchronizing object | Cone.031
Fra:1 Mem:265.89M (Peak 265.89M) | Time:00:00.55 | Mem:0.00M, Peak:0.00M | Scene, ViewLayer | Synchronizing object | Cone.032
Fra:1 Mem:265.89M (Peak 265.89M) | Time:00:00.55 | Mem:0.00M, Peak:0.00M | Scene, ViewLayer | Synchronizing object | Cone.033
Fra:1 Mem:265.89M (Peak 265.89M) | Time:00:00.55 | Mem:0.00M, Peak:0.00M | Scene, ViewLayer | Synchronizing object | Cone.034
Fra:1 Mem:265.89M (Peak 265.89M) | Time:00:00.55 | Mem:0.00M, Peak:0.00M | Scene, ViewLayer | Synchronizing object | Cone.035
Fra:1 Mem:265.89M (Peak 265.89M) | Time:00:00.55 | Mem:0.00M, Peak:0.00M | Scene, ViewLayer | Synchronizing object | Cone.036
Fra:1 Mem:265.90M (Peak 265.90M) | Time:00:00.55 | Mem:0.00M, Peak:0.00M | Scene, ViewLayer | Synchronizing object | Cone.037
Fra:1 Mem:265.90M (Peak 265.90M) | Time:00:00.55 | Mem:0.00M, Peak:0.00M | Scene, ViewLayer | Synchronizing object | Cone.038
Fra:1 Mem:265.90M (Peak 265.90M) | Time:00:00.55 | Mem:0.00M, Peak:0.00M | Scene, ViewLayer | Synchronizing object | Cone.039
Fra:1 Mem:265.90M (Peak 265.90M) | Time:00:00.55 | Mem:0.00M, Peak:0.00M | Scene, ViewLayer | Synchronizing object | Cone.040
Fra:1 Mem:265.90M (Peak 265.90M) | Time:00:00.55 | Mem:0.00M, Peak:0.00M | Scene, ViewLayer | Synchronizing object | Cone.041
Fra:1 Mem:265.90M (Peak 265.90M) | Time:00:00.55 | Mem:0.00M, Peak:0.00M | Scene, ViewLayer | Synchronizing object | Cone.042
Fra:1 Mem:265.90M (Peak 265.90M) | Time:00:00.55 | Mem:0.00M, Peak:0.00M | Scene, ViewLayer | Synchronizing object | Cone.043
Fra:1 Mem:265.90M (Peak 265.90M) | Time:00:00.55 | Mem:0.00M, Peak:0.00M | Scene, ViewLayer | Synchronizing object | Cone.044
Fra:1 Mem:265.90M (Peak 265.90M) | Time:00:00.55 | Mem:0.00M, Peak:0.00M | Scene, ViewLayer | Synchronizing object | Cone.045
Fra:1 Mem:265.90M (Peak 265.90M) | Time:00:00.55 | Mem:0.00M, Peak:0.00M | Scene, ViewLayer | Synchronizing object | Cone.046
Fra:1 Mem:265.91M (Peak 265.91M) | Time:00:00.55 | Mem:0.00M, Peak:0.00M | Scene, ViewLayer | Synchronizing object | Cone.047
Fra:1 Mem:265.91M (Peak 265.91M) | Time:00:00.55 | Mem:0.00M, Peak:0.00M | Scene, ViewLayer | Synchronizing object | Cylinder
Fra:1 Mem:265.91M (Peak 265.91M) | Time:00:00.55 | Mem:0.00M, Peak:0.00M | Scene, ViewLayer | Synchronizing object | Cylinder.001
Fra:1 Mem:265.91M (Peak 265.91M) | Time:00:00.55 | Mem:0.00M, Peak:0.00M | Scene, ViewLayer | Synchronizing object | Cylinder.002
Fra:1 Mem:265.91M (Peak 265.91M) | Time:00:00.55 | Mem:0.00M, Peak:0.00M | Scene, ViewLayer | Synchronizing object | Cylinder.003
Fra:1 Mem:265.91M (Peak 265.91M) | Time:00:00.55 | Mem:0.00M, Peak:0.00M | Scene, ViewLayer | Synchronizing object | Cylinder.004
Fra:1 Mem:265.92M (Peak 265.92M) | Time:00:00.55 | Mem:0.00M, Peak:0.00M | Scene, ViewLayer | Synchronizing object | Cylinder.005
Fra:1 Mem:265.92M (Peak 265.92M) | Time:00:00.55 | Mem:0.00M, Peak:0.00M | Scene, ViewLayer | Synchronizing object | Cylinder.006
Fra:1 Mem:265.92M (Peak 265.92M) | Time:00:00.55 | Mem:0.00M, Peak:0.00M | Scene, ViewLayer | Synchronizing object | Cone.048
Fra:1 Mem:265.93M (Peak 265.93M) | Time:00:00.55 | Mem:0.00M, Peak:0.00M | Scene, ViewLayer | Synchronizing object | Cone.049
Fra:1 Mem:265.93M (Peak 265.93M) | Time:00:00.55 | Mem:0.00M, Peak:0.00M | Scene, ViewLayer | Synchronizing object | Cone.050
Fra:1 Mem:265.93M (Peak 265.93M) | Time:00:00.55 | Mem:0.00M, Peak:0.00M | Scene, ViewLayer | Synchronizing object | Cone.051
Fra:1 Mem:265.93M (Peak 265.93M) | Time:00:00.55 | Mem:0.00M, Peak:0.00M | Scene, ViewLayer | Synchronizing object | Cone.052
Fra:1 Mem:265.94M (Peak 265.94M) | Time:00:00.55 | Mem:0.00M, Peak:0.00M | Scene, ViewLayer | Synchronizing object | Cone.053
Fra:1 Mem:265.94M (Peak 265.94M) | Time:00:00.55 | Mem:0.00M, Peak:0.00M | Scene, ViewLayer | Synchronizing object | Sphere.006
Fra:1 Mem:265.95M (Peak 265.95M) | Time:00:00.55 | Mem:0.00M, Peak:0.00M | Scene, ViewLayer | Synchronizing object | Sphere.007
Fra:1 Mem:265.95M (Peak 265.95M) | Time:00:00.55 | Mem:0.00M, Peak:0.00M | Scene, ViewLayer | Synchronizing object | Sphere.008
Fra:1 Mem:265.95M (Peak 265.95M) | Time:00:00.55 | Mem:0.00M, Peak:0.00M | Scene, ViewLayer | Synchronizing object | Sphere.009
Fra:1 Mem:265.96M (Peak 265.96M) | Time:00:00.55 | Mem:0.00M, Peak:0.00M | Scene, ViewLayer | Synchronizing object | Sphere.010
Fra:1 Mem:265.96M (Peak 265.96M) | Time:00:00.55 | Mem:0.00M, Peak:0.00M | Scene, ViewLayer | Synchronizing object | Sphere.011
Fra:1 Mem:265.97M (Peak 265.97M) | Time:00:00.55 | Mem:0.00M, Peak:0.00M | Scene, ViewLayer | Synchronizing object | Sphere.012
Fra:1 Mem:265.97M (Peak 265.97M) | Time:00:00.55 | Mem:0.00M, Peak:0.00M | Scene, ViewLayer | Synchronizing object | Sphere.013
Fra:1 Mem:265.97M (Peak 265.97M) | Time:00:00.55 | Mem:0.00M, Peak:0.00M | Scene, ViewLayer | Synchronizing object | Sphere.014
Fra:1 Mem:265.98M (Peak 265.98M) | Time:00:00.55 | Mem:0.00M, Peak:0.00M | Scene, ViewLayer | Synchronizing object | Sphere.015
Fra:1 Mem:265.98M (Peak 265.98M) | Time:00:00.55 | Mem:0.00M, Peak:0.00M | Scene, ViewLayer | Synchronizing object | Sphere.016
Fra:1 Mem:265.99M (Peak 265.99M) | Time:00:00.55 | Mem:0.00M, Peak:0.00M | Scene, ViewLayer | Synchronizing object | Sphere.017
Fra:1 Mem:265.99M (Peak 265.99M) | Time:00:00.55 | Mem:0.00M, Peak:0.00M | Scene, ViewLayer | Synchronizing object | Sphere.018
Fra:1 Mem:265.99M (Peak 265.99M) | Time:00:00.55 | Mem:0.00M, Peak:0.00M | Scene, ViewLayer | Synchronizing object | Sphere.019
Fra:1 Mem:266.00M (Peak 266.00M) | Time:00:00.55 | Mem:0.00M, Peak:0.00M | Scene, ViewLayer | Synchronizing object | Sphere.020
Fra:1 Mem:266.00M (Peak 266.00M) | Time:00:00.55 | Mem:0.00M, Peak:0.00M | Scene, ViewLayer | Synchronizing object | Sphere.021
Fra:1 Mem:266.01M (Peak 266.01M) | Time:00:00.55 | Mem:0.00M, Peak:0.00M | Scene, ViewLayer | Synchronizing object | Sphere.022
Fra:1 Mem:266.01M (Peak 266.01M) | Time:00:00.55 | Mem:0.00M, Peak:0.00M | Scene, ViewLayer | Synchronizing object | Sphere.023
Fra:1 Mem:266.02M (Peak 266.02M) | Time:00:00.55 | Mem:0.00M, Peak:0.00M | Scene, ViewLayer | Synchronizing object | Cube
Fra:1 Mem:266.05M (Peak 266.05M) | Time:00:00.55 | Mem:0.00M, Peak:0.00M | Scene, ViewLayer | Synchronizing object | _vidro
Fra:1 Mem:266.06M (Peak 266.06M) | Time:00:00.55 | Mem:0.00M, Peak:0.00M | Scene, ViewLayer | Synchronizing object | Cube.001
Fra:1 Mem:266.07M (Peak 266.07M) | Time:00:00.55 | Mem:0.00M, Peak:0.00M | Scene, ViewLayer | Synchronizing object | Cube.002
Fra:1 Mem:266.08M (Peak 266.08M) | Time:00:00.55 | Mem:0.00M, Peak:0.00M | Scene, ViewLayer | Synchronizing object | Cube.003
Fra:1 Mem:266.09M (Peak 266.09M) | Time:00:00.55 | Mem:0.00M, Peak:0.00M | Scene, ViewLayer | Synchronizing object | Cube.004
Fra:1 Mem:266.10M (Peak 266.10M) | Time:00:00.55 | Mem:0.00M, Peak:0.00M | Scene, ViewLayer | Synchronizing object | Cube.005
Fra:1 Mem:266.11M (Peak 266.11M) | Time:00:00.55 | Mem:0.00M, Peak:0.00M | Scene, ViewLayer | Synchronizing object | Cube.006
Fra:1 Mem:266.12M (Peak 266.12M) | Time:00:00.55 | Mem:0.00M, Peak:0.00M | Scene, ViewLayer | Synchronizing object | Cylinder.007
Fra:1 Mem:266.12M (Peak 266.12M) | Time:00:00.55 | Mem:0.00M, Peak:0.00M | Scene, ViewLayer | Synchronizing object | Cylinder.008
Fra:1 Mem:266.12M (Peak 266.12M) | Time:00:00.55 | Mem:0.00M, Peak:0.00M | Scene, ViewLayer | Synchronizing object | Sphere.024
Fra:1 Mem:266.18M (Peak 266.18M) | Time:00:00.55 | Mem:0.00M, Peak:0.00M | Scene, ViewLayer | Synchronizing object | Sphere.025
Fra:1 Mem:266.23M (Peak 266.23M) | Time:00:00.55 | Mem:0.00M, Peak:0.00M | Scene, ViewLayer | Synchronizing object | Sphere.026
Fra:1 Mem:266.29M (Peak 266.29M) | Time:00:00.55 | Mem:0.00M, Peak:0.00M | Scene, ViewLayer | Synchronizing object | Sphere.027
Fra:1 Mem:266.34M (Peak 266.34M) | Time:00:00.55 | Mem:0.00M, Peak:0.00M | Scene, ViewLayer | Synchronizing object | Sphere.028
Fra:1 Mem:266.40M (Peak 266.40M) | Time:00:00.55 | Mem:0.00M, Peak:0.00M | Scene, ViewLayer | Synchronizing object | Sphere.029
Fra:1 Mem:266.45M (Peak 266.45M) | Time:00:00.55 | Mem:0.00M, Peak:0.00M | Scene, ViewLayer | Synchronizing object | Sphere.030
Fra:1 Mem:266.51M (Peak 266.51M) | Time:00:00.56 | Mem:0.00M, Peak:0.00M | Scene, ViewLayer | Synchronizing object | Sphere.031
Fra:1 Mem:266.56M (Peak 266.56M) | Time:00:00.56 | Mem:0.00M, Peak:0.00M | Scene, ViewLayer | Synchronizing object | Sphere.032
Fra:1 Mem:266.61M (Peak 266.61M) | Time:00:00.56 | Mem:0.00M, Peak:0.00M | Scene, ViewLayer | Synchronizing object | Sphere.033
Fra:1 Mem:266.67M (Peak 266.67M) | Time:00:00.56 | Mem:0.00M, Peak:0.00M | Scene, ViewLayer | Synchronizing object | Sphere.034
Fra:1 Mem:266.72M (Peak 266.72M) | Time:00:00.56 | Mem:0.00M, Peak:0.00M | Scene, ViewLayer | Synchronizing object | Sphere.035
Fra:1 Mem:266.78M (Peak 266.78M) | Time:00:00.56 | Mem:0.00M, Peak:0.00M | Scene, ViewLayer | Synchronizing object | Sphere.036
Fra:1 Mem:266.83M (Peak 266.83M) | Time:00:00.56 | Mem:0.00M, Peak:0.00M | Scene, ViewLayer | Synchronizing object | Sphere.037
Fra:1 Mem:266.88M (Peak 266.88M) | Time:00:00.56 | Mem:0.00M, Peak:0.00M | Scene, ViewLayer | Synchronizing object | Cube.007
Fra:1 Mem:266.93M (Peak 266.93M) | Time:00:00.56 | Mem:0.00M, Peak:0.00M | Scene, ViewLayer | Synchronizing object | Cube.008
Fra:1 Mem:266.93M (Peak 266.93M) | Time:00:00.56 | Mem:0.00M, Peak:0.00M | Scene, ViewLayer | Synchronizing object | Cylinder.009
Fra:1 Mem:266.93M (Peak 266.93M) | Time:00:00.56 | Mem:0.00M, Peak:0.00M | Scene, ViewLayer | Synchronizing object | Cube.009
Fra:1 Mem:266.94M (Peak 266.94M) | Time:00:00.56 | Mem:0.00M, Peak:0.00M | Scene, ViewLayer | Synchronizing object | Cube.010
Fra:1 Mem:266.95M (Peak 266.95M) | Time:00:00.56 | Mem:0.00M, Peak:0.00M | Scene, ViewLayer | Synchronizing object | Sphere.038
Fra:1 Mem:266.96M (Peak 266.96M) | Time:00:00.56 | Mem:0.00M, Peak:0.00M | Scene, ViewLayer | Synchronizing object | Sphere.039
Fra:1 Mem:267.07M (Peak 267.07M) | Time:00:00.56 | Mem:0.00M, Peak:0.00M | Scene, ViewLayer | Synchronizing object | Cube.011
Fra:1 Mem:267.07M (Peak 267.07M) | Time:00:00.56 | Mem:0.00M, Peak:0.00M | Scene, ViewLayer | Synchronizing object | Cube.012
Fra:1 Mem:267.08M (Peak 267.08M) | Time:00:00.56 | Mem:0.00M, Peak:0.00M | Scene, ViewLayer | Synchronizing object | Cube.013
Fra:1 Mem:267.09M (Peak 267.09M) | Time:00:00.56 | Mem:0.00M, Peak:0.00M | Scene, ViewLayer | Synchronizing object | Cube.014
Fra:1 Mem:267.10M (Peak 267.10M) | Time:00:00.56 | Mem:0.00M, Peak:0.00M | Scene, ViewLayer | Synchronizing object | Cube.015
Fra:1 Mem:267.11M (Peak 267.11M) | Time:00:00.56 | Mem:0.00M, Peak:0.00M | Scene, ViewLayer | Synchronizing object | Cube.016
Fra:1 Mem:267.16M (Peak 267.16M) | Time:00:00.56 | Mem:0.00M, Peak:0.00M | Scene, ViewLayer | Synchronizing object | Cube.017
Fra:1 Mem:267.17M (Peak 267.17M) | Time:00:00.56 | Mem:0.00M, Peak:0.00M | Scene, ViewLayer | Synchronizing object | Cube.018
Fra:1 Mem:267.18M (Peak 267.18M) | Time:00:00.56 | Mem:0.00M, Peak:0.00M | Scene, ViewLayer | Synchronizing object | Cube.019
Fra:1 Mem:267.18M (Peak 267.18M) | Time:00:00.56 | Mem:0.00M, Peak:0.00M | Scene, ViewLayer | Synchronizing object | Cube.020
Fra:1 Mem:267.18M (Peak 267.18M) | Time:00:00.56 | Mem:0.00M, Peak:0.00M | Scene, ViewLayer | Synchronizing object | Cube.021
Fra:1 Mem:267.18M (Peak 267.18M) | Time:00:00.56 | Mem:0.00M, Peak:0.00M | Scene, ViewLayer | Synchronizing object | Cube.022
Fra:1 Mem:267.18M (Peak 267.18M) | Time:00:00.56 | Mem:0.00M, Peak:0.00M | Scene, ViewLayer | Synchronizing object | Cube.023
Fra:1 Mem:267.18M (Peak 267.18M) | Time:00:00.56 | Mem:0.00M, Peak:0.00M | Scene, ViewLayer | Synchronizing object | Cube.024
Fra:1 Mem:267.18M (Peak 267.18M) | Time:00:00.56 | Mem:0.00M, Peak:0.00M | Scene, ViewLayer | Synchronizing object | Cube.025
Fra:1 Mem:267.19M (Peak 267.19M) | Time:00:00.56 | Mem:0.00M, Peak:0.00M | Scene, ViewLayer | Synchronizing object | Cube.026
Fra:1 Mem:267.19M (Peak 267.19M) | Time:00:00.56 | Mem:0.00M, Peak:0.00M | Scene, ViewLayer | Synchronizing object | Cube.027
Fra:1 Mem:267.19M (Peak 267.19M) | Time:00:00.56 | Mem:0.00M, Peak:0.00M | Scene, ViewLayer | Synchronizing object | Cube.028
Fra:1 Mem:267.20M (Peak 267.20M) | Time:00:00.56 | Mem:0.00M, Peak:0.00M | Scene, ViewLayer | Synchronizing object | Cube.029
Fra:1 Mem:267.21M (Peak 267.21M) | Time:00:00.56 | Mem:0.00M, Peak:0.00M | Scene, ViewLayer | Synchronizing object | Cube.030
Fra:1 Mem:267.21M (Peak 267.21M) | Time:00:00.56 | Mem:0.00M, Peak:0.00M | Scene, ViewLayer | Synchronizing object | Cube.031
Fra:1 Mem:267.21M (Peak 267.21M) | Time:00:00.56 | Mem:0.00M, Peak:0.00M | Scene, ViewLayer | Synchronizing object | Cube.032
Fra:1 Mem:267.21M (Peak 267.21M) | Time:00:00.56 | Mem:0.00M, Peak:0.00M | Scene, ViewLayer | Synchronizing object | Cube.033
Fra:1 Mem:267.21M (Peak 267.21M) | Time:00:00.56 | Mem:0.00M, Peak:0.00M | Scene, ViewLayer | Synchronizing object | Cube.034
Fra:1 Mem:267.21M (Peak 267.21M) | Time:00:00.56 | Mem:0.00M, Peak:0.00M | Scene, ViewLayer | Synchronizing object | Cube.035
Fra:1 Mem:267.21M (Peak 267.21M) | Time:00:00.56 | Mem:0.00M, Peak:0.00M | Scene, ViewLayer | Synchronizing object | Cube.036
Fra:1 Mem:267.22M (Peak 267.22M) | Time:00:00.56 | Mem:0.00M, Peak:0.00M | Scene, ViewLayer | Synchronizing object | Cube.037
Fra:1 Mem:267.22M (Peak 267.22M) | Time:00:00.56 | Mem:0.00M, Peak:0.00M | Scene, ViewLayer | Synchronizing object | Cube.038
Fra:1 Mem:267.22M (Peak 267.22M) | Time:00:00.56 | Mem:0.00M, Peak:0.00M | Scene, ViewLayer | Synchronizing object | Cube.039
Fra:1 Mem:267.23M (Peak 267.23M) | Time:00:00.56 | Mem:0.00M, Peak:0.00M | Scene, ViewLayer | Synchronizing object | Cube.040
Fra:1 Mem:267.24M (Peak 267.24M) | Time:00:00.57 | Mem:0.00M, Peak:0.00M | Scene, ViewLayer | Synchronizing object | Cube.041
Fra:1 Mem:267.24M (Peak 267.24M) | Time:00:00.57 | Mem:0.00M, Peak:0.00M | Scene, ViewLayer | Synchronizing object | Cube.042
Fra:1 Mem:267.25M (Peak 267.25M) | Time:00:00.57 | Mem:0.00M, Peak:0.00M | Scene, ViewLayer | Synchronizing object | Cube.043
Fra:1 Mem:267.26M (Peak 267.26M) | Time:00:00.57 | Mem:0.00M, Peak:0.00M | Scene, ViewLayer | Synchronizing object | Cube.044
Fra:1 Mem:267.27M (Peak 267.27M) | Time:00:00.57 | Mem:0.00M, Peak:0.00M | Scene, ViewLayer | Synchronizing object | Cube.045
Fra:1 Mem:267.28M (Peak 267.28M) | Time:00:00.57 | Mem:0.00M, Peak:0.00M | Scene, ViewLayer | Synchronizing object | Cube.046
Fra:1 Mem:267.29M (Peak 267.29M) | Time:00:00.57 | Mem:0.00M, Peak:0.00M | Scene, ViewLayer | Synchronizing object | Cube.047
Fra:1 Mem:267.30M (Peak 267.30M) | Time:00:00.57 | Mem:0.00M, Peak:0.00M | Scene, ViewLayer | Synchronizing object | Cube.048
Fra:1 Mem:267.31M (Peak 267.31M) | Time:00:00.57 | Mem:0.00M, Peak:0.00M | Scene, ViewLayer | Synchronizing object | Cube.049
Fra:1 Mem:267.31M (Peak 267.31M) | Time:00:00.57 | Mem:0.00M, Peak:0.00M | Scene, ViewLayer | Synchronizing object | Cube.050
Fra:1 Mem:267.32M (Peak 267.32M) | Time:00:00.57 | Mem:0.00M, Peak:0.00M | Scene, ViewLayer | Synchronizing object | Cube.051
Fra:1 Mem:267.33M (Peak 267.33M) | Time:00:00.57 | Mem:0.00M, Peak:0.00M | Scene, ViewLayer | Synchronizing object | Cube.052
Fra:1 Mem:267.34M (Peak 267.34M) | Time:00:00.57 | Mem:0.00M, Peak:0.00M | Scene, ViewLayer | Synchronizing object | Cube.053
Fra:1 Mem:267.35M (Peak 267.35M) | Time:00:00.57 | Mem:0.00M, Peak:0.00M | Scene, ViewLayer | Synchronizing object | Cube.054
Fra:1 Mem:267.36M (Peak 267.36M) | Time:00:00.57 | Mem:0.00M, Peak:0.00M | Scene, ViewLayer | Synchronizing object | Cube.055
Fra:1 Mem:267.37M (Peak 267.37M) | Time:00:00.57 | Mem:0.00M, Peak:0.00M | Scene, ViewLayer | Synchronizing object | Cube.056
Fra:1 Mem:267.38M (Peak 267.38M) | Time:00:00.57 | Mem:0.00M, Peak:0.00M | Scene, ViewLayer | Synchronizing object | Cube.057
Fra:1 Mem:267.38M (Peak 267.38M) | Time:00:00.57 | Mem:0.00M, Peak:0.00M | Scene, ViewLayer | Synchronizing object | Cube.058
Fra:1 Mem:267.39M (Peak 267.39M) | Time:00:00.57 | Mem:0.00M, Peak:0.00M | Scene, ViewLayer | Synchronizing object | Cube.059
Fra:1 Mem:267.39M (Peak 267.39M) | Time:00:00.57 | Mem:0.00M, Peak:0.00M | Scene, ViewLayer | Synchronizing object | Cube.060
Fra:1 Mem:267.40M (Peak 267.40M) | Time:00:00.57 | Mem:0.00M, Peak:0.00M | Scene, ViewLayer | Synchronizing object | Cube.061
Fra:1 Mem:267.40M (Peak 267.40M) | Time:00:00.57 | Mem:0.00M, Peak:0.00M | Scene, ViewLayer | Synchronizing object | Cube.062
Fra:1 Mem:267.40M (Peak 267.40M) | Time:00:00.57 | Mem:0.00M, Peak:0.00M | Scene, ViewLayer | Synchronizing object | Cube.063
Fra:1 Mem:267.40M (Peak 267.40M) | Time:00:00.57 | Mem:0.00M, Peak:0.00M | Scene, ViewLayer | Synchronizing object | Cube.064
Fra:1 Mem:267.40M (Peak 267.40M) | Time:00:00.57 | Mem:0.00M, Peak:0.00M | Scene, ViewLayer | Synchronizing object | Cylinder.010
Fra:1 Mem:267.40M (Peak 267.40M) | Time:00:00.57 | Mem:0.00M, Peak:0.00M | Scene, ViewLayer | Synchronizing object | Cylinder.011
Fra:1 Mem:267.40M (Peak 267.40M) | Time:00:00.57 | Mem:0.00M, Peak:0.00M | Scene, ViewLayer | Synchronizing object | Cylinder.012
Fra:1 Mem:267.40M (Peak 267.40M) | Time:00:00.57 | Mem:0.00M, Peak:0.00M | Scene, ViewLayer | Synchronizing object | Cylinder.013
Fra:1 Mem:267.41M (Peak 267.41M) | Time:00:00.57 | Mem:0.00M, Peak:0.00M | Scene, ViewLayer | Synchronizing object | Cylinder.014
Fra:1 Mem:267.41M (Peak 267.41M) | Time:00:00.57 | Mem:0.00M, Peak:0.00M | Scene, ViewLayer | Synchronizing object | Cylinder.015
Fra:1 Mem:267.41M (Peak 267.41M) | Time:00:00.57 | Mem:0.00M, Peak:0.00M | Scene, ViewLayer | Synchronizing object | Cylinder.016
Fra:1 Mem:267.41M (Peak 267.41M) | Time:00:00.57 | Mem:0.00M, Peak:0.00M | Scene, ViewLayer | Synchronizing object | Cylinder.017
Fra:1 Mem:267.41M (Peak 267.41M) | Time:00:00.57 | Mem:0.00M, Peak:0.00M | Scene, ViewLayer | Synchronizing object | Cylinder.018
Fra:1 Mem:267.41M (Peak 267.41M) | Time:00:00.57 | Mem:0.00M, Peak:0.00M | Scene, ViewLayer | Synchronizing object | Cylinder.019
Fra:1 Mem:267.42M (Peak 267.42M) | Time:00:00.57 | Mem:0.00M, Peak:0.00M | Scene, ViewLayer | Synchronizing object | Cylinder.020
Fra:1 Mem:267.42M (Peak 267.42M) | Time:00:00.57 | Mem:0.00M, Peak:0.00M | Scene, ViewLayer | Synchronizing object | Cylinder.021
Fra:1 Mem:267.42M (Peak 267.42M) | Time:00:00.57 | Mem:0.00M, Peak:0.00M | Scene, ViewLayer | Synchronizing object | Cylinder.022
Fra:1 Mem:267.42M (Peak 267.42M) | Time:00:00.57 | Mem:0.00M, Peak:0.00M | Scene, ViewLayer | Synchronizing object | Cylinder.023
Fra:1 Mem:267.42M (Peak 267.42M) | Time:00:00.57 | Mem:0.00M, Peak:0.00M | Scene, ViewLayer | Synchronizing object | Cylinder.024
Fra:1 Mem:267.42M (Peak 267.42M) | Time:00:00.57 | Mem:0.00M, Peak:0.00M | Scene, ViewLayer | Synchronizing object | Cylinder.025
Fra:1 Mem:267.42M (Peak 267.42M) | Time:00:00.57 | Mem:0.00M, Peak:0.00M | Scene, ViewLayer | Synchronizing object | Cylinder.026
Fra:1 Mem:267.43M (Peak 267.43M) | Time:00:00.57 | Mem:0.00M, Peak:0.00M | Scene, ViewLayer | Synchronizing object | Cylinder.027
Fra:1 Mem:267.43M (Peak 267.43M) | Time:00:00.57 | Mem:0.00M, Peak:0.00M | Scene, ViewLayer | Synchronizing object | Cylinder.028
Fra:1 Mem:267.43M (Peak 267.43M) | Time:00:00.57 | Mem:0.00M, Peak:0.00M | Scene, ViewLayer | Synchronizing object | Cylinder.029
Fra:1 Mem:267.43M (Peak 267.43M) | Time:00:00.57 | Mem:0.00M, Peak:0.00M | Scene, ViewLayer | Synchronizing object | Cube.065
Fra:1 Mem:267.44M (Peak 267.44M) | Time:00:00.57 | Mem:0.00M, Peak:0.00M | Scene, ViewLayer | Synchronizing object | Cube.066
Fra:1 Mem:267.44M (Peak 267.44M) | Time:00:00.57 | Mem:0.00M, Peak:0.00M | Scene, ViewLayer | Synchronizing object | Cube.067
Fra:1 Mem:267.45M (Peak 267.45M) | Time:00:00.57 | Mem:0.00M, Peak:0.00M | Scene, ViewLayer | Synchronizing object | Cube.068
Fra:1 Mem:267.46M (Peak 267.46M) | Time:00:00.57 | Mem:0.00M, Peak:0.00M | Scene, ViewLayer | Synchronizing object | Cube.069
Fra:1 Mem:267.47M (Peak 267.47M) | Time:00:00.57 | Mem:0.00M, Peak:0.00M | Scene, ViewLayer | Synchronizing object | Cube.070
Fra:1 Mem:267.48M (Peak 267.48M) | Time:00:00.57 | Mem:0.00M, Peak:0.00M | Scene, ViewLayer | Synchronizing object | Cube.071
Fra:1 Mem:267.49M (Peak 267.49M) | Time:00:00.57 | Mem:0.00M, Peak:0.00M | Scene, ViewLayer | Synchronizing object | Cube.072
Fra:1 Mem:267.50M (Peak 267.50M) | Time:00:00.57 | Mem:0.00M, Peak:0.00M | Scene, ViewLayer | Synchronizing object | Cube.073
Fra:1 Mem:267.50M (Peak 267.50M) | Time:00:00.57 | Mem:0.00M, Peak:0.00M | Scene, ViewLayer | Synchronizing object | Cube.074
Fra:1 Mem:267.51M (Peak 267.51M) | Time:00:00.57 | Mem:0.00M, Peak:0.00M | Scene, ViewLayer | Synchronizing object | Cube.075
Fra:1 Mem:267.52M (Peak 267.52M) | Time:00:00.57 | Mem:0.00M, Peak:0.00M | Scene, ViewLayer | Synchronizing object | Cube.076
Fra:1 Mem:267.53M (Peak 267.53M) | Time:00:00.57 | Mem:0.00M, Peak:0.00M | Scene, ViewLayer | Synchronizing object | Cube.077
Fra:1 Mem:267.54M (Peak 267.54M) | Time:00:00.57 | Mem:0.00M, Peak:0.00M | Scene, ViewLayer | Synchronizing object | Cube.078
Fra:1 Mem:267.55M (Peak 267.55M) | Time:00:00.57 | Mem:0.00M, Peak:0.00M | Scene, ViewLayer | Synchronizing object | Cube.079
Fra:1 Mem:267.55M (Peak 267.55M) | Time:00:00.57 | Mem:0.00M, Peak:0.00M | Scene, ViewLayer | Synchronizing object | Cube.080
Fra:1 Mem:267.56M (Peak 267.56M) | Time:00:00.57 | Mem:0.00M, Peak:0.00M | Scene, ViewLayer | Synchronizing object | Cube.081
Fra:1 Mem:267.57M (Peak 267.57M) | Time:00:00.57 | Mem:0.00M, Peak:0.00M | Scene, ViewLayer | Synchronizing object | Cube.082
Fra:1 Mem:267.57M (Peak 267.57M) | Time:00:00.57 | Mem:0.00M, Peak:0.00M | Scene, ViewLayer | Synchronizing object | Cube.083
Fra:1 Mem:267.58M (Peak 267.58M) | Time:00:00.57 | Mem:0.00M, Peak:0.00M | Scene, ViewLayer | Synchronizing object | Cube.084
Fra:1 Mem:267.59M (Peak 267.59M) | Time:00:00.57 | Mem:0.00M, Peak:0.00M | Scene, ViewLayer | Synchronizing object | Cube.085
Fra:1 Mem:267.60M (Peak 267.60M) | Time:00:00.57 | Mem:0.00M, Peak:0.00M | Scene, ViewLayer | Synchronizing object | Cube.086
Fra:1 Mem:267.60M (Peak 267.60M) | Time:00:00.57 | Mem:0.00M, Peak:0.00M | Scene, ViewLayer | Synchronizing object | Cube.087
Fra:1 Mem:267.61M (Peak 267.61M) | Time:00:00.57 | Mem:0.00M, Peak:0.00M | Scene, ViewLayer | Synchronizing object | Cube.088
Fra:1 Mem:267.61M (Peak 267.61M) | Time:00:00.57 | Mem:0.00M, Peak:0.00M | Scene, ViewLayer | Synchronizing object | Cube.089
Fra:1 Mem:267.61M (Peak 267.61M) | Time:00:00.57 | Mem:0.00M, Peak:0.00M | Scene, ViewLayer | Synchronizing object | Cube.090
Fra:1 Mem:267.61M (Peak 267.61M) | Time:00:00.57 | Mem:0.00M, Peak:0.00M | Scene, ViewLayer | Synchronizing object | Cylinder.030
Fra:1 Mem:267.62M (Peak 267.62M) | Time:00:00.57 | Mem:0.00M, Peak:0.00M | Scene, ViewLayer | Synchronizing object | Cylinder.031
Fra:1 Mem:267.62M (Peak 267.62M) | Time:00:00.57 | Mem:0.00M, Peak:0.00M | Scene, ViewLayer | Synchronizing object | Cylinder.032
Fra:1 Mem:267.63M (Peak 267.63M) | Time:00:00.57 | Mem:0.00M, Peak:0.00M | Scene, ViewLayer | Synchronizing object | Cylinder.033
Fra:1 Mem:267.63M (Peak 267.63M) | Time:00:00.57 | Mem:0.00M, Peak:0.00M | Scene, ViewLayer | Synchronizing object | Cylinder.034
Fra:1 Mem:267.64M (Peak 267.64M) | Time:00:00.57 | Mem:0.00M, Peak:0.00M | Scene, ViewLayer | Synchronizing object | Cylinder.035
Fra:1 Mem:267.64M (Peak 267.64M) | Time:00:00.57 | Mem:0.00M, Peak:0.00M | Scene, ViewLayer | Synchronizing object | Cylinder.036
Fra:1 Mem:267.64M (Peak 267.64M) | Time:00:00.57 | Mem:0.00M, Peak:0.00M | Scene, ViewLayer | Synchronizing object | Cylinder.037
Fra:1 Mem:267.64M (Peak 267.64M) | Time:00:00.57 | Mem:0.00M, Peak:0.00M | Scene, ViewLayer | Synchronizing object | Cylinder.038
Fra:1 Mem:267.64M (Peak 267.64M) | Time:00:00.57 | Mem:0.00M, Peak:0.00M | Scene, ViewLayer | Synchronizing object | Cylinder.039
Fra:1 Mem:267.64M (Peak 267.64M) | Time:00:00.57 | Mem:0.00M, Peak:0.00M | Scene, ViewLayer | Synchronizing object | Plane
Fra:1 Mem:267.68M (Peak 267.68M) | Time:00:00.57 | Mem:0.00M, Peak:0.00M | Scene, ViewLayer | Synchronizing object | Sphere.040
Fra:1 Mem:267.68M (Peak 267.68M) | Time:00:00.57 | Mem:0.00M, Peak:0.00M | Scene, ViewLayer | Synchronizing object | Sphere.041
Fra:1 Mem:267.77M (Peak 267.77M) | Time:00:00.57 | Mem:0.00M, Peak:0.00M | Scene, ViewLayer | Synchronizing object | Cone.054
Fra:1 Mem:267.78M (Peak 267.78M) | Time:00:00.57 | Mem:0.00M, Peak:0.00M | Scene, ViewLayer | Synchronizing object | Cone.055
Fra:1 Mem:267.78M (Peak 267.78M) | Time:00:00.57 | Mem:0.00M, Peak:0.00M | Scene, ViewLayer | Synchronizing object | Cone.056
Fra:1 Mem:267.78M (Peak 267.78M) | Time:00:00.57 | Mem:0.00M, Peak:0.00M | Scene, ViewLayer | Synchronizing object | Cylinder.040
Fra:1 Mem:267.78M (Peak 267.78M) | Time:00:00.57 | Mem:0.00M, Peak:0.00M | Scene, ViewLayer | Synchronizing object | Cylinder.041
Fra:1 Mem:267.78M (Peak 267.78M) | Time:00:00.57 | Mem:0.00M, Peak:0.00M | Scene, ViewLayer | Synchronizing object | Cylinder.042
Fra:1 Mem:267.79M (Peak 267.79M) | Time:00:00.57 | Mem:0.00M, Peak:0.00M | Scene, ViewLayer | Synchronizing object | Cylinder.043
Fra:1 Mem:267.79M (Peak 267.79M) | Time:00:00.57 | Mem:0.00M, Peak:0.00M | Scene, ViewLayer | Synchronizing object | Cylinder.044
Fra:1 Mem:267.79M (Peak 267.79M) | Time:00:00.57 | Mem:0.00M, Peak:0.00M | Scene, ViewLayer | Synchronizing object | Cylinder.045
Fra:1 Mem:267.79M (Peak 267.79M) | Time:00:00.57 | Mem:0.00M, Peak:0.00M | Scene, ViewLayer | Synchronizing object | Sphere.042
Fra:1 Mem:267.89M (Peak 267.89M) | Time:00:00.57 | Mem:0.00M, Peak:0.00M | Scene, ViewLayer | Synchronizing object | Torus
Fra:1 Mem:268.06M (Peak 268.06M) | Time:00:00.57 | Mem:0.00M, Peak:0.00M | Scene, ViewLayer | Synchronizing object | Cube.091
Fra:1 Mem:268.07M (Peak 268.07M) | Time:00:00.57 | Mem:0.00M, Peak:0.00M | Scene, ViewLayer | Synchronizing object | Cube.092
Fra:1 Mem:268.08M (Peak 268.08M) | Time:00:00.57 | Mem:0.00M, Peak:0.00M | Scene, ViewLayer | Synchronizing object | Cube.093
Fra:1 Mem:268.09M (Peak 268.09M) | Time:00:00.57 | Mem:0.00M, Peak:0.00M | Scene, ViewLayer | Synchronizing object | Cube.094
Fra:1 Mem:268.09M (Peak 268.09M) | Time:00:00.57 | Mem:0.00M, Peak:0.00M | Scene, ViewLayer | Synchronizing object | Cube.095
Fra:1 Mem:268.10M (Peak 268.10M) | Time:00:00.57 | Mem:0.00M, Peak:0.00M | Scene, ViewLayer | Synchronizing object | Cube.096
Fra:1 Mem:268.11M (Peak 268.11M) | Time:00:00.57 | Mem:0.00M, Peak:0.00M | Scene, ViewLayer | Synchronizing object | Cube.097
Fra:1 Mem:268.12M (Peak 268.12M) | Time:00:00.57 | Mem:0.00M, Peak:0.00M | Scene, ViewLayer | Synchronizing object | Cube.098
Fra:1 Mem:268.13M (Peak 268.13M) | Time:00:00.57 | Mem:0.00M, Peak:0.00M | Scene, ViewLayer | Synchronizing object | Cube.099
Fra:1 Mem:268.14M (Peak 268.14M) | Time:00:00.57 | Mem:0.00M, Peak:0.00M | Scene, ViewLayer | Synchronizing object | Cube.100
Fra:1 Mem:268.15M (Peak 268.15M) | Time:00:00.57 | Mem:0.00M, Peak:0.00M | Scene, ViewLayer | Synchronizing object | Cube.101
Fra:1 Mem:268.16M (Peak 268.16M) | Time:00:00.57 | Mem:0.00M, Peak:0.00M | Scene, ViewLayer | Synchronizing object | Cube.102
Fra:1 Mem:268.17M (Peak 268.17M) | Time:00:00.57 | Mem:0.00M, Peak:0.00M | Scene, ViewLayer | Synchronizing object | Cube.103
Fra:1 Mem:268.17M (Peak 268.17M) | Time:00:00.57 | Mem:0.00M, Peak:0.00M | Scene, ViewLayer | Synchronizing object | Cube.104
Fra:1 Mem:268.18M (Peak 268.18M) | Time:00:00.58 | Mem:0.00M, Peak:0.00M | Scene, ViewLayer | Synchronizing object | Cube.105
Fra:1 Mem:268.19M (Peak 268.19M) | Time:00:00.58 | Mem:0.00M, Peak:0.00M | Scene, ViewLayer | Synchronizing object | Cube.106
Fra:1 Mem:268.20M (Peak 268.20M) | Time:00:00.58 | Mem:0.00M, Peak:0.00M | Scene, ViewLayer | Synchronizing object | Cube.107
Fra:1 Mem:268.21M (Peak 268.21M) | Time:00:00.58 | Mem:0.00M, Peak:0.00M | Scene, ViewLayer | Synchronizing object | Cube.108
Fra:1 Mem:268.22M (Peak 268.22M) | Time:00:00.58 | Mem:0.00M, Peak:0.00M | Scene, ViewLayer | Synchronizing object | Cube.109
Fra:1 Mem:268.23M (Peak 268.23M) | Time:00:00.58 | Mem:0.00M, Peak:0.00M | Scene, ViewLayer | Synchronizing object | Cube.110
Fra:1 Mem:268.24M (Peak 268.24M) | Time:00:00.58 | Mem:0.00M, Peak:0.00M | Scene, ViewLayer | Synchronizing object | Cube.111
Fra:1 Mem:268.24M (Peak 268.24M) | Time:00:00.58 | Mem:0.00M, Peak:0.00M | Scene, ViewLayer | Synchronizing object | Cube.112
Fra:1 Mem:268.25M (Peak 268.25M) | Time:00:00.58 | Mem:0.00M, Peak:0.00M | Scene, ViewLayer | Synchronizing object | Cube.113
Fra:1 Mem:268.26M (Peak 268.26M) | Time:00:00.58 | Mem:0.00M, Peak:0.00M | Scene, ViewLayer | Synchronizing object | Cube.114
Fra:1 Mem:268.27M (Peak 268.27M) | Time:00:00.58 | Mem:0.00M, Peak:0.00M | Scene, ViewLayer | Synchronizing object | Cube.115
Fra:1 Mem:268.29M (Peak 268.29M) | Time:00:00.58 | Mem:0.00M, Peak:0.00M | Scene, ViewLayer | Synchronizing object | Cube.116
Fra:1 Mem:268.30M (Peak 268.30M) | Time:00:00.58 | Mem:0.00M, Peak:0.00M | Scene, ViewLayer | Synchronizing object | Cube.117
Fra:1 Mem:268.30M (Peak 268.30M) | Time:00:00.58 | Mem:0.00M, Peak:0.00M | Scene, ViewLayer | Synchronizing object | Cube.118
Fra:1 Mem:268.31M (Peak 268.31M) | Time:00:00.58 | Mem:0.00M, Peak:0.00M | Scene, ViewLayer | Synchronizing object | Cube.119
Fra:1 Mem:268.32M (Peak 268.32M) | Time:00:00.58 | Mem:0.00M, Peak:0.00M | Scene, ViewLayer | Synchronizing object | Cube.120
Fra:1 Mem:268.33M (Peak 268.33M) | Time:00:00.58 | Mem:0.00M, Peak:0.00M | Scene, ViewLayer | Synchronizing object | Cube.121
Fra:1 Mem:268.34M (Peak 268.34M) | Time:00:00.58 | Mem:0.00M, Peak:0.00M | Scene, ViewLayer | Synchronizing object | Cube.122
Fra:1 Mem:268.35M (Peak 268.35M) | Time:00:00.58 | Mem:0.00M, Peak:0.00M | Scene, ViewLayer | Synchronizing object | Cube.123
Fra:1 Mem:268.36M (Peak 268.36M) | Time:00:00.58 | Mem:0.00M, Peak:0.00M | Scene, ViewLayer | Synchronizing object | Cube.124
Fra:1 Mem:268.36M (Peak 268.36M) | Time:00:00.58 | Mem:0.00M, Peak:0.00M | Scene, ViewLayer | Synchronizing object | Cube.125
Fra:1 Mem:268.37M (Peak 268.37M) | Time:00:00.58 | Mem:0.00M, Peak:0.00M | Scene, ViewLayer | Synchronizing object | Cube.126
Fra:1 Mem:268.38M (Peak 268.38M) | Time:00:00.58 | Mem:0.00M, Peak:0.00M | Scene, ViewLayer | Synchronizing object | Cube.127
Fra:1 Mem:268.39M (Peak 268.39M) | Time:00:00.58 | Mem:0.00M, Peak:0.00M | Scene, ViewLayer | Synchronizing object | Cube.128
Fra:1 Mem:268.40M (Peak 268.40M) | Time:00:00.58 | Mem:0.00M, Peak:0.00M | Scene, ViewLayer | Synchronizing object | Cube.129
Fra:1 Mem:268.41M (Peak 268.41M) | Time:00:00.58 | Mem:0.00M, Peak:0.00M | Scene, ViewLayer | Synchronizing object | Cube.130
Fra:1 Mem:268.42M (Peak 268.42M) | Time:00:00.58 | Mem:0.00M, Peak:0.00M | Scene, ViewLayer | Synchronizing object | Cube.131
Fra:1 Mem:268.42M (Peak 268.42M) | Time:00:00.58 | Mem:0.00M, Peak:0.00M | Scene, ViewLayer | Synchronizing object | Cube.132
Fra:1 Mem:268.43M (Peak 268.43M) | Time:00:00.58 | Mem:0.00M, Peak:0.00M | Scene, ViewLayer | Synchronizing object | Cube.133
Fra:1 Mem:268.44M (Peak 268.44M) | Time:00:00.58 | Mem:0.00M, Peak:0.00M | Scene, ViewLayer | Synchronizing object | Cube.134
Fra:1 Mem:268.45M (Peak 268.45M) | Time:00:00.58 | Mem:0.00M, Peak:0.00M | Scene, ViewLayer | Synchronizing object | Cube.135
Fra:1 Mem:268.46M (Peak 268.46M) | Time:00:00.58 | Mem:0.00M, Peak:0.00M | Scene, ViewLayer | Synchronizing object | Cube.136
Fra:1 Mem:268.47M (Peak 268.47M) | Time:00:00.58 | Mem:0.00M, Peak:0.00M | Scene, ViewLayer | Synchronizing object | Cube.137
Fra:1 Mem:268.48M (Peak 268.48M) | Time:00:00.58 | Mem:0.00M, Peak:0.00M | Scene, ViewLayer | Synchronizing object | Cube.138
Fra:1 Mem:268.49M (Peak 268.49M) | Time:00:00.58 | Mem:0.00M, Peak:0.00M | Scene, ViewLayer | Synchronizing object | Cube.139
Fra:1 Mem:268.49M (Peak 268.49M) | Time:00:00.58 | Mem:0.00M, Peak:0.00M | Scene, ViewLayer | Synchronizing object | Cube.140
Fra:1 Mem:268.50M (Peak 268.50M) | Time:00:00.58 | Mem:0.00M, Peak:0.00M | Scene, ViewLayer | Synchronizing object | Cube.141
Fra:1 Mem:268.51M (Peak 268.51M) | Time:00:00.58 | Mem:0.00M, Peak:0.00M | Scene, ViewLayer | Synchronizing object | Cube.142
Fra:1 Mem:268.52M (Peak 268.52M) | Time:00:00.58 | Mem:0.00M, Peak:0.00M | Scene, ViewLayer | Synchronizing object | Cube.143
Fra:1 Mem:268.53M (Peak 268.53M) | Time:00:00.58 | Mem:0.00M, Peak:0.00M | Scene, ViewLayer | Synchronizing object | Cube.144
Fra:1 Mem:268.54M (Peak 268.54M) | Time:00:00.58 | Mem:0.00M, Peak:0.00M | Scene, ViewLayer | Synchronizing object | Cube.145
Fra:1 Mem:268.55M (Peak 268.55M) | Time:00:00.58 | Mem:0.00M, Peak:0.00M | Scene, ViewLayer | Synchronizing object | Cube.146
Fra:1 Mem:268.55M (Peak 268.55M) | Time:00:00.58 | Mem:0.00M, Peak:0.00M | Scene, ViewLayer | Synchronizing object | Cube.147
Fra:1 Mem:268.56M (Peak 268.56M) | Time:00:00.58 | Mem:0.00M, Peak:0.00M | Scene, ViewLayer | Synchronizing object | Cube.148
Fra:1 Mem:268.57M (Peak 268.57M) | Time:00:00.58 | Mem:0.00M, Peak:0.00M | Scene, ViewLayer | Synchronizing object | Cube.149
Fra:1 Mem:268.58M (Peak 268.58M) | Time:00:00.58 | Mem:0.00M, Peak:0.00M | Scene, ViewLayer | Synchronizing object | Cube.150
Fra:1 Mem:268.59M (Peak 268.59M) | Time:00:00.58 | Mem:0.00M, Peak:0.00M | Scene, ViewLayer | Synchronizing object | Cube.151
Fra:1 Mem:268.60M (Peak 268.60M) | Time:00:00.58 | Mem:0.00M, Peak:0.00M | Scene, ViewLayer | Synchronizing object | Cube.152
Fra:1 Mem:268.61M (Peak 268.61M) | Time:00:00.58 | Mem:0.00M, Peak:0.00M | Scene, ViewLayer | Synchronizing object | Cube.153
Fra:1 Mem:268.62M (Peak 268.62M) | Time:00:00.58 | Mem:0.00M, Peak:0.00M | Scene, ViewLayer | Synchronizing object | Cube.154
Fra:1 Mem:268.62M (Peak 268.62M) | Time:00:00.58 | Mem:0.00M, Peak:0.00M | Scene, ViewLayer | Synchronizing object | Cube.155
Fra:1 Mem:268.63M (Peak 268.63M) | Time:00:00.58 | Mem:0.00M, Peak:0.00M | Scene, ViewLayer | Synchronizing object | Cube.156
Fra:1 Mem:268.64M (Peak 268.64M) | Time:00:00.58 | Mem:0.00M, Peak:0.00M | Scene, ViewLayer | Synchronizing object | Cube.157
Fra:1 Mem:268.65M (Peak 268.65M) | Time:00:00.58 | Mem:0.00M, Peak:0.00M | Scene, ViewLayer | Synchronizing object | Cube.158
Fra:1 Mem:268.66M (Peak 268.66M) | Time:00:00.58 | Mem:0.00M, Peak:0.00M | Scene, ViewLayer | Synchronizing object | Cube.159
Fra:1 Mem:268.67M (Peak 268.67M) | Time:00:00.58 | Mem:0.00M, Peak:0.00M | Scene, ViewLayer | Synchronizing object | Cube.160
Fra:1 Mem:268.68M (Peak 268.68M) | Time:00:00.58 | Mem:0.00M, Peak:0.00M | Scene, ViewLayer | Synchronizing object | Cube.161
Fra:1 Mem:268.69M (Peak 268.69M) | Time:00:00.58 | Mem:0.00M, Peak:0.00M | Scene, ViewLayer | Synchronizing object | Cube.162
Fra:1 Mem:268.69M (Peak 268.69M) | Time:00:00.58 | Mem:0.00M, Peak:0.00M | Scene, ViewLayer | Synchronizing object | Cube.163
Fra:1 Mem:268.70M (Peak 268.70M) | Time:00:00.58 | Mem:0.00M, Peak:0.00M | Scene, ViewLayer | Synchronizing object | Cube.164
Fra:1 Mem:268.71M (Peak 268.71M) | Time:00:00.58 | Mem:0.00M, Peak:0.00M | Scene, ViewLayer | Synchronizing object | Cube.165
Fra:1 Mem:268.72M (Peak 268.72M) | Time:00:00.58 | Mem:0.00M, Peak:0.00M | Scene, ViewLayer | Synchronizing object | Cube.166
Fra:1 Mem:268.73M (Peak 268.73M) | Time:00:00.58 | Mem:0.00M, Peak:0.00M | Scene, ViewLayer | Synchronizing object | Cube.167
Fra:1 Mem:268.74M (Peak 268.74M) | Time:00:00.58 | Mem:0.00M, Peak:0.00M | Scene, ViewLayer | Synchronizing object | Cube.168
Fra:1 Mem:268.75M (Peak 268.75M) | Time:00:00.58 | Mem:0.00M, Peak:0.00M | Scene, ViewLayer | Synchronizing object | Cube.169
Fra:1 Mem:268.75M (Peak 268.75M) | Time:00:00.58 | Mem:0.00M, Peak:0.00M | Scene, ViewLayer | Synchronizing object | Cube.170
Fra:1 Mem:268.76M (Peak 268.76M) | Time:00:00.58 | Mem:0.00M, Peak:0.00M | Scene, ViewLayer | Synchronizing object | Cube.171
Fra:1 Mem:268.77M (Peak 268.77M) | Time:00:00.58 | Mem:0.00M, Peak:0.00M | Scene, ViewLayer | Synchronizing object | Cube.172
Fra:1 Mem:268.78M (Peak 268.78M) | Time:00:00.58 | Mem:0.00M, Peak:0.00M | Scene, ViewLayer | Synchronizing object | Cube.173
Fra:1 Mem:268.79M (Peak 268.79M) | Time:00:00.58 | Mem:0.00M, Peak:0.00M | Scene, ViewLayer | Synchronizing object | Cube.174
Fra:1 Mem:268.80M (Peak 268.80M) | Time:00:00.58 | Mem:0.00M, Peak:0.00M | Scene, ViewLayer | Synchronizing object | Cube.175
Fra:1 Mem:268.81M (Peak 268.81M) | Time:00:00.58 | Mem:0.00M, Peak:0.00M | Scene, ViewLayer | Synchronizing object | Cube.176
Fra:1 Mem:268.81M (Peak 268.81M) | Time:00:00.58 | Mem:0.00M, Peak:0.00M | Scene, ViewLayer | Synchronizing object | Cube.177
Fra:1 Mem:268.82M (Peak 268.82M) | Time:00:00.58 | Mem:0.00M, Peak:0.00M | Scene, ViewLayer | Synchronizing object | Cube.178
Fra:1 Mem:268.83M (Peak 268.83M) | Time:00:00.58 | Mem:0.00M, Peak:0.00M | Scene, ViewLayer | Synchronizing object | Cube.179
Fra:1 Mem:268.84M (Peak 268.84M) | Time:00:00.58 | Mem:0.00M, Peak:0.00M | Scene, ViewLayer | Synchronizing object | Cube.180
Fra:1 Mem:268.85M (Peak 268.85M) | Time:00:00.58 | Mem:0.00M, Peak:0.00M | Scene, ViewLayer | Synchronizing object | Cube.181
Fra:1 Mem:268.86M (Peak 268.86M) | Time:00:00.58 | Mem:0.00M, Peak:0.00M | Scene, ViewLayer | Synchronizing object | Cube.182
Fra:1 Mem:268.87M (Peak 268.87M) | Time:00:00.58 | Mem:0.00M, Peak:0.00M | Scene, ViewLayer | Synchronizing object | Cube.183
Fra:1 Mem:268.88M (Peak 268.88M) | Time:00:00.58 | Mem:0.00M, Peak:0.00M | Scene, ViewLayer | Synchronizing object | Cube.184
Fra:1 Mem:268.88M (Peak 268.88M) | Time:00:00.58 | Mem:0.00M, Peak:0.00M | Scene, ViewLayer | Synchronizing object | Cube.185
Fra:1 Mem:268.89M (Peak 268.89M) | Time:00:00.58 | Mem:0.00M, Peak:0.00M | Scene, ViewLayer | Synchronizing object | Cube.186
Fra:1 Mem:268.90M (Peak 268.90M) | Time:00:00.58 | Mem:0.00M, Peak:0.00M | Scene, ViewLayer | Synchronizing object | Cube.187
Fra:1 Mem:268.91M (Peak 268.91M) | Time:00:00.58 | Mem:0.00M, Peak:0.00M | Scene, ViewLayer | Synchronizing object | Cube.188
Fra:1 Mem:268.92M (Peak 268.92M) | Time:00:00.58 | Mem:0.00M, Peak:0.00M | Scene, ViewLayer | Synchronizing object | Cube.189
Fra:1 Mem:268.93M (Peak 268.93M) | Time:00:00.58 | Mem:0.00M, Peak:0.00M | Scene, ViewLayer | Synchronizing object | Cube.190
Fra:1 Mem:268.94M (Peak 268.94M) | Time:00:00.58 | Mem:0.00M, Peak:0.00M | Scene, ViewLayer | Synchronizing object | Cube.191
Fra:1 Mem:268.95M (Peak 268.95M) | Time:00:00.58 | Mem:0.00M, Peak:0.00M | Scene, ViewLayer | Synchronizing object | Cube.192
Fra:1 Mem:268.95M (Peak 268.95M) | Time:00:00.59 | Mem:0.00M, Peak:0.00M | Scene, ViewLayer | Synchronizing object | Cube.193
Fra:1 Mem:268.96M (Peak 268.96M) | Time:00:00.59 | Mem:0.00M, Peak:0.00M | Scene, ViewLayer | Synchronizing object | Cube.194
Fra:1 Mem:268.97M (Peak 268.97M) | Time:00:00.59 | Mem:0.00M, Peak:0.00M | Scene, ViewLayer | Synchronizing object | Cube.195
Fra:1 Mem:268.98M (Peak 268.98M) | Time:00:00.59 | Mem:0.00M, Peak:0.00M | Scene, ViewLayer | Synchronizing object | Cube.196
Fra:1 Mem:268.99M (Peak 268.99M) | Time:00:00.59 | Mem:0.00M, Peak:0.00M | Scene, ViewLayer | Synchronizing object | Cube.197
Fra:1 Mem:269.00M (Peak 269.00M) | Time:00:00.59 | Mem:0.00M, Peak:0.00M | Scene, ViewLayer | Synchronizing object | Cube.198
Fra:1 Mem:269.01M (Peak 269.01M) | Time:00:00.59 | Mem:0.00M, Peak:0.00M | Scene, ViewLayer | Synchronizing object | Cube.199
Fra:1 Mem:269.01M (Peak 269.01M) | Time:00:00.59 | Mem:0.00M, Peak:0.00M | Scene, ViewLayer | Synchronizing object | Cube.200
Fra:1 Mem:269.02M (Peak 269.02M) | Time:00:00.59 | Mem:0.00M, Peak:0.00M | Scene, ViewLayer | Synchronizing object | Cube.201
Fra:1 Mem:269.03M (Peak 269.03M) | Time:00:00.59 | Mem:0.00M, Peak:0.00M | Scene, ViewLayer | Synchronizing object | Cube.202
Fra:1 Mem:269.04M (Peak 269.04M) | Time:00:00.59 | Mem:0.00M, Peak:0.00M | Scene, ViewLayer | Synchronizing object | Cube.203
Fra:1 Mem:269.05M (Peak 269.05M) | Time:00:00.59 | Mem:0.00M, Peak:0.00M | Scene, ViewLayer | Synchronizing object | Cube.204
Fra:1 Mem:269.06M (Peak 269.06M) | Time:00:00.59 | Mem:0.00M, Peak:0.00M | Scene, ViewLayer | Synchronizing object | Cube.205
Fra:1 Mem:269.07M (Peak 269.07M) | Time:00:00.59 | Mem:0.00M, Peak:0.00M | Scene, ViewLayer | Synchronizing object | Cube.206
Fra:1 Mem:269.08M (Peak 269.08M) | Time:00:00.59 | Mem:0.00M, Peak:0.00M | Scene, ViewLayer | Synchronizing object | Cube.207
Fra:1 Mem:269.08M (Peak 269.08M) | Time:00:00.59 | Mem:0.00M, Peak:0.00M | Scene, ViewLayer | Synchronizing object | Cube.208
Fra:1 Mem:269.09M (Peak 269.09M) | Time:00:00.59 | Mem:0.00M, Peak:0.00M | Scene, ViewLayer | Synchronizing object | Cube.209
Fra:1 Mem:269.10M (Peak 269.10M) | Time:00:00.59 | Mem:0.00M, Peak:0.00M | Scene, ViewLayer | Synchronizing object | Cube.210
Fra:1 Mem:269.11M (Peak 269.11M) | Time:00:00.59 | Mem:0.00M, Peak:0.00M | Scene, ViewLayer | Synchronizing object | Cube.211
Fra:1 Mem:269.12M (Peak 269.12M) | Time:00:00.59 | Mem:0.00M, Peak:0.00M | Scene, ViewLayer | Synchronizing object | Cube.212
Fra:1 Mem:269.13M (Peak 269.13M) | Time:00:00.59 | Mem:0.00M, Peak:0.00M | Scene, ViewLayer | Synchronizing object | Cube.213
Fra:1 Mem:269.14M (Peak 269.14M) | Time:00:00.59 | Mem:0.00M, Peak:0.00M | Scene, ViewLayer | Synchronizing object | Cube.214
Fra:1 Mem:269.15M (Peak 269.15M) | Time:00:00.59 | Mem:0.00M, Peak:0.00M | Scene, ViewLayer | Synchronizing object | Cube.215
Fra:1 Mem:269.15M (Peak 269.15M) | Time:00:00.59 | Mem:0.00M, Peak:0.00M | Scene, ViewLayer | Synchronizing object | Cube.216
Fra:1 Mem:269.16M (Peak 269.16M) | Time:00:00.59 | Mem:0.00M, Peak:0.00M | Scene, ViewLayer | Synchronizing object | Cube.217
Fra:1 Mem:269.17M (Peak 269.17M) | Time:00:00.59 | Mem:0.00M, Peak:0.00M | Scene, ViewLayer | Synchronizing object | Cube.218
Fra:1 Mem:269.18M (Peak 269.18M) | Time:00:00.59 | Mem:0.00M, Peak:0.00M | Scene, ViewLayer | Synchronizing object | Cube.219
Fra:1 Mem:269.19M (Peak 269.19M) | Time:00:00.59 | Mem:0.00M, Peak:0.00M | Scene, ViewLayer | Synchronizing object | Cube.220
Fra:1 Mem:269.20M (Peak 269.20M) | Time:00:00.59 | Mem:0.00M, Peak:0.00M | Scene, ViewLayer | Synchronizing object | Cube.221
Fra:1 Mem:269.21M (Peak 269.21M) | Time:00:00.59 | Mem:0.00M, Peak:0.00M | Scene, ViewLayer | Synchronizing object | Cube.222
Fra:1 Mem:269.21M (Peak 269.21M) | Time:00:00.59 | Mem:0.00M, Peak:0.00M | Scene, ViewLayer | Synchronizing object | Cube.223
Fra:1 Mem:269.22M (Peak 269.22M) | Time:00:00.59 | Mem:0.00M, Peak:0.00M | Scene, ViewLayer | Synchronizing object | Cube.224
Fra:1 Mem:269.23M (Peak 269.23M) | Time:00:00.59 | Mem:0.00M, Peak:0.00M | Scene, ViewLayer | Synchronizing object | Cube.225
Fra:1 Mem:269.24M (Peak 269.24M) | Time:00:00.59 | Mem:0.00M, Peak:0.00M | Scene, ViewLayer | Synchronizing object | Cube.226
Fra:1 Mem:269.25M (Peak 269.25M) | Time:00:00.59 | Mem:0.00M, Peak:0.00M | Scene, ViewLayer | Synchronizing object | Cube.227
Fra:1 Mem:269.26M (Peak 269.26M) | Time:00:00.59 | Mem:0.00M, Peak:0.00M | Scene, ViewLayer | Synchronizing object | Cube.228
Fra:1 Mem:269.27M (Peak 269.27M) | Time:00:00.59 | Mem:0.00M, Peak:0.00M | Scene, ViewLayer | Synchronizing object | Cube.229
Fra:1 Mem:269.28M (Peak 269.28M) | Time:00:00.59 | Mem:0.00M, Peak:0.00M | Scene, ViewLayer | Synchronizing object | Cube.230
Fra:1 Mem:269.28M (Peak 269.28M) | Time:00:00.59 | Mem:0.00M, Peak:0.00M | Scene, ViewLayer | Synchronizing object | Cube.231
Fra:1 Mem:269.29M (Peak 269.29M) | Time:00:00.59 | Mem:0.00M, Peak:0.00M | Scene, ViewLayer | Synchronizing object | Cube.232
Fra:1 Mem:269.30M (Peak 269.30M) | Time:00:00.59 | Mem:0.00M, Peak:0.00M | Scene, ViewLayer | Synchronizing object | Cube.233
Fra:1 Mem:269.31M (Peak 269.31M) | Time:00:00.59 | Mem:0.00M, Peak:0.00M | Scene, ViewLayer | Synchronizing object | Cube.234
Fra:1 Mem:269.32M (Peak 269.32M) | Time:00:00.59 | Mem:0.00M, Peak:0.00M | Scene, ViewLayer | Synchronizing object | Cube.235
Fra:1 Mem:269.33M (Peak 269.33M) | Time:00:00.59 | Mem:0.00M, Peak:0.00M | Scene, ViewLayer | Synchronizing object | Cube.236
Fra:1 Mem:269.34M (Peak 269.34M) | Time:00:00.60 | Mem:0.00M, Peak:0.00M | Scene, ViewLayer | Synchronizing object | Cube.237
Fra:1 Mem:269.34M (Peak 269.34M) | Time:00:00.60 | Mem:0.00M, Peak:0.00M | Scene, ViewLayer | Synchronizing object | Cube.238
Fra:1 Mem:269.35M (Peak 269.35M) | Time:00:00.60 | Mem:0.00M, Peak:0.00M | Scene, ViewLayer | Synchronizing object | Cube.239
Fra:1 Mem:269.36M (Peak 269.36M) | Time:00:00.60 | Mem:0.00M, Peak:0.00M | Scene, ViewLayer | Synchronizing object | Cube.240
Fra:1 Mem:269.37M (Peak 269.37M) | Time:00:00.60 | Mem:0.00M, Peak:0.00M | Scene, ViewLayer | Synchronizing object | Cube.241
Fra:1 Mem:269.38M (Peak 269.38M) | Time:00:00.60 | Mem:0.00M, Peak:0.00M | Scene, ViewLayer | Synchronizing object | Cube.242
Fra:1 Mem:269.39M (Peak 269.39M) | Time:00:00.60 | Mem:0.00M, Peak:0.00M | Scene, ViewLayer | Synchronizing object | Cube.243
Fra:1 Mem:269.40M (Peak 269.40M) | Time:00:00.60 | Mem:0.00M, Peak:0.00M | Scene, ViewLayer | Synchronizing object | Cube.244
Fra:1 Mem:269.41M (Peak 269.41M) | Time:00:00.60 | Mem:0.00M, Peak:0.00M | Scene, ViewLayer | Synchronizing object | Cube.245
Fra:1 Mem:269.41M (Peak 269.41M) | Time:00:00.60 | Mem:0.00M, Peak:0.00M | Scene, ViewLayer | Synchronizing object | Cube.246
Fra:1 Mem:269.42M (Peak 269.42M) | Time:00:00.60 | Mem:0.00M, Peak:0.00M | Scene, ViewLayer | Synchronizing object | Cube.247
Fra:1 Mem:269.43M (Peak 269.43M) | Time:00:00.60 | Mem:0.00M, Peak:0.00M | Scene, ViewLayer | Synchronizing object | Cube.248
Fra:1 Mem:269.44M (Peak 269.44M) | Time:00:00.60 | Mem:0.00M, Peak:0.00M | Scene, ViewLayer | Synchronizing object | Cube.249
Fra:1 Mem:269.45M (Peak 269.45M) | Time:00:00.60 | Mem:0.00M, Peak:0.00M | Scene, ViewLayer | Synchronizing object | Cube.250
Fra:1 Mem:269.46M (Peak 269.46M) | Time:00:00.60 | Mem:0.00M, Peak:0.00M | Scene, ViewLayer | Synchronizing object | Cube.251
Fra:1 Mem:269.47M (Peak 269.47M) | Time:00:00.60 | Mem:0.00M, Peak:0.00M | Scene, ViewLayer | Synchronizing object | Cube.252
Fra:1 Mem:269.47M (Peak 269.47M) | Time:00:00.60 | Mem:0.00M, Peak:0.00M | Scene, ViewLayer | Synchronizing object | Cube.253
Fra:1 Mem:269.48M (Peak 269.48M) | Time:00:00.60 | Mem:0.00M, Peak:0.00M | Scene, ViewLayer | Synchronizing object | Cube.254
Fra:1 Mem:269.49M (Peak 269.49M) | Time:00:00.60 | Mem:0.00M, Peak:0.00M | Scene, ViewLayer | Synchronizing object | Cube.255
Fra:1 Mem:269.50M (Peak 269.50M) | Time:00:00.60 | Mem:0.00M, Peak:0.00M | Scene, ViewLayer | Synchronizing object | Cube.256
Fra:1 Mem:269.51M (Peak 269.51M) | Time:00:00.60 | Mem:0.00M, Peak:0.00M | Scene, ViewLayer | Synchronizing object | Cube.257
Fra:1 Mem:269.52M (Peak 269.52M) | Time:00:00.60 | Mem:0.00M, Peak:0.00M | Scene, ViewLayer | Synchronizing object | Cube.258
Fra:1 Mem:269.53M (Peak 269.53M) | Time:00:00.60 | Mem:0.00M, Peak:0.00M | Scene, ViewLayer | Synchronizing object | Cube.259
Fra:1 Mem:269.54M (Peak 269.54M) | Time:00:00.60 | Mem:0.00M, Peak:0.00M | Scene, ViewLayer | Synchronizing object | Cube.260
Fra:1 Mem:269.54M (Peak 269.54M) | Time:00:00.60 | Mem:0.00M, Peak:0.00M | Scene, ViewLayer | Synchronizing object | Cube.261
Fra:1 Mem:269.55M (Peak 269.55M) | Time:00:00.60 | Mem:0.00M, Peak:0.00M | Scene, ViewLayer | Synchronizing object | Cube.262
Fra:1 Mem:269.56M (Peak 269.56M) | Time:00:00.60 | Mem:0.00M, Peak:0.00M | Scene, ViewLayer | Synchronizing object | Cube.263
Fra:1 Mem:269.57M (Peak 269.57M) | Time:00:00.60 | Mem:0.00M, Peak:0.00M | Scene, ViewLayer | Synchronizing object | Cube.264
Fra:1 Mem:269.58M (Peak 269.58M) | Time:00:00.60 | Mem:0.00M, Peak:0.00M | Scene, ViewLayer | Synchronizing object | Cube.265
Fra:1 Mem:269.59M (Peak 269.59M) | Time:00:00.60 | Mem:0.00M, Peak:0.00M | Scene, ViewLayer | Synchronizing object | Cube.266
Fra:1 Mem:269.60M (Peak 269.60M) | Time:00:00.60 | Mem:0.00M, Peak:0.00M | Scene, ViewLayer | Synchronizing object | Cube.267
Fra:1 Mem:269.61M (Peak 269.61M) | Time:00:00.60 | Mem:0.00M, Peak:0.00M | Scene, ViewLayer | Synchronizing object | Cube.268
Fra:1 Mem:269.61M (Peak 269.61M) | Time:00:00.60 | Mem:0.00M, Peak:0.00M | Scene, ViewLayer | Synchronizing object | Cube.269
Fra:1 Mem:269.62M (Peak 269.62M) | Time:00:00.60 | Mem:0.00M, Peak:0.00M | Scene, ViewLayer | Synchronizing object | Cube.270
Fra:1 Mem:269.63M (Peak 269.63M) | Time:00:00.60 | Mem:0.00M, Peak:0.00M | Scene, ViewLayer | Synchronizing object | Cube.271
Fra:1 Mem:269.64M (Peak 269.64M) | Time:00:00.60 | Mem:0.00M, Peak:0.00M | Scene, ViewLayer | Synchronizing object | Cube.272
Fra:1 Mem:269.65M (Peak 269.65M) | Time:00:00.60 | Mem:0.00M, Peak:0.00M | Scene, ViewLayer | Synchronizing object | Cube.273
Fra:1 Mem:269.66M (Peak 269.66M) | Time:00:00.60 | Mem:0.00M, Peak:0.00M | Scene, ViewLayer | Synchronizing object | Cube.274
Fra:1 Mem:269.67M (Peak 269.67M) | Time:00:00.60 | Mem:0.00M, Peak:0.00M | Scene, ViewLayer | Synchronizing object | Cube.275
Fra:1 Mem:269.67M (Peak 269.67M) | Time:00:00.60 | Mem:0.00M, Peak:0.00M | Scene, ViewLayer | Synchronizing object | Cube.276
Fra:1 Mem:269.68M (Peak 269.68M) | Time:00:00.60 | Mem:0.00M, Peak:0.00M | Scene, ViewLayer | Synchronizing object | Cube.277
Fra:1 Mem:269.69M (Peak 269.69M) | Time:00:00.60 | Mem:0.00M, Peak:0.00M | Scene, ViewLayer | Synchronizing object | Cube.278
Fra:1 Mem:269.70M (Peak 269.70M) | Time:00:00.60 | Mem:0.00M, Peak:0.00M | Scene, ViewLayer | Synchronizing object | Cube.279
Fra:1 Mem:269.71M (Peak 269.71M) | Time:00:00.60 | Mem:0.00M, Peak:0.00M | Scene, ViewLayer | Synchronizing object | Cube.280
Fra:1 Mem:269.72M (Peak 269.72M) | Time:00:00.60 | Mem:0.00M, Peak:0.00M | Scene, ViewLayer | Synchronizing object | Cube.281
Fra:1 Mem:269.73M (Peak 269.73M) | Time:00:00.60 | Mem:0.00M, Peak:0.00M | Scene, ViewLayer | Synchronizing object | Cube.282
Fra:1 Mem:269.74M (Peak 269.74M) | Time:00:00.60 | Mem:0.00M, Peak:0.00M | Scene, ViewLayer | Synchronizing object | Cube.283
Fra:1 Mem:269.74M (Peak 269.74M) | Time:00:00.60 | Mem:0.00M, Peak:0.00M | Scene, ViewLayer | Synchronizing object | Cube.284
Fra:1 Mem:269.75M (Peak 269.75M) | Time:00:00.60 | Mem:0.00M, Peak:0.00M | Scene, ViewLayer | Synchronizing object | Cube.285
Fra:1 Mem:269.76M (Peak 269.76M) | Time:00:00.60 | Mem:0.00M, Peak:0.00M | Scene, ViewLayer | Synchronizing object | Cube.286
Fra:1 Mem:269.77M (Peak 269.77M) | Time:00:00.60 | Mem:0.00M, Peak:0.00M | Scene, ViewLayer | Synchronizing object | Cube.287
Fra:1 Mem:269.78M (Peak 269.78M) | Time:00:00.60 | Mem:0.00M, Peak:0.00M | Scene, ViewLayer | Synchronizing object | Cube.288
Fra:1 Mem:269.79M (Peak 269.79M) | Time:00:00.60 | Mem:0.00M, Peak:0.00M | Scene, ViewLayer | Synchronizing object | Cube.289
Fra:1 Mem:269.80M (Peak 269.80M) | Time:00:00.60 | Mem:0.00M, Peak:0.00M | Scene, ViewLayer | Synchronizing object | Cube.290
Fra:1 Mem:269.80M (Peak 269.80M) | Time:00:00.60 | Mem:0.00M, Peak:0.00M | Scene, ViewLayer | Synchronizing object | Cube.291
Fra:1 Mem:269.81M (Peak 269.81M) | Time:00:00.60 | Mem:0.00M, Peak:0.00M | Scene, ViewLayer | Synchronizing object | Cube.292
Fra:1 Mem:269.82M (Peak 269.82M) | Time:00:00.60 | Mem:0.00M, Peak:0.00M | Scene, ViewLayer | Synchronizing object | Cube.293
Fra:1 Mem:269.83M (Peak 269.83M) | Time:00:00.60 | Mem:0.00M, Peak:0.00M | Scene, ViewLayer | Synchronizing object | Cube.294
Fra:1 Mem:269.84M (Peak 269.84M) | Time:00:00.60 | Mem:0.00M, Peak:0.00M | Scene, ViewLayer | Synchronizing object | Cube.295
Fra:1 Mem:269.85M (Peak 269.85M) | Time:00:00.60 | Mem:0.00M, Peak:0.00M | Scene, ViewLayer | Synchronizing object | Cube.296
Fra:1 Mem:269.86M (Peak 269.86M) | Time:00:00.60 | Mem:0.00M, Peak:0.00M | Scene, ViewLayer | Synchronizing object | Cube.297
Fra:1 Mem:269.87M (Peak 269.87M) | Time:00:00.60 | Mem:0.00M, Peak:0.00M | Scene, ViewLayer | Synchronizing object | Cube.298
Fra:1 Mem:269.87M (Peak 269.87M) | Time:00:00.60 | Mem:0.00M, Peak:0.00M | Scene, ViewLayer | Synchronizing object | Cube.299
Fra:1 Mem:269.88M (Peak 269.88M) | Time:00:00.60 | Mem:0.00M, Peak:0.00M | Scene, ViewLayer | Synchronizing object | Cube.300
Fra:1 Mem:269.89M (Peak 269.89M) | Time:00:00.60 | Mem:0.00M, Peak:0.00M | Scene, ViewLayer | Synchronizing object | Cube.301
Fra:1 Mem:269.90M (Peak 269.90M) | Time:00:00.60 | Mem:0.00M, Peak:0.00M | Scene, ViewLayer | Synchronizing object | Cube.302
Fra:1 Mem:269.91M (Peak 269.91M) | Time:00:00.60 | Mem:0.00M, Peak:0.00M | Scene, ViewLayer | Synchronizing object | Cube.303
Fra:1 Mem:269.92M (Peak 269.92M) | Time:00:00.60 | Mem:0.00M, Peak:0.00M | Scene, ViewLayer | Synchronizing object | Cube.304
Fra:1 Mem:269.93M (Peak 269.93M) | Time:00:00.60 | Mem:0.00M, Peak:0.00M | Scene, ViewLayer | Synchronizing object | Cube.305
Fra:1 Mem:269.93M (Peak 269.93M) | Time:00:00.60 | Mem:0.00M, Peak:0.00M | Scene, ViewLayer | Synchronizing object | Cube.306
Fra:1 Mem:269.94M (Peak 269.94M) | Time:00:00.60 | Mem:0.00M, Peak:0.00M | Scene, ViewLayer | Synchronizing object | Cube.307
Fra:1 Mem:269.95M (Peak 269.95M) | Time:00:00.60 | Mem:0.00M, Peak:0.00M | Scene, ViewLayer | Synchronizing object | Cube.308
Fra:1 Mem:269.96M (Peak 269.96M) | Time:00:00.60 | Mem:0.00M, Peak:0.00M | Scene, ViewLayer | Synchronizing object | Cube.309
Fra:1 Mem:269.97M (Peak 269.97M) | Time:00:00.60 | Mem:0.00M, Peak:0.00M | Scene, ViewLayer | Synchronizing object | Cube.310
Fra:1 Mem:269.98M (Peak 269.98M) | Time:00:00.60 | Mem:0.00M, Peak:0.00M | Scene, ViewLayer | Synchronizing object | Cube.311
Fra:1 Mem:269.99M (Peak 269.99M) | Time:00:00.60 | Mem:0.00M, Peak:0.00M | Scene, ViewLayer | Synchronizing object | Cube.312
Fra:1 Mem:270.00M (Peak 270.00M) | Time:00:00.60 | Mem:0.00M, Peak:0.00M | Scene, ViewLayer | Synchronizing object | Cube.313
Fra:1 Mem:270.00M (Peak 270.00M) | Time:00:00.60 | Mem:0.00M, Peak:0.00M | Scene, ViewLayer | Synchronizing object | Cube.314
Fra:1 Mem:270.01M (Peak 270.01M) | Time:00:00.60 | Mem:0.00M, Peak:0.00M | Scene, ViewLayer | Synchronizing object | Cube.315
Fra:1 Mem:270.02M (Peak 270.02M) | Time:00:00.60 | Mem:0.00M, Peak:0.00M | Scene, ViewLayer | Synchronizing object | Cube.316
Fra:1 Mem:270.03M (Peak 270.03M) | Time:00:00.60 | Mem:0.00M, Peak:0.00M | Scene, ViewLayer | Synchronizing object | Cube.317
Fra:1 Mem:270.04M (Peak 270.04M) | Time:00:00.60 | Mem:0.00M, Peak:0.00M | Scene, ViewLayer | Synchronizing object | Cube.318
Fra:1 Mem:270.05M (Peak 270.05M) | Time:00:00.60 | Mem:0.00M, Peak:0.00M | Scene, ViewLayer | Synchronizing object | Cube.319
Fra:1 Mem:270.06M (Peak 270.06M) | Time:00:00.60 | Mem:0.00M, Peak:0.00M | Scene, ViewLayer | Synchronizing object | Cube.320
Fra:1 Mem:270.06M (Peak 270.06M) | Time:00:00.60 | Mem:0.00M, Peak:0.00M | Scene, ViewLayer | Synchronizing object | Cube.321
Fra:1 Mem:270.07M (Peak 270.07M) | Time:00:00.60 | Mem:0.00M, Peak:0.00M | Scene, ViewLayer | Synchronizing object | Cube.322
Fra:1 Mem:270.08M (Peak 270.08M) | Time:00:00.60 | Mem:0.00M, Peak:0.00M | Scene, ViewLayer | Synchronizing object | Cube.323
Fra:1 Mem:270.09M (Peak 270.09M) | Time:00:00.60 | Mem:0.00M, Peak:0.00M | Scene, ViewLayer | Synchronizing object | Cube.324
Fra:1 Mem:270.10M (Peak 270.10M) | Time:00:00.60 | Mem:0.00M, Peak:0.00M | Scene, ViewLayer | Synchronizing object | Cube.325
Fra:1 Mem:270.11M (Peak 270.11M) | Time:00:00.60 | Mem:0.00M, Peak:0.00M | Scene, ViewLayer | Synchronizing object | Cube.326
Fra:1 Mem:270.12M (Peak 270.12M) | Time:00:00.60 | Mem:0.00M, Peak:0.00M | Scene, ViewLayer | Synchronizing object | Cube.327
Fra:1 Mem:270.13M (Peak 270.13M) | Time:00:00.60 | Mem:0.00M, Peak:0.00M | Scene, ViewLayer | Synchronizing object | Cube.328
Fra:1 Mem:270.13M (Peak 270.13M) | Time:00:00.60 | Mem:0.00M, Peak:0.00M | Scene, ViewLayer | Synchronizing object | Cube.329
Fra:1 Mem:270.14M (Peak 270.14M) | Time:00:00.60 | Mem:0.00M, Peak:0.00M | Scene, ViewLayer | Synchronizing object | Cube.330
Fra:1 Mem:270.15M (Peak 270.15M) | Time:00:00.60 | Mem:0.00M, Peak:0.00M | Scene, ViewLayer | Synchronizing object | Cube.331
Fra:1 Mem:270.16M (Peak 270.16M) | Time:00:00.60 | Mem:0.00M, Peak:0.00M | Scene, ViewLayer | Synchronizing object | Cube.332
Fra:1 Mem:270.17M (Peak 270.17M) | Time:00:00.60 | Mem:0.00M, Peak:0.00M | Scene, ViewLayer | Synchronizing object | Cube.333
Fra:1 Mem:270.18M (Peak 270.18M) | Time:00:00.60 | Mem:0.00M, Peak:0.00M | Scene, ViewLayer | Synchronizing object | Cube.334
Fra:1 Mem:270.19M (Peak 270.19M) | Time:00:00.60 | Mem:0.00M, Peak:0.00M | Scene, ViewLayer | Synchronizing object | Cube.335
Fra:1 Mem:270.20M (Peak 270.20M) | Time:00:00.60 | Mem:0.00M, Peak:0.00M | Scene, ViewLayer | Synchronizing object | Cube.336
Fra:1 Mem:270.20M (Peak 270.20M) | Time:00:00.60 | Mem:0.00M, Peak:0.00M | Scene, ViewLayer | Synchronizing object | Cube.337
Fra:1 Mem:270.21M (Peak 270.21M) | Time:00:00.60 | Mem:0.00M, Peak:0.00M | Scene, ViewLayer | Synchronizing object | Cube.338
Fra:1 Mem:270.22M (Peak 270.22M) | Time:00:00.60 | Mem:0.00M, Peak:0.00M | Scene, ViewLayer | Synchronizing object | Cube.339
Fra:1 Mem:270.23M (Peak 270.23M) | Time:00:00.60 | Mem:0.00M, Peak:0.00M | Scene, ViewLayer | Synchronizing object | Cube.340
Fra:1 Mem:270.24M (Peak 270.24M) | Time:00:00.60 | Mem:0.00M, Peak:0.00M | Scene, ViewLayer | Synchronizing object | Cube.341
Fra:1 Mem:270.25M (Peak 270.25M) | Time:00:00.60 | Mem:0.00M, Peak:0.00M | Scene, ViewLayer | Synchronizing object | Cube.342
Fra:1 Mem:270.26M (Peak 270.26M) | Time:00:00.61 | Mem:0.00M, Peak:0.00M | Scene, ViewLayer | Synchronizing object | Cube.343
Fra:1 Mem:270.26M (Peak 270.26M) | Time:00:00.61 | Mem:0.00M, Peak:0.00M | Scene, ViewLayer | Synchronizing object | Cube.344
Fra:1 Mem:270.27M (Peak 270.27M) | Time:00:00.61 | Mem:0.00M, Peak:0.00M | Scene, ViewLayer | Synchronizing object | Cube.345
Fra:1 Mem:270.28M (Peak 270.28M) | Time:00:00.61 | Mem:0.00M, Peak:0.00M | Scene, ViewLayer | Synchronizing object | Cube.346
Fra:1 Mem:270.29M (Peak 270.29M) | Time:00:00.61 | Mem:0.00M, Peak:0.00M | Scene, ViewLayer | Synchronizing object | Cube.347
Fra:1 Mem:270.30M (Peak 270.30M) | Time:00:00.61 | Mem:0.00M, Peak:0.00M | Scene, ViewLayer | Synchronizing object | Cube.348
Fra:1 Mem:270.31M (Peak 270.31M) | Time:00:00.61 | Mem:0.00M, Peak:0.00M | Scene, ViewLayer | Synchronizing object | Cube.349
Fra:1 Mem:270.32M (Peak 270.32M) | Time:00:00.61 | Mem:0.00M, Peak:0.00M | Scene, ViewLayer | Synchronizing object | Cube.350
Fra:1 Mem:270.32M (Peak 270.32M) | Time:00:00.61 | Mem:0.00M, Peak:0.00M | Scene, ViewLayer | Synchronizing object | Cube.351
Fra:1 Mem:270.33M (Peak 270.33M) | Time:00:00.61 | Mem:0.00M, Peak:0.00M | Scene, ViewLayer | Synchronizing object | Cube.352
Fra:1 Mem:270.34M (Peak 270.34M) | Time:00:00.61 | Mem:0.00M, Peak:0.00M | Scene, ViewLayer | Synchronizing object | Cube.353
Fra:1 Mem:270.35M (Peak 270.35M) | Time:00:00.61 | Mem:0.00M, Peak:0.00M | Scene, ViewLayer | Synchronizing object | Cube.354
Fra:1 Mem:270.36M (Peak 270.36M) | Time:00:00.61 | Mem:0.00M, Peak:0.00M | Scene, ViewLayer | Synchronizing object | Cube.355
Fra:1 Mem:270.37M (Peak 270.37M) | Time:00:00.61 | Mem:0.00M, Peak:0.00M | Scene, ViewLayer | Synchronizing object | Cube.356
Fra:1 Mem:270.38M (Peak 270.38M) | Time:00:00.61 | Mem:0.00M, Peak:0.00M | Scene, ViewLayer | Synchronizing object | Cube.357
Fra:1 Mem:270.39M (Peak 270.39M) | Time:00:00.61 | Mem:0.00M, Peak:0.00M | Scene, ViewLayer | Synchronizing object | Cube.358
Fra:1 Mem:270.40M (Peak 270.40M) | Time:00:00.61 | Mem:0.00M, Peak:0.00M | Scene, ViewLayer | Synchronizing object | Cube.359
Fra:1 Mem:270.41M (Peak 270.41M) | Time:00:00.61 | Mem:0.00M, Peak:0.00M | Scene, ViewLayer | Synchronizing object | Cube.360
Fra:1 Mem:270.42M (Peak 270.42M) | Time:00:00.61 | Mem:0.00M, Peak:0.00M | Scene, ViewLayer | Synchronizing object | Cube.361
Fra:1 Mem:270.42M (Peak 270.42M) | Time:00:00.61 | Mem:0.00M, Peak:0.00M | Scene, ViewLayer | Synchronizing object | Cube.362
Fra:1 Mem:270.43M (Peak 270.43M) | Time:00:00.61 | Mem:0.00M, Peak:0.00M | Scene, ViewLayer | Synchronizing object | Cube.363
Fra:1 Mem:270.44M (Peak 270.44M) | Time:00:00.61 | Mem:0.00M, Peak:0.00M | Scene, ViewLayer | Synchronizing object | Cube.364
Fra:1 Mem:270.45M (Peak 270.45M) | Time:00:00.61 | Mem:0.00M, Peak:0.00M | Scene, ViewLayer | Synchronizing object | Cube.365
Fra:1 Mem:270.46M (Peak 270.46M) | Time:00:00.61 | Mem:0.00M, Peak:0.00M | Scene, ViewLayer | Synchronizing object | Cube.366
Fra:1 Mem:270.47M (Peak 270.47M) | Time:00:00.61 | Mem:0.00M, Peak:0.00M | Scene, ViewLayer | Synchronizing object | Cube.367
Fra:1 Mem:270.48M (Peak 270.48M) | Time:00:00.61 | Mem:0.00M, Peak:0.00M | Scene, ViewLayer | Synchronizing object | Cube.368
Fra:1 Mem:270.48M (Peak 270.48M) | Time:00:00.61 | Mem:0.00M, Peak:0.00M | Scene, ViewLayer | Synchronizing object | Cube.369
Fra:1 Mem:270.49M (Peak 270.49M) | Time:00:00.61 | Mem:0.00M, Peak:0.00M | Scene, ViewLayer | Synchronizing object | Cube.370
Fra:1 Mem:270.50M (Peak 270.50M) | Time:00:00.61 | Mem:0.00M, Peak:0.00M | Scene, ViewLayer | Synchronizing object | Cube.371
Fra:1 Mem:270.51M (Peak 270.51M) | Time:00:00.61 | Mem:0.00M, Peak:0.00M | Scene, ViewLayer | Synchronizing object | Cube.372
Fra:1 Mem:270.52M (Peak 270.52M) | Time:00:00.61 | Mem:0.00M, Peak:0.00M | Scene, ViewLayer | Synchronizing object | Cube.373
Fra:1 Mem:270.53M (Peak 270.53M) | Time:00:00.61 | Mem:0.00M, Peak:0.00M | Scene, ViewLayer | Synchronizing object | Cube.374
Fra:1 Mem:270.54M (Peak 270.54M) | Time:00:00.61 | Mem:0.00M, Peak:0.00M | Scene, ViewLayer | Synchronizing object | Cube.375
Fra:1 Mem:270.55M (Peak 270.55M) | Time:00:00.61 | Mem:0.00M, Peak:0.00M | Scene, ViewLayer | Synchronizing object | Cube.376
Fra:1 Mem:270.55M (Peak 270.55M) | Time:00:00.61 | Mem:0.00M, Peak:0.00M | Scene, ViewLayer | Synchronizing object | Cube.377
Fra:1 Mem:270.56M (Peak 270.56M) | Time:00:00.61 | Mem:0.00M, Peak:0.00M | Scene, ViewLayer | Synchronizing object | Cube.378
Fra:1 Mem:270.57M (Peak 270.57M) | Time:00:00.61 | Mem:0.00M, Peak:0.00M | Scene, ViewLayer | Synchronizing object | Cube.379
Fra:1 Mem:270.58M (Peak 270.58M) | Time:00:00.61 | Mem:0.00M, Peak:0.00M | Scene, ViewLayer | Synchronizing object | Cube.380
Fra:1 Mem:270.59M (Peak 270.59M) | Time:00:00.61 | Mem:0.00M, Peak:0.00M | Scene, ViewLayer | Synchronizing object | Cube.381
Fra:1 Mem:270.60M (Peak 270.60M) | Time:00:00.61 | Mem:0.00M, Peak:0.00M | Scene, ViewLayer | Synchronizing object | Cube.382
Fra:1 Mem:270.61M (Peak 270.61M) | Time:00:00.61 | Mem:0.00M, Peak:0.00M | Scene, ViewLayer | Synchronizing object | Cube.383
Fra:1 Mem:270.61M (Peak 270.61M) | Time:00:00.61 | Mem:0.00M, Peak:0.00M | Scene, ViewLayer | Synchronizing object | Cube.384
Fra:1 Mem:270.62M (Peak 270.62M) | Time:00:00.61 | Mem:0.00M, Peak:0.00M | Scene, ViewLayer | Synchronizing object | Cube.385
Fra:1 Mem:270.63M (Peak 270.63M) | Time:00:00.61 | Mem:0.00M, Peak:0.00M | Scene, ViewLayer | Synchronizing object | Cube.386
Fra:1 Mem:270.64M (Peak 270.64M) | Time:00:00.61 | Mem:0.00M, Peak:0.00M | Scene, ViewLayer | Synchronizing object | Cube.387
Fra:1 Mem:270.65M (Peak 270.65M) | Time:00:00.61 | Mem:0.00M, Peak:0.00M | Scene, ViewLayer | Synchronizing object | Cube.388
Fra:1 Mem:270.66M (Peak 270.66M) | Time:00:00.61 | Mem:0.00M, Peak:0.00M | Scene, ViewLayer | Synchronizing object | Cube.389
Fra:1 Mem:270.67M (Peak 270.67M) | Time:00:00.61 | Mem:0.00M, Peak:0.00M | Scene, ViewLayer | Synchronizing object | Cube.390
Fra:1 Mem:270.68M (Peak 270.68M) | Time:00:00.61 | Mem:0.00M, Peak:0.00M | Scene, ViewLayer | Synchronizing object | Cube.391
Fra:1 Mem:270.68M (Peak 270.68M) | Time:00:00.61 | Mem:0.00M, Peak:0.00M | Scene, ViewLayer | Synchronizing object | Cube.392
Fra:1 Mem:270.69M (Peak 270.69M) | Time:00:00.61 | Mem:0.00M, Peak:0.00M | Scene, ViewLayer | Synchronizing object | Cube.393
Fra:1 Mem:270.70M (Peak 270.70M) | Time:00:00.61 | Mem:0.00M, Peak:0.00M | Scene, ViewLayer | Synchronizing object | Cube.394
Fra:1 Mem:270.71M (Peak 270.71M) | Time:00:00.61 | Mem:0.00M, Peak:0.00M | Scene, ViewLayer | Synchronizing object | Cube.395
Fra:1 Mem:270.72M (Peak 270.72M) | Time:00:00.61 | Mem:0.00M, Peak:0.00M | Scene, ViewLayer | Synchronizing object | Cube.396
Fra:1 Mem:270.73M (Peak 270.73M) | Time:00:00.61 | Mem:0.00M, Peak:0.00M | Scene, ViewLayer | Synchronizing object | Cube.397
Fra:1 Mem:270.74M (Peak 270.74M) | Time:00:00.61 | Mem:0.00M, Peak:0.00M | Scene, ViewLayer | Synchronizing object | Cube.398
Fra:1 Mem:270.74M (Peak 270.74M) | Time:00:00.61 | Mem:0.00M, Peak:0.00M | Scene, ViewLayer | Synchronizing object | Cube.399
Fra:1 Mem:270.75M (Peak 270.75M) | Time:00:00.61 | Mem:0.00M, Peak:0.00M | Scene, ViewLayer | Synchronizing object | Cube.400
Fra:1 Mem:270.76M (Peak 270.76M) | Time:00:00.61 | Mem:0.00M, Peak:0.00M | Scene, ViewLayer | Synchronizing object | Cube.401
Fra:1 Mem:270.77M (Peak 270.77M) | Time:00:00.61 | Mem:0.00M, Peak:0.00M | Scene, ViewLayer | Synchronizing object | Cube.402
Fra:1 Mem:270.78M (Peak 270.78M) | Time:00:00.61 | Mem:0.00M, Peak:0.00M | Scene, ViewLayer | Synchronizing object | Cube.403
Fra:1 Mem:270.79M (Peak 270.79M) | Time:00:00.61 | Mem:0.00M, Peak:0.00M | Scene, ViewLayer | Synchronizing object | Cube.404
Fra:1 Mem:270.80M (Peak 270.80M) | Time:00:00.61 | Mem:0.00M, Peak:0.00M | Scene, ViewLayer | Synchronizing object | Cube.405
Fra:1 Mem:270.81M (Peak 270.81M) | Time:00:00.61 | Mem:0.00M, Peak:0.00M | Scene, ViewLayer | Synchronizing object | Cube.406
Fra:1 Mem:270.81M (Peak 270.81M) | Time:00:00.61 | Mem:0.00M, Peak:0.00M | Scene, ViewLayer | Synchronizing object | Cube.407
Fra:1 Mem:270.82M (Peak 270.82M) | Time:00:00.61 | Mem:0.00M, Peak:0.00M | Scene, ViewLayer | Synchronizing object | Cube.408
Fra:1 Mem:270.83M (Peak 270.83M) | Time:00:00.61 | Mem:0.00M, Peak:0.00M | Scene, ViewLayer | Synchronizing object | Cube.409
Fra:1 Mem:270.84M (Peak 270.84M) | Time:00:00.61 | Mem:0.00M, Peak:0.00M | Scene, ViewLayer | Synchronizing object | Cube.410
Fra:1 Mem:270.85M (Peak 270.85M) | Time:00:00.61 | Mem:0.00M, Peak:0.00M | Scene, ViewLayer | Synchronizing object | Cube.411
Fra:1 Mem:270.86M (Peak 270.86M) | Time:00:00.61 | Mem:0.00M, Peak:0.00M | Scene, ViewLayer | Synchronizing object | Cube.412
Fra:1 Mem:270.87M (Peak 270.87M) | Time:00:00.61 | Mem:0.00M, Peak:0.00M | Scene, ViewLayer | Synchronizing object | Cube.413
Fra:1 Mem:270.87M (Peak 270.87M) | Time:00:00.61 | Mem:0.00M, Peak:0.00M | Scene, ViewLayer | Synchronizing object | Cube.414
Fra:1 Mem:270.88M (Peak 270.88M) | Time:00:00.61 | Mem:0.00M, Peak:0.00M | Scene, ViewLayer | Synchronizing object | Cube.415
Fra:1 Mem:270.89M (Peak 270.89M) | Time:00:00.61 | Mem:0.00M, Peak:0.00M | Scene, ViewLayer | Synchronizing object | Cube.416
Fra:1 Mem:270.90M (Peak 270.90M) | Time:00:00.61 | Mem:0.00M, Peak:0.00M | Scene, ViewLayer | Synchronizing object | Cube.417
Fra:1 Mem:270.91M (Peak 270.91M) | Time:00:00.61 | Mem:0.00M, Peak:0.00M | Scene, ViewLayer | Synchronizing object | Cube.418
Fra:1 Mem:270.92M (Peak 270.92M) | Time:00:00.61 | Mem:0.00M, Peak:0.00M | Scene, ViewLayer | Synchronizing object | Cube.419
Fra:1 Mem:270.93M (Peak 270.93M) | Time:00:00.61 | Mem:0.00M, Peak:0.00M | Scene, ViewLayer | Synchronizing object | Cube.420
Fra:1 Mem:270.94M (Peak 270.94M) | Time:00:00.61 | Mem:0.00M, Peak:0.00M | Scene, ViewLayer | Synchronizing object | Cube.421
Fra:1 Mem:270.94M (Peak 270.94M) | Time:00:00.61 | Mem:0.00M, Peak:0.00M | Scene, ViewLayer | Synchronizing object | Cube.422
Fra:1 Mem:270.95M (Peak 270.95M) | Time:00:00.61 | Mem:0.00M, Peak:0.00M | Scene, ViewLayer | Synchronizing object | Cube.423
Fra:1 Mem:270.96M (Peak 270.96M) | Time:00:00.61 | Mem:0.00M, Peak:0.00M | Scene, ViewLayer | Synchronizing object | Cube.424
Fra:1 Mem:270.97M (Peak 270.97M) | Time:00:00.61 | Mem:0.00M, Peak:0.00M | Scene, ViewLayer | Synchronizing object | Cube.425
Fra:1 Mem:270.98M (Peak 270.98M) | Time:00:00.61 | Mem:0.00M, Peak:0.00M | Scene, ViewLayer | Synchronizing object | Cube.426
Fra:1 Mem:270.99M (Peak 270.99M) | Time:00:00.61 | Mem:0.00M, Peak:0.00M | Scene, ViewLayer | Synchronizing object | Cube.427
Fra:1 Mem:271.00M (Peak 271.00M) | Time:00:00.61 | Mem:0.00M, Peak:0.00M | Scene, ViewLayer | Synchronizing object | Cube.428
Fra:1 Mem:271.00M (Peak 271.00M) | Time:00:00.61 | Mem:0.00M, Peak:0.00M | Scene, ViewLayer | Synchronizing object | Cube.429
Fra:1 Mem:271.01M (Peak 271.01M) | Time:00:00.61 | Mem:0.00M, Peak:0.00M | Scene, ViewLayer | Synchronizing object | Cube.430
Fra:1 Mem:271.02M (Peak 271.02M) | Time:00:00.61 | Mem:0.00M, Peak:0.00M | Scene, ViewLayer | Synchronizing object | Cube.431
Fra:1 Mem:271.03M (Peak 271.03M) | Time:00:00.61 | Mem:0.00M, Peak:0.00M | Scene, ViewLayer | Synchronizing object | Cube.432
Fra:1 Mem:271.04M (Peak 271.04M) | Time:00:00.61 | Mem:0.00M, Peak:0.00M | Scene, ViewLayer | Synchronizing object | Cube.433
Fra:1 Mem:271.05M (Peak 271.05M) | Time:00:00.61 | Mem:0.00M, Peak:0.00M | Scene, ViewLayer | Synchronizing object | Cube.434
Fra:1 Mem:271.06M (Peak 271.06M) | Time:00:00.61 | Mem:0.00M, Peak:0.00M | Scene, ViewLayer | Synchronizing object | Cube.435
Fra:1 Mem:271.07M (Peak 271.07M) | Time:00:00.61 | Mem:0.00M, Peak:0.00M | Scene, ViewLayer | Synchronizing object | Cube.436
Fra:1 Mem:271.07M (Peak 271.07M) | Time:00:00.61 | Mem:0.00M, Peak:0.00M | Scene, ViewLayer | Synchronizing object | Cube.437
Fra:1 Mem:271.08M (Peak 271.08M) | Time:00:00.61 | Mem:0.00M, Peak:0.00M | Scene, ViewLayer | Synchronizing object | Cube.438
Fra:1 Mem:271.09M (Peak 271.09M) | Time:00:00.61 | Mem:0.00M, Peak:0.00M | Scene, ViewLayer | Synchronizing object | Cube.439
Fra:1 Mem:271.10M (Peak 271.10M) | Time:00:00.62 | Mem:0.00M, Peak:0.00M | Scene, ViewLayer | Synchronizing object | Cube.440
Fra:1 Mem:271.11M (Peak 271.11M) | Time:00:00.62 | Mem:0.00M, Peak:0.00M | Scene, ViewLayer | Synchronizing object | Cube.441
Fra:1 Mem:271.12M (Peak 271.12M) | Time:00:00.62 | Mem:0.00M, Peak:0.00M | Scene, ViewLayer | Synchronizing object | Cube.442
Fra:1 Mem:271.13M (Peak 271.13M) | Time:00:00.62 | Mem:0.00M, Peak:0.00M | Scene, ViewLayer | Synchronizing object | Cube.443
Fra:1 Mem:271.13M (Peak 271.13M) | Time:00:00.62 | Mem:0.00M, Peak:0.00M | Scene, ViewLayer | Synchronizing object | Cube.444
Fra:1 Mem:271.14M (Peak 271.14M) | Time:00:00.62 | Mem:0.00M, Peak:0.00M | Scene, ViewLayer | Synchronizing object | Cube.445
Fra:1 Mem:271.15M (Peak 271.15M) | Time:00:00.62 | Mem:0.00M, Peak:0.00M | Scene, ViewLayer | Synchronizing object | Cube.446
Fra:1 Mem:271.16M (Peak 271.16M) | Time:00:00.62 | Mem:0.00M, Peak:0.00M | Scene, ViewLayer | Synchronizing object | Cube.447
Fra:1 Mem:271.17M (Peak 271.17M) | Time:00:00.62 | Mem:0.00M, Peak:0.00M | Scene, ViewLayer | Synchronizing object | Cube.448
Fra:1 Mem:271.18M (Peak 271.18M) | Time:00:00.62 | Mem:0.00M, Peak:0.00M | Scene, ViewLayer | Synchronizing object | Cube.449
Fra:1 Mem:271.19M (Peak 271.19M) | Time:00:00.62 | Mem:0.00M, Peak:0.00M | Scene, ViewLayer | Synchronizing object | Cube.450
Fra:1 Mem:271.20M (Peak 271.20M) | Time:00:00.62 | Mem:0.00M, Peak:0.00M | Scene, ViewLayer | Synchronizing object | Cube.451
Fra:1 Mem:271.20M (Peak 271.20M) | Time:00:00.62 | Mem:0.00M, Peak:0.00M | Scene, ViewLayer | Synchronizing object | Cube.452
Fra:1 Mem:271.21M (Peak 271.21M) | Time:00:00.62 | Mem:0.00M, Peak:0.00M | Scene, ViewLayer | Synchronizing object | Cube.453
Fra:1 Mem:271.22M (Peak 271.22M) | Time:00:00.62 | Mem:0.00M, Peak:0.00M | Scene, ViewLayer | Synchronizing object | Cube.454
Fra:1 Mem:271.23M (Peak 271.23M) | Time:00:00.62 | Mem:0.00M, Peak:0.00M | Scene, ViewLayer | Synchronizing object | Cube.455
Fra:1 Mem:271.24M (Peak 271.24M) | Time:00:00.62 | Mem:0.00M, Peak:0.00M | Scene, ViewLayer | Synchronizing object | Cube.456
Fra:1 Mem:271.25M (Peak 271.25M) | Time:00:00.62 | Mem:0.00M, Peak:0.00M | Scene, ViewLayer | Synchronizing object | Cube.457
Fra:1 Mem:271.26M (Peak 271.26M) | Time:00:00.62 | Mem:0.00M, Peak:0.00M | Scene, ViewLayer | Synchronizing object | Cube.458
Fra:1 Mem:271.26M (Peak 271.26M) | Time:00:00.62 | Mem:0.00M, Peak:0.00M | Scene, ViewLayer | Synchronizing object | Cube.459
Fra:1 Mem:271.27M (Peak 271.27M) | Time:00:00.62 | Mem:0.00M, Peak:0.00M | Scene, ViewLayer | Synchronizing object | Cube.460
Fra:1 Mem:271.28M (Peak 271.28M) | Time:00:00.62 | Mem:0.00M, Peak:0.00M | Scene, ViewLayer | Synchronizing object | Cube.461
Fra:1 Mem:271.29M (Peak 271.29M) | Time:00:00.62 | Mem:0.00M, Peak:0.00M | Scene, ViewLayer | Synchronizing object | Cube.462
Fra:1 Mem:271.30M (Peak 271.30M) | Time:00:00.62 | Mem:0.00M, Peak:0.00M | Scene, ViewLayer | Synchronizing object | Cube.463
Fra:1 Mem:271.31M (Peak 271.31M) | Time:00:00.62 | Mem:0.00M, Peak:0.00M | Scene, ViewLayer | Synchronizing object | Cube.464
Fra:1 Mem:271.32M (Peak 271.32M) | Time:00:00.62 | Mem:0.00M, Peak:0.00M | Scene, ViewLayer | Synchronizing object | Cube.465
Fra:1 Mem:271.32M (Peak 271.32M) | Time:00:00.62 | Mem:0.00M, Peak:0.00M | Scene, ViewLayer | Synchronizing object | Cube.466
Fra:1 Mem:271.33M (Peak 271.33M) | Time:00:00.62 | Mem:0.00M, Peak:0.00M | Scene, ViewLayer | Synchronizing object | Cube.467
Fra:1 Mem:271.34M (Peak 271.34M) | Time:00:00.62 | Mem:0.00M, Peak:0.00M | Scene, ViewLayer | Synchronizing object | Cube.468
Fra:1 Mem:271.35M (Peak 271.35M) | Time:00:00.62 | Mem:0.00M, Peak:0.00M | Scene, ViewLayer | Synchronizing object | Cube.469
Fra:1 Mem:271.36M (Peak 271.36M) | Time:00:00.62 | Mem:0.00M, Peak:0.00M | Scene, ViewLayer | Synchronizing object | Cube.470
Fra:1 Mem:271.37M (Peak 271.37M) | Time:00:00.62 | Mem:0.00M, Peak:0.00M | Scene, ViewLayer | Synchronizing object | Cube.471
Fra:1 Mem:271.38M (Peak 271.38M) | Time:00:00.62 | Mem:0.00M, Peak:0.00M | Scene, ViewLayer | Synchronizing object | Cube.472
Fra:1 Mem:271.39M (Peak 271.39M) | Time:00:00.62 | Mem:0.00M, Peak:0.00M | Scene, ViewLayer | Synchronizing object | Cube.473
Fra:1 Mem:271.39M (Peak 271.39M) | Time:00:00.62 | Mem:0.00M, Peak:0.00M | Scene, ViewLayer | Synchronizing object | Cube.474
Fra:1 Mem:271.40M (Peak 271.40M) | Time:00:00.62 | Mem:0.00M, Peak:0.00M | Scene, ViewLayer | Synchronizing object | Cube.475
Fra:1 Mem:271.41M (Peak 271.41M) | Time:00:00.62 | Mem:0.00M, Peak:0.00M | Scene, ViewLayer | Synchronizing object | Cube.476
Fra:1 Mem:271.42M (Peak 271.42M) | Time:00:00.62 | Mem:0.00M, Peak:0.00M | Scene, ViewLayer | Synchronizing object | Cube.477
Fra:1 Mem:271.43M (Peak 271.43M) | Time:00:00.62 | Mem:0.00M, Peak:0.00M | Scene, ViewLayer | Synchronizing object | Cube.478
Fra:1 Mem:271.44M (Peak 271.44M) | Time:00:00.62 | Mem:0.00M, Peak:0.00M | Scene, ViewLayer | Synchronizing object | Cube.479
Fra:1 Mem:271.45M (Peak 271.45M) | Time:00:00.62 | Mem:0.00M, Peak:0.00M | Scene, ViewLayer | Synchronizing object | Cube.480
Fra:1 Mem:271.45M (Peak 271.45M) | Time:00:00.62 | Mem:0.00M, Peak:0.00M | Scene, ViewLayer | Synchronizing object | Cube.481
Fra:1 Mem:271.46M (Peak 271.46M) | Time:00:00.62 | Mem:0.00M, Peak:0.00M | Scene, ViewLayer | Synchronizing object | Cube.482
Fra:1 Mem:271.47M (Peak 271.47M) | Time:00:00.62 | Mem:0.00M, Peak:0.00M | Scene, ViewLayer | Synchronizing object | Cube.483
Fra:1 Mem:271.48M (Peak 271.48M) | Time:00:00.62 | Mem:0.00M, Peak:0.00M | Scene, ViewLayer | Synchronizing object | Cube.484
Fra:1 Mem:271.49M (Peak 271.49M) | Time:00:00.62 | Mem:0.00M, Peak:0.00M | Scene, ViewLayer | Synchronizing object | Cube.485
Fra:1 Mem:271.50M (Peak 271.50M) | Time:00:00.62 | Mem:0.00M, Peak:0.00M | Scene, ViewLayer | Synchronizing object | Cube.486
Fra:1 Mem:271.51M (Peak 271.51M) | Time:00:00.62 | Mem:0.00M, Peak:0.00M | Scene, ViewLayer | Synchronizing object | Cube.487
Fra:1 Mem:271.51M (Peak 271.51M) | Time:00:00.62 | Mem:0.00M, Peak:0.00M | Scene, ViewLayer | Synchronizing object | Cube.488
Fra:1 Mem:271.52M (Peak 271.52M) | Time:00:00.62 | Mem:0.00M, Peak:0.00M | Scene, ViewLayer | Synchronizing object | Cube.489
Fra:1 Mem:271.53M (Peak 271.53M) | Time:00:00.62 | Mem:0.00M, Peak:0.00M | Scene, ViewLayer | Synchronizing object | Cube.490
Fra:1 Mem:271.54M (Peak 271.54M) | Time:00:00.62 | Mem:0.00M, Peak:0.00M | Scene, ViewLayer | Synchronizing object | Cube.491
Fra:1 Mem:271.55M (Peak 271.55M) | Time:00:00.62 | Mem:0.00M, Peak:0.00M | Scene, ViewLayer | Synchronizing object | Cube.492
Fra:1 Mem:271.56M (Peak 271.56M) | Time:00:00.62 | Mem:0.00M, Peak:0.00M | Scene, ViewLayer | Synchronizing object | Cube.493
Fra:1 Mem:271.57M (Peak 271.57M) | Time:00:00.62 | Mem:0.00M, Peak:0.00M | Scene, ViewLayer | Synchronizing object | Cube.494
Fra:1 Mem:271.58M (Peak 271.58M) | Time:00:00.62 | Mem:0.00M, Peak:0.00M | Scene, ViewLayer | Synchronizing object | Cube.495
Fra:1 Mem:271.58M (Peak 271.58M) | Time:00:00.62 | Mem:0.00M, Peak:0.00M | Scene, ViewLayer | Synchronizing object | Cube.496
Fra:1 Mem:271.59M (Peak 271.59M) | Time:00:00.62 | Mem:0.00M, Peak:0.00M | Scene, ViewLayer | Synchronizing object | Cube.497
Fra:1 Mem:271.60M (Peak 271.60M) | Time:00:00.62 | Mem:0.00M, Peak:0.00M | Scene, ViewLayer | Synchronizing object | Cube.498
Fra:1 Mem:271.61M (Peak 271.61M) | Time:00:00.62 | Mem:0.00M, Peak:0.00M | Scene, ViewLayer | Synchronizing object | Cube.499
Fra:1 Mem:271.62M (Peak 271.62M) | Time:00:00.62 | Mem:0.00M, Peak:0.00M | Scene, ViewLayer | Synchronizing object | Cube.500
Fra:1 Mem:271.63M (Peak 271.63M) | Time:00:00.62 | Mem:0.00M, Peak:0.00M | Scene, ViewLayer | Synchronizing object | Cube.501
Fra:1 Mem:271.64M (Peak 271.64M) | Time:00:00.62 | Mem:0.00M, Peak:0.00M | Scene, ViewLayer | Synchronizing object | Cube.502
Fra:1 Mem:271.65M (Peak 271.65M) | Time:00:00.62 | Mem:0.00M, Peak:0.00M | Scene, ViewLayer | Synchronizing object | Cube.503
Fra:1 Mem:271.65M (Peak 271.65M) | Time:00:00.62 | Mem:0.00M, Peak:0.00M | Scene, ViewLayer | Synchronizing object | Cube.504
Fra:1 Mem:271.66M (Peak 271.66M) | Time:00:00.62 | Mem:0.00M, Peak:0.00M | Scene, ViewLayer | Synchronizing object | Cube.505
Fra:1 Mem:271.67M (Peak 271.67M) | Time:00:00.62 | Mem:0.00M, Peak:0.00M | Scene, ViewLayer | Synchronizing object | Cube.506
Fra:1 Mem:271.68M (Peak 271.68M) | Time:00:00.62 | Mem:0.00M, Peak:0.00M | Scene, ViewLayer | Synchronizing object | Cube.507
Fra:1 Mem:271.69M (Peak 271.69M) | Time:00:00.62 | Mem:0.00M, Peak:0.00M | Scene, ViewLayer | Synchronizing object | Cube.508
Fra:1 Mem:271.70M (Peak 271.70M) | Time:00:00.62 | Mem:0.00M, Peak:0.00M | Scene, ViewLayer | Synchronizing object | Cube.509
Fra:1 Mem:271.71M (Peak 271.71M) | Time:00:00.62 | Mem:0.00M, Peak:0.00M | Scene, ViewLayer | Synchronizing object | Cube.510
Fra:1 Mem:271.71M (Peak 271.71M) | Time:00:00.62 | Mem:0.00M, Peak:0.00M | Scene, ViewLayer | Synchronizing object | Cube.511
Fra:1 Mem:271.72M (Peak 271.72M) | Time:00:00.62 | Mem:0.00M, Peak:0.00M | Scene, ViewLayer | Synchronizing object | Cube.512
Fra:1 Mem:271.73M (Peak 271.73M) | Time:00:00.62 | Mem:0.00M, Peak:0.00M | Scene, ViewLayer | Synchronizing object | Cube.513
Fra:1 Mem:271.74M (Peak 271.74M) | Time:00:00.62 | Mem:0.00M, Peak:0.00M | Scene, ViewLayer | Synchronizing object | Cube.514
Fra:1 Mem:271.75M (Peak 271.75M) | Time:00:00.62 | Mem:0.00M, Peak:0.00M | Scene, ViewLayer | Synchronizing object | Cube.515
Fra:1 Mem:271.76M (Peak 271.76M) | Time:00:00.62 | Mem:0.00M, Peak:0.00M | Scene, ViewLayer | Synchronizing object | Cube.516
Fra:1 Mem:271.77M (Peak 271.77M) | Time:00:00.62 | Mem:0.00M, Peak:0.00M | Scene, ViewLayer | Synchronizing object | Cube.517
Fra:1 Mem:271.78M (Peak 271.78M) | Time:00:00.62 | Mem:0.00M, Peak:0.00M | Scene, ViewLayer | Synchronizing object | Cube.518
Fra:1 Mem:271.78M (Peak 271.78M) | Time:00:00.62 | Mem:0.00M, Peak:0.00M | Scene, ViewLayer | Synchronizing object | Cube.519
Fra:1 Mem:271.79M (Peak 271.79M) | Time:00:00.62 | Mem:0.00M, Peak:0.00M | Scene, ViewLayer | Synchronizing object | Cube.520
Fra:1 Mem:271.80M (Peak 271.80M) | Time:00:00.62 | Mem:0.00M, Peak:0.00M | Scene, ViewLayer | Synchronizing object | Cube.521
Fra:1 Mem:271.81M (Peak 271.81M) | Time:00:00.62 | Mem:0.00M, Peak:0.00M | Scene, ViewLayer | Synchronizing object | Cube.522
Fra:1 Mem:271.82M (Peak 271.82M) | Time:00:00.62 | Mem:0.00M, Peak:0.00M | Scene, ViewLayer | Synchronizing object | Cube.523
Fra:1 Mem:271.83M (Peak 271.83M) | Time:00:00.62 | Mem:0.00M, Peak:0.00M | Scene, ViewLayer | Synchronizing object | Cube.524
Fra:1 Mem:271.84M (Peak 271.84M) | Time:00:00.62 | Mem:0.00M, Peak:0.00M | Scene, ViewLayer | Synchronizing object | Cube.525
Fra:1 Mem:271.84M (Peak 271.84M) | Time:00:00.62 | Mem:0.00M, Peak:0.00M | Scene, ViewLayer | Synchronizing object | Cube.526
Fra:1 Mem:271.85M (Peak 271.85M) | Time:00:00.62 | Mem:0.00M, Peak:0.00M | Scene, ViewLayer | Synchronizing object | Cube.527
Fra:1 Mem:271.86M (Peak 271.86M) | Time:00:00.62 | Mem:0.00M, Peak:0.00M | Scene, ViewLayer | Synchronizing object | Cube.528
Fra:1 Mem:271.87M (Peak 271.87M) | Time:00:00.62 | Mem:0.00M, Peak:0.00M | Scene, ViewLayer | Synchronizing object | Cube.529
Fra:1 Mem:271.88M (Peak 271.88M) | Time:00:00.62 | Mem:0.00M, Peak:0.00M | Scene, ViewLayer | Synchronizing object | Cube.530
Fra:1 Mem:271.89M (Peak 271.89M) | Time:00:00.62 | Mem:0.00M, Peak:0.00M | Scene, ViewLayer | Synchronizing object | Cube.531
Fra:1 Mem:271.90M (Peak 271.90M) | Time:00:00.62 | Mem:0.00M, Peak:0.00M | Scene, ViewLayer | Synchronizing object | Cube.532
Fra:1 Mem:271.91M (Peak 271.91M) | Time:00:00.62 | Mem:0.00M, Peak:0.00M | Scene, ViewLayer | Synchronizing object | Cube.533
Fra:1 Mem:271.91M (Peak 271.91M) | Time:00:00.62 | Mem:0.00M, Peak:0.00M | Scene, ViewLayer | Synchronizing object | Cube.534
Fra:1 Mem:271.92M (Peak 271.92M) | Time:00:00.62 | Mem:0.00M, Peak:0.00M | Scene, ViewLayer | Synchronizing object | Cube.535
Fra:1 Mem:271.93M (Peak 271.93M) | Time:00:00.62 | Mem:0.00M, Peak:0.00M | Scene, ViewLayer | Synchronizing object | Cube.536
Fra:1 Mem:271.94M (Peak 271.94M) | Time:00:00.63 | Mem:0.00M, Peak:0.00M | Scene, ViewLayer | Synchronizing object | Cube.537
Fra:1 Mem:271.95M (Peak 271.95M) | Time:00:00.63 | Mem:0.00M, Peak:0.00M | Scene, ViewLayer | Synchronizing object | Cube.538
Fra:1 Mem:271.96M (Peak 271.96M) | Time:00:00.63 | Mem:0.00M, Peak:0.00M | Scene, ViewLayer | Synchronizing object | Cube.539
Fra:1 Mem:271.97M (Peak 271.97M) | Time:00:00.63 | Mem:0.00M, Peak:0.00M | Scene, ViewLayer | Synchronizing object | Cube.540
Fra:1 Mem:271.97M (Peak 271.97M) | Time:00:00.63 | Mem:0.00M, Peak:0.00M | Scene, ViewLayer | Synchronizing object | Cube.541
Fra:1 Mem:271.98M (Peak 271.98M) | Time:00:00.63 | Mem:0.00M, Peak:0.00M | Scene, ViewLayer | Synchronizing object | Cube.542
Fra:1 Mem:271.99M (Peak 271.99M) | Time:00:00.63 | Mem:0.00M, Peak:0.00M | Scene, ViewLayer | Synchronizing object | Cube.543
Fra:1 Mem:272.00M (Peak 272.00M) | Time:00:00.63 | Mem:0.00M, Peak:0.00M | Scene, ViewLayer | Synchronizing object | Cube.544
Fra:1 Mem:272.01M (Peak 272.01M) | Time:00:00.63 | Mem:0.00M, Peak:0.00M | Scene, ViewLayer | Synchronizing object | Cube.545
Fra:1 Mem:272.02M (Peak 272.02M) | Time:00:00.63 | Mem:0.00M, Peak:0.00M | Scene, ViewLayer | Synchronizing object | Cube.546
Fra:1 Mem:272.12M (Peak 272.12M) | Time:00:00.63 | Mem:0.00M, Peak:0.00M | Scene, ViewLayer | Synchronizing object | Cube.547
Fra:1 Mem:272.21M (Peak 272.21M) | Time:00:00.63 | Mem:0.00M, Peak:0.00M | Scene, ViewLayer | Synchronizing object | Cube.548
Fra:1 Mem:272.31M (Peak 272.31M) | Time:00:00.63 | Mem:0.00M, Peak:0.00M | Scene, ViewLayer | Synchronizing object | Cube.549
Fra:1 Mem:272.41M (Peak 272.41M) | Time:00:00.63 | Mem:0.00M, Peak:0.00M | Scene, ViewLayer | Synchronizing object | Cube.550
Fra:1 Mem:272.51M (Peak 272.51M) | Time:00:00.63 | Mem:0.00M, Peak:0.00M | Scene, ViewLayer | Synchronizing object | Cube.551
Fra:1 Mem:272.60M (Peak 272.60M) | Time:00:00.63 | Mem:0.00M, Peak:0.00M | Scene, ViewLayer | Synchronizing object | Cube.552
Fra:1 Mem:272.61M (Peak 272.61M) | Time:00:00.63 | Mem:0.00M, Peak:0.00M | Scene, ViewLayer | Synchronizing object | Cube.553
Fra:1 Mem:272.61M (Peak 272.61M) | Time:00:00.63 | Mem:0.00M, Peak:0.00M | Scene, ViewLayer | Synchronizing object | Cube.554
Fra:1 Mem:272.61M (Peak 272.61M) | Time:00:00.63 | Mem:0.00M, Peak:0.00M | Scene, ViewLayer | Synchronizing object | Cube.555
Fra:1 Mem:272.62M (Peak 272.62M) | Time:00:00.63 | Mem:0.00M, Peak:0.00M | Scene, ViewLayer | Synchronizing object | Cube.556
Fra:1 Mem:272.62M (Peak 272.62M) | Time:00:00.63 | Mem:0.00M, Peak:0.00M | Scene, ViewLayer | Synchronizing object | Cube.557
Fra:1 Mem:272.63M (Peak 272.63M) | Time:00:00.63 | Mem:0.00M, Peak:0.00M | Scene, ViewLayer | Synchronizing object | Cube.558
Fra:1 Mem:272.63M (Peak 272.63M) | Time:00:00.63 | Mem:0.00M, Peak:0.00M | Scene, ViewLayer | Synchronizing object | Cube.559
Fra:1 Mem:272.63M (Peak 272.63M) | Time:00:00.63 | Mem:0.00M, Peak:0.00M | Scene, ViewLayer | Synchronizing object | Cube.560
Fra:1 Mem:272.63M (Peak 272.63M) | Time:00:00.63 | Mem:0.00M, Peak:0.00M | Scene, ViewLayer | Synchronizing object | Cube.561
Fra:1 Mem:272.63M (Peak 272.63M) | Time:00:00.63 | Mem:0.00M, Peak:0.00M | Scene, ViewLayer | Synchronizing object | Cube.562
Fra:1 Mem:272.63M (Peak 272.63M) | Time:00:00.63 | Mem:0.00M, Peak:0.00M | Scene, ViewLayer | Synchronizing object | Cube.563
Fra:1 Mem:272.63M (Peak 272.63M) | Time:00:00.63 | Mem:0.00M, Peak:0.00M | Scene, ViewLayer | Synchronizing object | Cube.564
Fra:1 Mem:272.64M (Peak 272.64M) | Time:00:00.63 | Mem:0.00M, Peak:0.00M | Scene, ViewLayer | Synchronizing object | Cylinder.046
Fra:1 Mem:272.64M (Peak 272.64M) | Time:00:00.63 | Mem:0.00M, Peak:0.00M | Scene, ViewLayer | Synchronizing object | Cylinder.047
Fra:1 Mem:272.64M (Peak 272.64M) | Time:00:00.63 | Mem:0.00M, Peak:0.00M | Scene, ViewLayer | Synchronizing object | Cylinder.048
Fra:1 Mem:272.64M (Peak 272.64M) | Time:00:00.63 | Mem:0.00M, Peak:0.00M | Scene, ViewLayer | Synchronizing object | Cylinder.049
Fra:1 Mem:272.64M (Peak 272.64M) | Time:00:00.63 | Mem:0.00M, Peak:0.00M | Scene, ViewLayer | Synchronizing object | Cylinder.050
Fra:1 Mem:272.64M (Peak 272.64M) | Time:00:00.63 | Mem:0.00M, Peak:0.00M | Scene, ViewLayer | Synchronizing object | Cylinder.051
Fra:1 Mem:272.65M (Peak 272.65M) | Time:00:00.63 | Mem:0.00M, Peak:0.00M | Scene, ViewLayer | Synchronizing object | Cylinder.052
Fra:1 Mem:272.65M (Peak 272.65M) | Time:00:00.63 | Mem:0.00M, Peak:0.00M | Scene, ViewLayer | Synchronizing object | Cylinder.053
Fra:1 Mem:272.65M (Peak 272.65M) | Time:00:00.63 | Mem:0.00M, Peak:0.00M | Scene, ViewLayer | Synchronizing object | Cylinder.054
Fra:1 Mem:272.65M (Peak 272.65M) | Time:00:00.63 | Mem:0.00M, Peak:0.00M | Scene, ViewLayer | Synchronizing object | Cylinder.055
Fra:1 Mem:272.65M (Peak 272.65M) | Time:00:00.63 | Mem:0.00M, Peak:0.00M | Scene, ViewLayer | Synchronizing object | Cylinder.056
Fra:1 Mem:272.65M (Peak 272.65M) | Time:00:00.63 | Mem:0.00M, Peak:0.00M | Scene, ViewLayer | Synchronizing object | Cylinder.057
Fra:1 Mem:272.65M (Peak 272.65M) | Time:00:00.63 | Mem:0.00M, Peak:0.00M | Scene, ViewLayer | Synchronizing object | Cylinder.058
Fra:1 Mem:272.66M (Peak 272.66M) | Time:00:00.63 | Mem:0.00M, Peak:0.00M | Scene, ViewLayer | Synchronizing object | Cylinder.059
Fra:1 Mem:272.66M (Peak 272.66M) | Time:00:00.63 | Mem:0.00M, Peak:0.00M | Scene, ViewLayer | Synchronizing object | Cylinder.060
Fra:1 Mem:272.66M (Peak 272.66M) | Time:00:00.63 | Mem:0.00M, Peak:0.00M | Scene, ViewLayer | Synchronizing object | Cylinder.061
Fra:1 Mem:272.67M (Peak 272.67M) | Time:00:00.63 | Mem:0.00M, Peak:0.00M | Scene, ViewLayer | Synchronizing object | Cylinder.062
Fra:1 Mem:272.67M (Peak 272.67M) | Time:00:00.63 | Mem:0.00M, Peak:0.00M | Scene, ViewLayer | Synchronizing object | Cylinder.063
Fra:1 Mem:272.67M (Peak 272.67M) | Time:00:00.63 | Mem:0.00M, Peak:0.00M | Scene, ViewLayer | Synchronizing object | Cylinder.064
Fra:1 Mem:272.67M (Peak 272.67M) | Time:00:00.63 | Mem:0.00M, Peak:0.00M | Scene, ViewLayer | Synchronizing object | Cylinder.065
Fra:1 Mem:272.67M (Peak 272.67M) | Time:00:00.63 | Mem:0.00M, Peak:0.00M | Scene, ViewLayer | Synchronizing object | Cylinder.066
Fra:1 Mem:272.67M (Peak 272.67M) | Time:00:00.63 | Mem:0.00M, Peak:0.00M | Scene, ViewLayer | Synchronizing object | Cylinder.067
Fra:1 Mem:272.67M (Peak 272.67M) | Time:00:00.63 | Mem:0.00M, Peak:0.00M | Scene, ViewLayer | Synchronizing object | Cylinder.068
Fra:1 Mem:272.68M (Peak 272.68M) | Time:00:00.63 | Mem:0.00M, Peak:0.00M | Scene, ViewLayer | Synchronizing object | Cylinder.069
Fra:1 Mem:272.68M (Peak 272.68M) | Time:00:00.63 | Mem:0.00M, Peak:0.00M | Scene, ViewLayer | Synchronizing object | Cylinder.070
Fra:1 Mem:272.68M (Peak 272.68M) | Time:00:00.63 | Mem:0.00M, Peak:0.00M | Scene, ViewLayer | Synchronizing object | Cylinder.071
Fra:1 Mem:272.68M (Peak 272.68M) | Time:00:00.63 | Mem:0.00M, Peak:0.00M | Scene, ViewLayer | Synchronizing object | Cylinder.072
Fra:1 Mem:272.68M (Peak 272.68M) | Time:00:00.63 | Mem:0.00M, Peak:0.00M | Scene, ViewLayer | Synchronizing object | Cylinder.073
Fra:1 Mem:272.68M (Peak 272.68M) | Time:00:00.63 | Mem:0.00M, Peak:0.00M | Scene, ViewLayer | Synchronizing object | Cylinder.074
Fra:1 Mem:272.69M (Peak 272.69M) | Time:00:00.63 | Mem:0.00M, Peak:0.00M | Scene, ViewLayer | Synchronizing object | Cylinder.075
Fra:1 Mem:272.69M (Peak 272.69M) | Time:00:00.63 | Mem:0.00M, Peak:0.00M | Scene, ViewLayer | Synchronizing object | Cylinder.076
Fra:1 Mem:272.69M (Peak 272.69M) | Time:00:00.63 | Mem:0.00M, Peak:0.00M | Scene, ViewLayer | Synchronizing object | Cylinder.077
Fra:1 Mem:272.69M (Peak 272.69M) | Time:00:00.63 | Mem:0.00M, Peak:0.00M | Scene, ViewLayer | Synchronizing object | Cylinder.078
Fra:1 Mem:272.70M (Peak 272.70M) | Time:00:00.64 | Mem:0.00M, Peak:0.00M | Scene, ViewLayer | Synchronizing object | Cylinder.079
Fra:1 Mem:272.70M (Peak 272.70M) | Time:00:00.64 | Mem:0.00M, Peak:0.00M | Scene, ViewLayer | Synchronizing object | Sphere.043
Fra:1 Mem:272.70M (Peak 272.70M) | Time:00:00.64 | Mem:0.00M, Peak:0.00M | Scene, ViewLayer | Synchronizing object | Sphere.044
Fra:1 Mem:272.72M (Peak 272.72M) | Time:00:00.64 | Mem:0.00M, Peak:0.00M | Scene, ViewLayer | Synchronizing object | Sphere.045
Fra:1 Mem:272.82M (Peak 272.82M) | Time:00:00.64 | Mem:0.00M, Peak:0.00M | Scene, ViewLayer | Synchronizing object | Sphere.046
Fra:1 Mem:272.92M (Peak 272.92M) | Time:00:00.64 | Mem:0.00M, Peak:0.00M | Scene, ViewLayer | Synchronizing object | Sphere.047
Fra:1 Mem:273.02M (Peak 273.02M) | Time:00:00.64 | Mem:0.00M, Peak:0.00M | Scene, ViewLayer | Synchronizing object | Sphere.048
Fra:1 Mem:273.13M (Peak 273.13M) | Time:00:00.64 | Mem:0.00M, Peak:0.00M | Scene, ViewLayer | Synchronizing object | Sphere.049
Fra:1 Mem:273.23M (Peak 273.23M) | Time:00:00.64 | Mem:0.00M, Peak:0.00M | Scene, ViewLayer | Synchronizing object | Sphere.050
Fra:1 Mem:273.33M (Peak 273.33M) | Time:00:00.64 | Mem:0.00M, Peak:0.00M | Scene, ViewLayer | Synchronizing object | Sphere.051
Fra:1 Mem:273.43M (Peak 273.43M) | Time:00:00.65 | Mem:0.00M, Peak:0.00M | Scene, ViewLayer | Synchronizing object | Sphere.052
Fra:1 Mem:273.53M (Peak 273.53M) | Time:00:00.65 | Mem:0.00M, Peak:0.00M | Scene, ViewLayer | Synchronizing object | Sphere.053
Fra:1 Mem:273.63M (Peak 273.63M) | Time:00:00.65 | Mem:0.00M, Peak:0.00M | Scene, ViewLayer | Synchronizing object | Sphere.054
Fra:1 Mem:273.73M (Peak 273.73M) | Time:00:00.65 | Mem:0.00M, Peak:0.00M | Scene, ViewLayer | Synchronizing object | Torus.001
Fra:1 Mem:273.76M (Peak 273.76M) | Time:00:00.65 | Mem:0.00M, Peak:0.00M | Scene, ViewLayer | Synchronizing object | Torus.002
Fra:1 Mem:273.79M (Peak 273.79M) | Time:00:00.65 | Mem:0.00M, Peak:0.00M | Scene, ViewLayer | Synchronizing object | Torus.003
Fra:1 Mem:273.82M (Peak 273.82M) | Time:00:00.65 | Mem:0.00M, Peak:0.00M | Scene, ViewLayer | Synchronizing object | Torus.004
Fra:1 Mem:273.76M (Peak 273.82M) | Time:00:00.65 | Mem:0.00M, Peak:0.00M | Scene, ViewLayer | Synchronizing object | Cone.057
Fra:1 Mem:273.76M (Peak 273.82M) | Time:00:00.65 | Mem:0.00M, Peak:0.00M | Scene, ViewLayer | Synchronizing object | Cube.565
Fra:1 Mem:273.77M (Peak 273.82M) | Time:00:00.65 | Mem:0.00M, Peak:0.00M | Scene, ViewLayer | Synchronizing object | Cube.566
Fra:1 Mem:273.77M (Peak 273.82M) | Time:00:00.65 | Mem:0.00M, Peak:0.00M | Scene, ViewLayer | Synchronizing object | Cube.567
Fra:1 Mem:273.77M (Peak 273.82M) | Time:00:00.66 | Mem:0.00M, Peak:0.00M | Scene, ViewLayer | Synchronizing object | Cube.568
Fra:1 Mem:273.77M (Peak 273.82M) | Time:00:00.66 | Mem:0.00M, Peak:0.00M | Scene, ViewLayer | Synchronizing object | Cube.569
Fra:1 Mem:273.78M (Peak 273.82M) | Time:00:00.66 | Mem:0.00M, Peak:0.00M | Scene, ViewLayer | Synchronizing object | Cube.570
Fra:1 Mem:273.78M (Peak 273.82M) | Time:00:00.66 | Mem:0.00M, Peak:0.00M | Scene, ViewLayer | Synchronizing object | Cube.571
Fra:1 Mem:273.78M (Peak 273.82M) | Time:00:00.66 | Mem:0.00M, Peak:0.00M | Scene, ViewLayer | Synchronizing object | Cube.572
Fra:1 Mem:273.78M (Peak 273.82M) | Time:00:00.66 | Mem:0.00M, Peak:0.00M | Scene, ViewLayer | Synchronizing object | Cube.573
Fra:1 Mem:273.78M (Peak 273.82M) | Time:00:00.66 | Mem:0.00M, Peak:0.00M | Scene, ViewLayer | Synchronizing object | Cube.574
Fra:1 Mem:273.78M (Peak 273.82M) | Time:00:00.66 | Mem:0.00M, Peak:0.00M | Scene, ViewLayer | Synchronizing object | Cylinder.080
Fra:1 Mem:273.79M (Peak 273.82M) | Time:00:00.66 | Mem:0.00M, Peak:0.00M | Scene, ViewLayer | Synchronizing object | Cylinder.081
Fra:1 Mem:273.80M (Peak 273.82M) | Time:00:00.66 | Mem:0.00M, Peak:0.00M | Scene, ViewLayer | Synchronizing object | Sphere.055
Fra:1 Mem:273.80M (Peak 273.82M) | Time:00:00.66 | Mem:0.00M, Peak:0.00M | Scene, ViewLayer | Synchronizing object | Sphere.056
Fra:1 Mem:273.81M (Peak 273.82M) | Time:00:00.66 | Mem:0.00M, Peak:0.00M | Scene, ViewLayer | Synchronizing object | Sphere.057
Fra:1 Mem:273.81M (Peak 273.82M) | Time:00:00.66 | Mem:0.00M, Peak:0.00M | Scene, ViewLayer | Synchronizing object | Sphere.058
Fra:1 Mem:273.81M (Peak 273.82M) | Time:00:00.66 | Mem:0.00M, Peak:0.00M | Scene, ViewLayer | Synchronizing object | Sphere.059
Fra:1 Mem:273.81M (Peak 273.82M) | Time:00:00.66 | Mem:0.00M, Peak:0.00M | Scene, ViewLayer | Synchronizing object | Sphere.060
Fra:1 Mem:273.82M (Peak 273.82M) | Time:00:00.66 | Mem:0.00M, Peak:0.00M | Scene, ViewLayer | Synchronizing object | Sphere.061
Fra:1 Mem:273.82M (Peak 273.82M) | Time:00:00.66 | Mem:0.00M, Peak:0.00M | Scene, ViewLayer | Synchronizing object | Sphere.062
Fra:1 Mem:273.82M (Peak 273.82M) | Time:00:00.66 | Mem:0.00M, Peak:0.00M | Scene, ViewLayer | Synchronizing object | Sphere.063
Fra:1 Mem:273.82M (Peak 273.82M) | Time:00:00.66 | Mem:0.00M, Peak:0.00M | Scene, ViewLayer | Synchronizing object | Sphere.064
Fra:1 Mem:273.82M (Peak 273.82M) | Time:00:00.66 | Mem:0.00M, Peak:0.00M | Scene, ViewLayer | Synchronizing object | Sphere.065
Fra:1 Mem:273.83M (Peak 273.83M) | Time:00:00.66 | Mem:0.00M, Peak:0.00M | Scene, ViewLayer | Synchronizing object | Sphere.066
Fra:1 Mem:273.83M (Peak 273.83M) | Time:00:00.66 | Mem:0.00M, Peak:0.00M | Scene, ViewLayer | Synchronizing object | Sphere.067
Fra:1 Mem:273.83M (Peak 273.83M) | Time:00:00.66 | Mem:0.00M, Peak:0.00M | Scene, ViewLayer | Synchronizing object | Sphere.068
Fra:1 Mem:273.83M (Peak 273.83M) | Time:00:00.66 | Mem:0.00M, Peak:0.00M | Scene, ViewLayer | Synchronizing object | Sphere.069
Fra:1 Mem:273.84M (Peak 273.84M) | Time:00:00.66 | Mem:0.00M, Peak:0.00M | Scene, ViewLayer | Synchronizing object | Sphere.070
Fra:1 Mem:273.84M (Peak 273.84M) | Time:00:00.66 | Mem:0.00M, Peak:0.00M | Scene, ViewLayer | Synchronizing object | Sphere.071
Fra:1 Mem:273.84M (Peak 273.84M) | Time:00:00.66 | Mem:0.00M, Peak:0.00M | Scene, ViewLayer | Synchronizing object | Sphere.072
Fra:1 Mem:273.84M (Peak 273.84M) | Time:00:00.66 | Mem:0.00M, Peak:0.00M | Scene, ViewLayer | Synchronizing object | Sphere.073
Fra:1 Mem:273.85M (Peak 273.85M) | Time:00:00.66 | Mem:0.00M, Peak:0.00M | Scene, ViewLayer | Synchronizing object | Sphere.074
Fra:1 Mem:273.85M (Peak 273.85M) | Time:00:00.66 | Mem:0.00M, Peak:0.00M | Scene, ViewLayer | Synchronizing object | Sphere.075
Fra:1 Mem:273.85M (Peak 273.85M) | Time:00:00.66 | Mem:0.00M, Peak:0.00M | Scene, ViewLayer | Synchronizing object | Sphere.076
Fra:1 Mem:273.85M (Peak 273.85M) | Time:00:00.66 | Mem:0.00M, Peak:0.00M | Scene, ViewLayer | Synchronizing object | Sphere.077
Fra:1 Mem:273.85M (Peak 273.85M) | Time:00:00.66 | Mem:0.00M, Peak:0.00M | Scene, ViewLayer | Synchronizing object | Sphere.078
Fra:1 Mem:273.86M (Peak 273.86M) | Time:00:00.66 | Mem:0.00M, Peak:0.00M | Scene, ViewLayer | Synchronizing object | Sphere.079
Fra:1 Mem:273.96M (Peak 273.96M) | Time:00:00.66 | Mem:0.00M, Peak:0.00M | Scene, ViewLayer | Synchronizing object | Sphere.080
Fra:1 Mem:274.06M (Peak 274.06M) | Time:00:00.66 | Mem:0.00M, Peak:0.00M | Scene, ViewLayer | Synchronizing object | Sphere.081
Fra:1 Mem:274.16M (Peak 274.16M) | Time:00:00.66 | Mem:0.00M, Peak:0.00M | Scene, ViewLayer | Synchronizing object | Sphere.082
Fra:1 Mem:274.26M (Peak 274.26M) | Time:00:00.66 | Mem:0.00M, Peak:0.00M | Scene, ViewLayer | Synchronizing object | Sphere.083
Fra:1 Mem:274.36M (Peak 274.36M) | Time:00:00.66 | Mem:0.00M, Peak:0.00M | Scene, ViewLayer | Synchronizing object | Sphere.084
Fra:1 Mem:274.46M (Peak 274.46M) | Time:00:00.67 | Mem:0.00M, Peak:0.00M | Scene, ViewLayer | Synchronizing object | Sphere.085
Fra:1 Mem:274.56M (Peak 274.56M) | Time:00:00.67 | Mem:0.00M, Peak:0.00M | Scene, ViewLayer | Synchronizing object | Sphere.086
Fra:1 Mem:274.66M (Peak 274.66M) | Time:00:00.67 | Mem:0.00M, Peak:0.00M | Scene, ViewLayer | Synchronizing object | Sphere.087
Fra:1 Mem:274.76M (Peak 274.76M) | Time:00:00.67 | Mem:0.00M, Peak:0.00M | Scene, ViewLayer | Synchronizing object | Sphere.088
Fra:1 Mem:274.87M (Peak 274.87M) | Time:00:00.67 | Mem:0.00M, Peak:0.00M | Scene, ViewLayer | Synchronizing object | Torus.005
Fra:1 Mem:274.89M (Peak 274.89M) | Time:00:00.67 | Mem:0.00M, Peak:0.00M | Scene, ViewLayer | Synchronizing object | Torus.006
Fra:1 Mem:274.92M (Peak 274.92M) | Time:00:00.67 | Mem:0.00M, Peak:0.00M | Scene, ViewLayer | Synchronizing object | Cone.058
Fra:1 Mem:274.92M (Peak 274.92M) | Time:00:00.67 | Mem:0.00M, Peak:0.00M | Scene, ViewLayer | Synchronizing object | Cube.575
Fra:1 Mem:274.93M (Peak 274.93M) | Time:00:00.67 | Mem:0.00M, Peak:0.00M | Scene, ViewLayer | Synchronizing object | Cube.576
Fra:1 Mem:274.93M (Peak 274.93M) | Time:00:00.67 | Mem:0.00M, Peak:0.00M | Scene, ViewLayer | Synchronizing object | Cube.577
Fra:1 Mem:274.93M (Peak 274.93M) | Time:00:00.67 | Mem:0.00M, Peak:0.00M | Scene, ViewLayer | Synchronizing object | Cube.578
Fra:1 Mem:274.93M (Peak 274.93M) | Time:00:00.67 | Mem:0.00M, Peak:0.00M | Scene, ViewLayer | Synchronizing object | Cube.579
Fra:1 Mem:274.93M (Peak 274.93M) | Time:00:00.67 | Mem:0.00M, Peak:0.00M | Scene, ViewLayer | Synchronizing object | Cube.580
Fra:1 Mem:274.93M (Peak 274.93M) | Time:00:00.67 | Mem:0.00M, Peak:0.00M | Scene, ViewLayer | Synchronizing object | Cube.581
Fra:1 Mem:274.93M (Peak 274.93M) | Time:00:00.67 | Mem:0.00M, Peak:0.00M | Scene, ViewLayer | Synchronizing object | Cube.582
Fra:1 Mem:274.94M (Peak 274.94M) | Time:00:00.67 | Mem:0.00M, Peak:0.00M | Scene, ViewLayer | Synchronizing object | Cube.583
Fra:1 Mem:274.94M (Peak 274.94M) | Time:00:00.67 | Mem:0.00M, Peak:0.00M | Scene, ViewLayer | Synchronizing object | Cube.584
Fra:1 Mem:274.94M (Peak 274.94M) | Time:00:00.67 | Mem:0.00M, Peak:0.00M | Scene, ViewLayer | Synchronizing object | Cube.585
Fra:1 Mem:274.94M (Peak 274.94M) | Time:00:00.67 | Mem:0.00M, Peak:0.00M | Scene, ViewLayer | Synchronizing object | Cube.586
Fra:1 Mem:274.94M (Peak 274.94M) | Time:00:00.67 | Mem:0.00M, Peak:0.00M | Scene, ViewLayer | Synchronizing object | Sphere.089
Fra:1 Mem:274.96M (Peak 274.96M) | Time:00:00.67 | Mem:0.00M, Peak:0.00M | Scene, ViewLayer | Synchronizing object | Sphere.090
Fra:1 Mem:274.98M (Peak 274.98M) | Time:00:00.67 | Mem:0.00M, Peak:0.00M | Scene, ViewLayer | Synchronizing object | Sphere.091
Fra:1 Mem:274.99M (Peak 274.99M) | Time:00:00.67 | Mem:0.00M, Peak:0.00M | Scene, ViewLayer | Synchronizing object | Sphere.092
Fra:1 Mem:275.01M (Peak 275.01M) | Time:00:00.67 | Mem:0.00M, Peak:0.00M | Scene, ViewLayer | Synchronizing object | Sphere.093
Fra:1 Mem:275.11M (Peak 275.11M) | Time:00:00.67 | Mem:0.00M, Peak:0.00M | Scene, ViewLayer | Synchronizing object | Torus.007
Fra:1 Mem:275.14M (Peak 275.14M) | Time:00:00.67 | Mem:0.00M, Peak:0.00M | Scene, ViewLayer | Synchronizing object | Torus.008
Fra:1 Mem:275.17M (Peak 275.17M) | Time:00:00.67 | Mem:0.00M, Peak:0.00M | Scene, ViewLayer | Synchronizing object | Torus.009
Fra:1 Mem:275.20M (Peak 275.20M) | Time:00:00.67 | Mem:0.00M, Peak:0.00M | Scene, ViewLayer | Synchronizing object | Cube.587
Fra:1 Mem:275.21M (Peak 275.21M) | Time:00:00.67 | Mem:0.00M, Peak:0.00M | Scene, ViewLayer | Synchronizing object | Cube.588
Fra:1 Mem:275.21M (Peak 275.21M) | Time:00:00.67 | Mem:0.00M, Peak:0.00M | Scene, ViewLayer | Synchronizing object | Cube.589
Fra:1 Mem:275.21M (Peak 275.21M) | Time:00:00.67 | Mem:0.00M, Peak:0.00M | Scene, ViewLayer | Synchronizing object | Cube.590
Fra:1 Mem:275.21M (Peak 275.21M) | Time:00:00.67 | Mem:0.00M, Peak:0.00M | Scene, ViewLayer | Synchronizing object | Cube.591
Fra:1 Mem:275.21M (Peak 275.21M) | Time:00:00.67 | Mem:0.00M, Peak:0.00M | Scene, ViewLayer | Synchronizing object | Cube.592
Fra:1 Mem:275.21M (Peak 275.21M) | Time:00:00.67 | Mem:0.00M, Peak:0.00M | Scene, ViewLayer | Synchronizing object | Cube.593
Fra:1 Mem:275.21M (Peak 275.21M) | Time:00:00.67 | Mem:0.00M, Peak:0.00M | Scene, ViewLayer | Synchronizing object | Cube.594
Fra:1 Mem:275.22M (Peak 275.22M) | Time:00:00.67 | Mem:0.00M, Peak:0.00M | Scene, ViewLayer | Synchronizing object | Sphere.094
Fra:1 Mem:275.32M (Peak 275.32M) | Time:00:00.67 | Mem:0.00M, Peak:0.00M | Scene, ViewLayer | Synchronizing object | Cube.595
Fra:1 Mem:275.32M (Peak 275.32M) | Time:00:00.67 | Mem:0.00M, Peak:0.00M | Scene, ViewLayer | Synchronizing object | Cube.596
Fra:1 Mem:275.33M (Peak 275.33M) | Time:00:00.67 | Mem:0.00M, Peak:0.00M | Scene, ViewLayer | Synchronizing object | Cylinder.082
Fra:1 Mem:275.33M (Peak 275.33M) | Time:00:00.67 | Mem:0.00M, Peak:0.00M | Scene, ViewLayer | Synchronizing object | Sphere.095
Fra:1 Mem:275.43M (Peak 275.43M) | Time:00:00.67 | Mem:0.00M, Peak:0.00M | Scene, ViewLayer | Synchronizing object | Cube.597
Fra:1 Mem:275.44M (Peak 275.44M) | Time:00:00.67 | Mem:0.00M, Peak:0.00M | Scene, ViewLayer | Synchronizing object | Cube.598
Fra:1 Mem:275.45M (Peak 275.45M) | Time:00:00.67 | Mem:0.00M, Peak:0.00M | Scene, ViewLayer | Synchronizing object | Cube.599
Fra:1 Mem:275.46M (Peak 275.46M) | Time:00:00.67 | Mem:0.00M, Peak:0.00M | Scene, ViewLayer | Synchronizing object | Cube.600
Fra:1 Mem:275.51M (Peak 275.51M) | Time:00:00.67 | Mem:0.00M, Peak:0.00M | Scene, ViewLayer | Synchronizing object | Cube.601
Fra:1 Mem:275.52M (Peak 275.52M) | Time:00:00.67 | Mem:0.00M, Peak:0.00M | Scene, ViewLayer | Synchronizing object | Cube.602
Fra:1 Mem:275.53M (Peak 275.53M) | Time:00:00.67 | Mem:0.00M, Peak:0.00M | Scene, ViewLayer | Synchronizing object | Cube.603
Fra:1 Mem:275.54M (Peak 275.54M) | Time:00:00.67 | Mem:0.00M, Peak:0.00M | Scene, ViewLayer | Synchronizing object | Cube.604
Fra:1 Mem:275.55M (Peak 275.55M) | Time:00:00.68 | Mem:0.00M, Peak:0.00M | Scene, ViewLayer | Synchronizing object | Cube.605
Fra:1 Mem:275.56M (Peak 275.56M) | Time:00:00.68 | Mem:0.00M, Peak:0.00M | Scene, ViewLayer | Synchronizing object | Cube.606
Fra:1 Mem:275.56M (Peak 275.56M) | Time:00:00.68 | Mem:0.00M, Peak:0.00M | Scene, ViewLayer | Synchronizing object | Cube.607
Fra:1 Mem:275.57M (Peak 275.57M) | Time:00:00.68 | Mem:0.00M, Peak:0.00M | Scene, ViewLayer | Synchronizing object | Cube.608
Fra:1 Mem:275.58M (Peak 275.58M) | Time:00:00.68 | Mem:0.00M, Peak:0.00M | Scene, ViewLayer | Synchronizing object | Cube.609
Fra:1 Mem:275.59M (Peak 275.59M) | Time:00:00.68 | Mem:0.00M, Peak:0.00M | Scene, ViewLayer | Synchronizing object | Cube.610
Fra:1 Mem:275.60M (Peak 275.60M) | Time:00:00.68 | Mem:0.00M, Peak:0.00M | Scene, ViewLayer | Synchronizing object | Cube.611
Fra:1 Mem:275.61M (Peak 275.61M) | Time:00:00.68 | Mem:0.00M, Peak:0.00M | Scene, ViewLayer | Synchronizing object | Cube.612
Fra:1 Mem:275.62M (Peak 275.62M) | Time:00:00.68 | Mem:0.00M, Peak:0.00M | Scene, ViewLayer | Synchronizing object | Cube.613
Fra:1 Mem:275.63M (Peak 275.63M) | Time:00:00.68 | Mem:0.00M, Peak:0.00M | Scene, ViewLayer | Synchronizing object | Cube.614
Fra:1 Mem:275.63M (Peak 275.63M) | Time:00:00.68 | Mem:0.00M, Peak:0.00M | Scene, ViewLayer | Synchronizing object | Cube.615
Fra:1 Mem:275.64M (Peak 275.64M) | Time:00:00.68 | Mem:0.00M, Peak:0.00M | Scene, ViewLayer | Synchronizing object | Cube.616
Fra:1 Mem:275.64M (Peak 275.64M) | Time:00:00.68 | Mem:0.00M, Peak:0.00M | Scene, ViewLayer | Synchronizing object | Cylinder.083
Fra:1 Mem:275.65M (Peak 275.65M) | Time:00:00.68 | Mem:0.00M, Peak:0.00M | Scene, ViewLayer | Synchronizing object | Cylinder.084
Fra:1 Mem:275.65M (Peak 275.65M) | Time:00:00.68 | Mem:0.00M, Peak:0.00M | Scene, ViewLayer | Synchronizing object | Cylinder.085
Fra:1 Mem:275.65M (Peak 275.65M) | Time:00:00.68 | Mem:0.00M, Peak:0.00M | Scene, ViewLayer | Synchronizing object | Cylinder.086
Fra:1 Mem:275.65M (Peak 275.65M) | Time:00:00.68 | Mem:0.00M, Peak:0.00M | Scene, ViewLayer | Synchronizing object | Cylinder.087
Fra:1 Mem:275.65M (Peak 275.65M) | Time:00:00.68 | Mem:0.00M, Peak:0.00M | Scene, ViewLayer | Synchronizing object | Cylinder.088
Fra:1 Mem:275.66M (Peak 275.66M) | Time:00:00.68 | Mem:0.00M, Peak:0.00M | Scene, ViewLayer | Synchronizing object | Cylinder.089
Fra:1 Mem:275.66M (Peak 275.66M) | Time:00:00.68 | Mem:0.00M, Peak:0.00M | Scene, ViewLayer | Synchronizing object | Cylinder.090
Fra:1 Mem:275.66M (Peak 275.66M) | Time:00:00.68 | Mem:0.00M, Peak:0.00M | Scene, ViewLayer | Synchronizing object | Cylinder.091
Fra:1 Mem:275.66M (Peak 275.66M) | Time:00:00.68 | Mem:0.00M, Peak:0.00M | Scene, ViewLayer | Synchronizing object | Cylinder.092
Fra:1 Mem:275.66M (Peak 275.66M) | Time:00:00.68 | Mem:0.00M, Peak:0.00M | Scene, ViewLayer | Synchronizing object | Cylinder.093
Fra:1 Mem:275.66M (Peak 275.66M) | Time:00:00.68 | Mem:0.00M, Peak:0.00M | Scene, ViewLayer | Synchronizing object | Cylinder.094
Fra:1 Mem:275.67M (Peak 275.67M) | Time:00:00.68 | Mem:0.00M, Peak:0.00M | Scene, ViewLayer | Synchronizing object | Cylinder.095
Fra:1 Mem:275.67M (Peak 275.67M) | Time:00:00.68 | Mem:0.00M, Peak:0.00M | Scene, ViewLayer | Synchronizing object | Cylinder.096
Fra:1 Mem:275.67M (Peak 275.67M) | Time:00:00.68 | Mem:0.00M, Peak:0.00M | Scene, ViewLayer | Synchronizing object | Cylinder.097
Fra:1 Mem:275.67M (Peak 275.67M) | Time:00:00.68 | Mem:0.00M, Peak:0.00M | Scene, ViewLayer | Synchronizing object | Cylinder.098
Fra:1 Mem:275.67M (Peak 275.67M) | Time:00:00.68 | Mem:0.00M, Peak:0.00M | Scene, ViewLayer | Synchronizing object | Cylinder.099
Fra:1 Mem:275.68M (Peak 275.68M) | Time:00:00.68 | Mem:0.00M, Peak:0.00M | Scene, ViewLayer | Synchronizing object | Cylinder.100
Fra:1 Mem:275.68M (Peak 275.68M) | Time:00:00.68 | Mem:0.00M, Peak:0.00M | Scene, ViewLayer | Synchronizing object | Cylinder.101
Fra:1 Mem:275.68M (Peak 275.68M) | Time:00:00.68 | Mem:0.00M, Peak:0.00M | Scene, ViewLayer | Synchronizing object | Cylinder.102
Fra:1 Mem:275.68M (Peak 275.68M) | Time:00:00.68 | Mem:0.00M, Peak:0.00M | Scene, ViewLayer | Synchronizing object | Cylinder.103
Fra:1 Mem:275.68M (Peak 275.68M) | Time:00:00.68 | Mem:0.00M, Peak:0.00M | Scene, ViewLayer | Synchronizing object | Cylinder.104
Fra:1 Mem:275.69M (Peak 275.69M) | Time:00:00.68 | Mem:0.00M, Peak:0.00M | Scene, ViewLayer | Synchronizing object | Cylinder.105
Fra:1 Mem:275.69M (Peak 275.69M) | Time:00:00.68 | Mem:0.00M, Peak:0.00M | Scene, ViewLayer | Synchronizing object | Cylinder.106
Fra:1 Mem:275.69M (Peak 275.69M) | Time:00:00.68 | Mem:0.00M, Peak:0.00M | Scene, ViewLayer | Synchronizing object | Cylinder.107
Fra:1 Mem:275.69M (Peak 275.69M) | Time:00:00.68 | Mem:0.00M, Peak:0.00M | Scene, ViewLayer | Synchronizing object | Cylinder.108
Fra:1 Mem:275.69M (Peak 275.69M) | Time:00:00.68 | Mem:0.00M, Peak:0.00M | Scene, ViewLayer | Synchronizing object | Cylinder.109
Fra:1 Mem:275.69M (Peak 275.69M) | Time:00:00.68 | Mem:0.00M, Peak:0.00M | Scene, ViewLayer | Synchronizing object | Cylinder.110
Fra:1 Mem:275.70M (Peak 275.70M) | Time:00:00.68 | Mem:0.00M, Peak:0.00M | Scene, ViewLayer | Synchronizing object | Cylinder.111
Fra:1 Mem:275.70M (Peak 275.70M) | Time:00:00.68 | Mem:0.00M, Peak:0.00M | Scene, ViewLayer | Synchronizing object | Cylinder.112
Fra:1 Mem:275.70M (Peak 275.70M) | Time:00:00.68 | Mem:0.00M, Peak:0.00M | Scene, ViewLayer | Synchronizing object | Cylinder.113
Fra:1 Mem:275.70M (Peak 275.70M) | Time:00:00.68 | Mem:0.00M, Peak:0.00M | Scene, ViewLayer | Synchronizing object | Cylinder.114
Fra:1 Mem:275.70M (Peak 275.70M) | Time:00:00.68 | Mem:0.00M, Peak:0.00M | Scene, ViewLayer | Synchronizing object | Cylinder.115
Fra:1 Mem:275.71M (Peak 275.71M) | Time:00:00.68 | Mem:0.00M, Peak:0.00M | Scene, ViewLayer | Synchronizing object | Cylinder.116
Fra:1 Mem:275.71M (Peak 275.71M) | Time:00:00.68 | Mem:0.00M, Peak:0.00M | Scene, ViewLayer | Synchronizing object | Cylinder.117
Fra:1 Mem:275.71M (Peak 275.71M) | Time:00:00.68 | Mem:0.00M, Peak:0.00M | Scene, ViewLayer | Synchronizing object | Cylinder.118
Fra:1 Mem:275.71M (Peak 275.71M) | Time:00:00.68 | Mem:0.00M, Peak:0.00M | Scene, ViewLayer | Synchronizing object | Cylinder.119
Fra:1 Mem:275.71M (Peak 275.71M) | Time:00:00.68 | Mem:0.00M, Peak:0.00M | Scene, ViewLayer | Synchronizing object | Cylinder.120
Fra:1 Mem:275.71M (Peak 275.71M) | Time:00:00.68 | Mem:0.00M, Peak:0.00M | Scene, ViewLayer | Synchronizing object | Cylinder.121
Fra:1 Mem:275.72M (Peak 275.72M) | Time:00:00.68 | Mem:0.00M, Peak:0.00M | Scene, ViewLayer | Synchronizing object | Cylinder.122
Fra:1 Mem:275.72M (Peak 275.72M) | Time:00:00.68 | Mem:0.00M, Peak:0.00M | Scene, ViewLayer | Synchronizing object | Cylinder.123
Fra:1 Mem:275.72M (Peak 275.72M) | Time:00:00.68 | Mem:0.00M, Peak:0.00M | Scene, ViewLayer | Synchronizing object | Cylinder.124
Fra:1 Mem:275.72M (Peak 275.72M) | Time:00:00.68 | Mem:0.00M, Peak:0.00M | Scene, ViewLayer | Synchronizing object | Cylinder.125
Fra:1 Mem:275.72M (Peak 275.72M) | Time:00:00.68 | Mem:0.00M, Peak:0.00M | Scene, ViewLayer | Synchronizing object | Cylinder.126
Fra:1 Mem:275.73M (Peak 275.73M) | Time:00:00.68 | Mem:0.00M, Peak:0.00M | Scene, ViewLayer | Synchronizing object | Cylinder.127
Fra:1 Mem:275.73M (Peak 275.73M) | Time:00:00.68 | Mem:0.00M, Peak:0.00M | Scene, ViewLayer | Synchronizing object | Cylinder.128
Fra:1 Mem:275.73M (Peak 275.73M) | Time:00:00.68 | Mem:0.00M, Peak:0.00M | Scene, ViewLayer | Synchronizing object | Cylinder.129
Fra:1 Mem:275.73M (Peak 275.73M) | Time:00:00.68 | Mem:0.00M, Peak:0.00M | Scene, ViewLayer | Synchronizing object | Cylinder.130
Fra:1 Mem:275.73M (Peak 275.73M) | Time:00:00.68 | Mem:0.00M, Peak:0.00M | Scene, ViewLayer | Synchronizing object | Cylinder.131
Fra:1 Mem:275.74M (Peak 275.74M) | Time:00:00.68 | Mem:0.00M, Peak:0.00M | Scene, ViewLayer | Synchronizing object | Cylinder.132
Fra:1 Mem:275.74M (Peak 275.74M) | Time:00:00.68 | Mem:0.00M, Peak:0.00M | Scene, ViewLayer | Synchronizing object | Cylinder.133
Fra:1 Mem:275.74M (Peak 275.74M) | Time:00:00.68 | Mem:0.00M, Peak:0.00M | Scene, ViewLayer | Synchronizing object | Cylinder.134
Fra:1 Mem:275.74M (Peak 275.74M) | Time:00:00.68 | Mem:0.00M, Peak:0.00M | Scene, ViewLayer | Synchronizing object | Cylinder.135
Fra:1 Mem:275.74M (Peak 275.74M) | Time:00:00.68 | Mem:0.00M, Peak:0.00M | Scene, ViewLayer | Synchronizing object | Cylinder.136
Fra:1 Mem:275.74M (Peak 275.74M) | Time:00:00.68 | Mem:0.00M, Peak:0.00M | Scene, ViewLayer | Synchronizing object | Cylinder.137
Fra:1 Mem:275.75M (Peak 275.75M) | Time:00:00.68 | Mem:0.00M, Peak:0.00M | Scene, ViewLayer | Synchronizing object | Cylinder.138
Fra:1 Mem:275.75M (Peak 275.75M) | Time:00:00.68 | Mem:0.00M, Peak:0.00M | Scene, ViewLayer | Synchronizing object | Cylinder.139
Fra:1 Mem:275.75M (Peak 275.75M) | Time:00:00.68 | Mem:0.00M, Peak:0.00M | Scene, ViewLayer | Synchronizing object | Cylinder.140
Fra:1 Mem:275.75M (Peak 275.75M) | Time:00:00.68 | Mem:0.00M, Peak:0.00M | Scene, ViewLayer | Synchronizing object | Cylinder.141
Fra:1 Mem:275.75M (Peak 275.75M) | Time:00:00.68 | Mem:0.00M, Peak:0.00M | Scene, ViewLayer | Synchronizing object | Cylinder.142
Fra:1 Mem:275.76M (Peak 275.76M) | Time:00:00.68 | Mem:0.00M, Peak:0.00M | Scene, ViewLayer | Synchronizing object | Cylinder.143
Fra:1 Mem:275.76M (Peak 275.76M) | Time:00:00.68 | Mem:0.00M, Peak:0.00M | Scene, ViewLayer | Synchronizing object | Cylinder.144
Fra:1 Mem:275.76M (Peak 275.76M) | Time:00:00.68 | Mem:0.00M, Peak:0.00M | Scene, ViewLayer | Synchronizing object | Cylinder.145
Fra:1 Mem:275.76M (Peak 275.76M) | Time:00:00.68 | Mem:0.00M, Peak:0.00M | Scene, ViewLayer | Synchronizing object | Cylinder.146
Fra:1 Mem:275.76M (Peak 275.76M) | Time:00:00.68 | Mem:0.00M, Peak:0.00M | Scene, ViewLayer | Synchronizing object | Cylinder.147
Fra:1 Mem:275.77M (Peak 275.77M) | Time:00:00.68 | Mem:0.00M, Peak:0.00M | Scene, ViewLayer | Synchronizing object | Cylinder.148
Fra:1 Mem:275.77M (Peak 275.77M) | Time:00:00.68 | Mem:0.00M, Peak:0.00M | Scene, ViewLayer | Synchronizing object | Cylinder.149
Fra:1 Mem:275.77M (Peak 275.77M) | Time:00:00.68 | Mem:0.00M, Peak:0.00M | Scene, ViewLayer | Synchronizing object | Cylinder.150
Fra:1 Mem:275.77M (Peak 275.77M) | Time:00:00.68 | Mem:0.00M, Peak:0.00M | Scene, ViewLayer | Synchronizing object | Cylinder.151
Fra:1 Mem:275.77M (Peak 275.77M) | Time:00:00.68 | Mem:0.00M, Peak:0.00M | Scene, ViewLayer | Synchronizing object | Cylinder.152
Fra:1 Mem:275.77M (Peak 275.77M) | Time:00:00.68 | Mem:0.00M, Peak:0.00M | Scene, ViewLayer | Synchronizing object | Cylinder.153
Fra:1 Mem:275.78M (Peak 275.78M) | Time:00:00.68 | Mem:0.00M, Peak:0.00M | Scene, ViewLayer | Synchronizing object | Cylinder.154
Fra:1 Mem:275.78M (Peak 275.78M) | Time:00:00.68 | Mem:0.00M, Peak:0.00M | Scene, ViewLayer | Synchronizing object | Cylinder.155
Fra:1 Mem:275.78M (Peak 275.78M) | Time:00:00.68 | Mem:0.00M, Peak:0.00M | Scene, ViewLayer | Synchronizing object | Cylinder.156
Fra:1 Mem:275.78M (Peak 275.78M) | Time:00:00.68 | Mem:0.00M, Peak:0.00M | Scene, ViewLayer | Synchronizing object | Cylinder.157
Fra:1 Mem:275.78M (Peak 275.78M) | Time:00:00.68 | Mem:0.00M, Peak:0.00M | Scene, ViewLayer | Synchronizing object | Cylinder.158
Fra:1 Mem:275.79M (Peak 275.79M) | Time:00:00.68 | Mem:0.00M, Peak:0.00M | Scene, ViewLayer | Synchronizing object | Cylinder.159
Fra:1 Mem:275.79M (Peak 275.79M) | Time:00:00.68 | Mem:0.00M, Peak:0.00M | Scene, ViewLayer | Synchronizing object | Cylinder.160
Fra:1 Mem:275.79M (Peak 275.79M) | Time:00:00.68 | Mem:0.00M, Peak:0.00M | Scene, ViewLayer | Synchronizing object | Cylinder.161
Fra:1 Mem:275.79M (Peak 275.79M) | Time:00:00.68 | Mem:0.00M, Peak:0.00M | Scene, ViewLayer | Synchronizing object | Cylinder.162
Fra:1 Mem:275.79M (Peak 275.79M) | Time:00:00.68 | Mem:0.00M, Peak:0.00M | Scene, ViewLayer | Synchronizing object | Cylinder.163
Fra:1 Mem:275.79M (Peak 275.79M) | Time:00:00.68 | Mem:0.00M, Peak:0.00M | Scene, ViewLayer | Synchronizing object | Cylinder.164
Fra:1 Mem:275.80M (Peak 275.80M) | Time:00:00.68 | Mem:0.00M, Peak:0.00M | Scene, ViewLayer | Synchronizing object | Cylinder.165
Fra:1 Mem:275.80M (Peak 275.80M) | Time:00:00.68 | Mem:0.00M, Peak:0.00M | Scene, ViewLayer | Synchronizing object | Cylinder.166
Fra:1 Mem:275.80M (Peak 275.80M) | Time:00:00.68 | Mem:0.00M, Peak:0.00M | Scene, ViewLayer | Synchronizing object | Cylinder.167
Fra:1 Mem:275.80M (Peak 275.80M) | Time:00:00.68 | Mem:0.00M, Peak:0.00M | Scene, ViewLayer | Synchronizing object | Cylinder.168
Fra:1 Mem:275.80M (Peak 275.80M) | Time:00:00.68 | Mem:0.00M, Peak:0.00M | Scene, ViewLayer | Synchronizing object | Cylinder.169
Fra:1 Mem:275.81M (Peak 275.81M) | Time:00:00.68 | Mem:0.00M, Peak:0.00M | Scene, ViewLayer | Synchronizing object | Cylinder.170
Fra:1 Mem:275.81M (Peak 275.81M) | Time:00:00.68 | Mem:0.00M, Peak:0.00M | Scene, ViewLayer | Synchronizing object | Cylinder.171
Fra:1 Mem:275.81M (Peak 275.81M) | Time:00:00.68 | Mem:0.00M, Peak:0.00M | Scene, ViewLayer | Synchronizing object | Cylinder.172
Fra:1 Mem:275.81M (Peak 275.81M) | Time:00:00.68 | Mem:0.00M, Peak:0.00M | Scene, ViewLayer | Synchronizing object | Cylinder.173
Fra:1 Mem:275.81M (Peak 275.81M) | Time:00:00.68 | Mem:0.00M, Peak:0.00M | Scene, ViewLayer | Synchronizing object | Cylinder.174
Fra:1 Mem:275.82M (Peak 275.82M) | Time:00:00.68 | Mem:0.00M, Peak:0.00M | Scene, ViewLayer | Synchronizing object | Cylinder.175
Fra:1 Mem:275.82M (Peak 275.82M) | Time:00:00.68 | Mem:0.00M, Peak:0.00M | Scene, ViewLayer | Synchronizing object | Cylinder.176
Fra:1 Mem:275.82M (Peak 275.82M) | Time:00:00.68 | Mem:0.00M, Peak:0.00M | Scene, ViewLayer | Synchronizing object | Cylinder.177
Fra:1 Mem:275.82M (Peak 275.82M) | Time:00:00.68 | Mem:0.00M, Peak:0.00M | Scene, ViewLayer | Synchronizing object | Cylinder.178
Fra:1 Mem:275.82M (Peak 275.82M) | Time:00:00.68 | Mem:0.00M, Peak:0.00M | Scene, ViewLayer | Synchronizing object | Cylinder.179
Fra:1 Mem:275.82M (Peak 275.82M) | Time:00:00.68 | Mem:0.00M, Peak:0.00M | Scene, ViewLayer | Synchronizing object | Cylinder.180
Fra:1 Mem:275.83M (Peak 275.83M) | Time:00:00.68 | Mem:0.00M, Peak:0.00M | Scene, ViewLayer | Synchronizing object | Cylinder.181
Fra:1 Mem:275.83M (Peak 275.83M) | Time:00:00.68 | Mem:0.00M, Peak:0.00M | Scene, ViewLayer | Synchronizing object | Cylinder.182
Fra:1 Mem:275.83M (Peak 275.83M) | Time:00:00.68 | Mem:0.00M, Peak:0.00M | Scene, ViewLayer | Synchronizing object | Cylinder.183
Fra:1 Mem:275.83M (Peak 275.83M) | Time:00:00.68 | Mem:0.00M, Peak:0.00M | Scene, ViewLayer | Synchronizing object | Cylinder.184
Fra:1 Mem:275.83M (Peak 275.83M) | Time:00:00.68 | Mem:0.00M, Peak:0.00M | Scene, ViewLayer | Synchronizing object | Cylinder.185
Fra:1 Mem:275.84M (Peak 275.84M) | Time:00:00.68 | Mem:0.00M, Peak:0.00M | Scene, ViewLayer | Synchronizing object | Cylinder.186
Fra:1 Mem:275.84M (Peak 275.84M) | Time:00:00.68 | Mem:0.00M, Peak:0.00M | Scene, ViewLayer | Synchronizing object | Cylinder.187
Fra:1 Mem:275.84M (Peak 275.84M) | Time:00:00.68 | Mem:0.00M, Peak:0.00M | Scene, ViewLayer | Synchronizing object | Cylinder.188
Fra:1 Mem:275.84M (Peak 275.84M) | Time:00:00.68 | Mem:0.00M, Peak:0.00M | Scene, ViewLayer | Synchronizing object | Cylinder.189
Fra:1 Mem:275.84M (Peak 275.84M) | Time:00:00.68 | Mem:0.00M, Peak:0.00M | Scene, ViewLayer | Synchronizing object | Cylinder.190
Fra:1 Mem:275.85M (Peak 275.85M) | Time:00:00.68 | Mem:0.00M, Peak:0.00M | Scene, ViewLayer | Synchronizing object | Cylinder.191
Fra:1 Mem:275.85M (Peak 275.85M) | Time:00:00.68 | Mem:0.00M, Peak:0.00M | Scene, ViewLayer | Synchronizing object | Cylinder.192
Fra:1 Mem:275.85M (Peak 275.85M) | Time:00:00.68 | Mem:0.00M, Peak:0.00M | Scene, ViewLayer | Synchronizing object | Cylinder.193
Fra:1 Mem:275.85M (Peak 275.85M) | Time:00:00.68 | Mem:0.00M, Peak:0.00M | Scene, ViewLayer | Synchronizing object | Cylinder.194
Fra:1 Mem:275.85M (Peak 275.85M) | Time:00:00.68 | Mem:0.00M, Peak:0.00M | Scene, ViewLayer | Synchronizing object | Cylinder.195
Fra:1 Mem:275.85M (Peak 275.85M) | Time:00:00.68 | Mem:0.00M, Peak:0.00M | Scene, ViewLayer | Synchronizing object | Cylinder.196
Fra:1 Mem:275.86M (Peak 275.86M) | Time:00:00.68 | Mem:0.00M, Peak:0.00M | Scene, ViewLayer | Synchronizing object | Cylinder.197
Fra:1 Mem:275.86M (Peak 275.86M) | Time:00:00.68 | Mem:0.00M, Peak:0.00M | Scene, ViewLayer | Synchronizing object | Cylinder.198
Fra:1 Mem:275.86M (Peak 275.86M) | Time:00:00.68 | Mem:0.00M, Peak:0.00M | Scene, ViewLayer | Synchronizing object | Cylinder.199
Fra:1 Mem:275.86M (Peak 275.86M) | Time:00:00.68 | Mem:0.00M, Peak:0.00M | Scene, ViewLayer | Synchronizing object | Cylinder.200
Fra:1 Mem:275.86M (Peak 275.86M) | Time:00:00.68 | Mem:0.00M, Peak:0.00M | Scene, ViewLayer | Synchronizing object | Cylinder.201
Fra:1 Mem:275.87M (Peak 275.87M) | Time:00:00.68 | Mem:0.00M, Peak:0.00M | Scene, ViewLayer | Synchronizing object | Cylinder.202
Fra:1 Mem:275.87M (Peak 275.87M) | Time:00:00.68 | Mem:0.00M, Peak:0.00M | Scene, ViewLayer | Synchronizing object | Cylinder.203
Fra:1 Mem:275.87M (Peak 275.87M) | Time:00:00.68 | Mem:0.00M, Peak:0.00M | Scene, ViewLayer | Synchronizing object | Cylinder.204
Fra:1 Mem:275.87M (Peak 275.87M) | Time:00:00.68 | Mem:0.00M, Peak:0.00M | Scene, ViewLayer | Synchronizing object | Cylinder.205
Fra:1 Mem:275.87M (Peak 275.87M) | Time:00:00.68 | Mem:0.00M, Peak:0.00M | Scene, ViewLayer | Synchronizing object | Cylinder.206
Fra:1 Mem:275.87M (Peak 275.87M) | Time:00:00.68 | Mem:0.00M, Peak:0.00M | Scene, ViewLayer | Synchronizing object | Cylinder.207
Fra:1 Mem:275.88M (Peak 275.88M) | Time:00:00.68 | Mem:0.00M, Peak:0.00M | Scene, ViewLayer | Synchronizing object | Cylinder.208
Fra:1 Mem:275.88M (Peak 275.88M) | Time:00:00.68 | Mem:0.00M, Peak:0.00M | Scene, ViewLayer | Synchronizing object | Cylinder.209
Fra:1 Mem:275.88M (Peak 275.88M) | Time:00:00.68 | Mem:0.00M, Peak:0.00M | Scene, ViewLayer | Synchronizing object | Cylinder.210
Fra:1 Mem:275.88M (Peak 275.88M) | Time:00:00.69 | Mem:0.00M, Peak:0.00M | Scene, ViewLayer | Synchronizing object | Cylinder.211
Fra:1 Mem:275.89M (Peak 275.89M) | Time:00:00.69 | Mem:0.00M, Peak:0.00M | Scene, ViewLayer | Synchronizing object | Cylinder.212
Fra:1 Mem:275.89M (Peak 275.89M) | Time:00:00.69 | Mem:0.00M, Peak:0.00M | Scene, ViewLayer | Synchronizing object | Cylinder.213
Fra:1 Mem:275.89M (Peak 275.89M) | Time:00:00.69 | Mem:0.00M, Peak:0.00M | Scene, ViewLayer | Synchronizing object | Cylinder.214
Fra:1 Mem:275.89M (Peak 275.89M) | Time:00:00.69 | Mem:0.00M, Peak:0.00M | Scene, ViewLayer | Synchronizing object | Cylinder.215
Fra:1 Mem:275.89M (Peak 275.89M) | Time:00:00.69 | Mem:0.00M, Peak:0.00M | Scene, ViewLayer | Synchronizing object | Cylinder.216
Fra:1 Mem:275.89M (Peak 275.89M) | Time:00:00.69 | Mem:0.00M, Peak:0.00M | Scene, ViewLayer | Synchronizing object | Cylinder.217
Fra:1 Mem:275.89M (Peak 275.89M) | Time:00:00.69 | Mem:0.00M, Peak:0.00M | Scene, ViewLayer | Synchronizing object | Cylinder.218
Fra:1 Mem:275.90M (Peak 275.90M) | Time:00:00.69 | Mem:0.00M, Peak:0.00M | Scene, ViewLayer | Synchronizing object | Cylinder.219
Fra:1 Mem:275.90M (Peak 275.90M) | Time:00:00.69 | Mem:0.00M, Peak:0.00M | Scene, ViewLayer | Synchronizing object | Cylinder.220
Fra:1 Mem:275.90M (Peak 275.90M) | Time:00:00.69 | Mem:0.00M, Peak:0.00M | Scene, ViewLayer | Synchronizing object | Cylinder.221
Fra:1 Mem:275.90M (Peak 275.90M) | Time:00:00.69 | Mem:0.00M, Peak:0.00M | Scene, ViewLayer | Synchronizing object | Cylinder.222
Fra:1 Mem:275.90M (Peak 275.90M) | Time:00:00.69 | Mem:0.00M, Peak:0.00M | Scene, ViewLayer | Synchronizing object | Cylinder.223
Fra:1 Mem:275.90M (Peak 275.90M) | Time:00:00.69 | Mem:0.00M, Peak:0.00M | Scene, ViewLayer | Synchronizing object | Cylinder.224
Fra:1 Mem:275.90M (Peak 275.90M) | Time:00:00.69 | Mem:0.00M, Peak:0.00M | Scene, ViewLayer | Synchronizing object | Cylinder.225
Fra:1 Mem:275.91M (Peak 275.91M) | Time:00:00.69 | Mem:0.00M, Peak:0.00M | Scene, ViewLayer | Synchronizing object | Cylinder.226
Fra:1 Mem:275.91M (Peak 275.91M) | Time:00:00.69 | Mem:0.00M, Peak:0.00M | Scene, ViewLayer | Synchronizing object | Cylinder.227
Fra:1 Mem:275.91M (Peak 275.91M) | Time:00:00.69 | Mem:0.00M, Peak:0.00M | Scene, ViewLayer | Synchronizing object | Sphere.096
Fra:1 Mem:275.95M (Peak 275.95M) | Time:00:00.69 | Mem:0.00M, Peak:0.00M | Scene, ViewLayer | Synchronizing object | Sphere.097
Fra:1 Mem:275.97M (Peak 275.97M) | Time:00:00.69 | Mem:0.00M, Peak:0.00M | Scene, ViewLayer | Synchronizing object | Sphere.098
Fra:1 Mem:275.98M (Peak 275.98M) | Time:00:00.69 | Mem:0.00M, Peak:0.00M | Scene, ViewLayer | Synchronizing object | Sphere.099
Fra:1 Mem:276.08M (Peak 276.08M) | Time:00:00.69 | Mem:0.00M, Peak:0.00M | Scene, ViewLayer | Synchronizing object | Sphere.100
Fra:1 Mem:276.18M (Peak 276.18M) | Time:00:00.69 | Mem:0.00M, Peak:0.00M | Scene, ViewLayer | Synchronizing object | Sphere.101
Fra:1 Mem:276.29M (Peak 276.29M) | Time:00:00.69 | Mem:0.00M, Peak:0.00M | Scene, ViewLayer | Synchronizing object | Sphere.102
Fra:1 Mem:276.39M (Peak 276.39M) | Time:00:00.70 | Mem:0.00M, Peak:0.00M | Scene, ViewLayer | Synchronizing object | Sphere.103
Fra:1 Mem:276.50M (Peak 276.50M) | Time:00:00.70 | Mem:0.00M, Peak:0.00M | Scene, ViewLayer | Synchronizing object | Sphere.104
Fra:1 Mem:276.60M (Peak 276.60M) | Time:00:00.70 | Mem:0.00M, Peak:0.00M | Scene, ViewLayer | Synchronizing object | Sphere.105
Fra:1 Mem:276.70M (Peak 276.70M) | Time:00:00.70 | Mem:0.00M, Peak:0.00M | Scene, ViewLayer | Synchronizing object | Sphere.106
Fra:1 Mem:276.80M (Peak 276.80M) | Time:00:00.70 | Mem:0.00M, Peak:0.00M | Scene, ViewLayer | Synchronizing object | Sphere.107
Fra:1 Mem:276.90M (Peak 276.90M) | Time:00:00.70 | Mem:0.00M, Peak:0.00M | Scene, ViewLayer | Synchronizing object | Sphere.108
Fra:1 Mem:277.00M (Peak 277.00M) | Time:00:00.70 | Mem:0.00M, Peak:0.00M | Scene, ViewLayer | Synchronizing object | Torus.010
Fra:1 Mem:277.03M (Peak 277.03M) | Time:00:00.70 | Mem:0.00M, Peak:0.00M | Scene, ViewLayer | Synchronizing object | Torus.011
Fra:1 Mem:277.06M (Peak 277.06M) | Time:00:00.70 | Mem:0.00M, Peak:0.00M | Scene, ViewLayer | Synchronizing object | Torus.012
Fra:1 Mem:277.05M (Peak 277.06M) | Time:00:00.70 | Mem:0.00M, Peak:0.00M | Scene, ViewLayer | Synchronizing object | Cube.617
Fra:1 Mem:277.09M (Peak 277.09M) | Time:00:00.70 | Mem:0.00M, Peak:0.00M | Scene, ViewLayer | Synchronizing object | Cube.618
Fra:1 Mem:277.14M (Peak 277.14M) | Time:00:00.70 | Mem:0.00M, Peak:0.00M | Scene, ViewLayer | Synchronizing object | Cube.619
Fra:1 Mem:277.14M (Peak 277.14M) | Time:00:00.70 | Mem:0.00M, Peak:0.00M | Scene, ViewLayer | Synchronizing object | Cube.620
Fra:1 Mem:277.15M (Peak 277.15M) | Time:00:00.70 | Mem:0.00M, Peak:0.00M | Scene, ViewLayer | Synchronizing object | Cylinder.228
Fra:1 Mem:277.15M (Peak 277.15M) | Time:00:00.70 | Mem:0.00M, Peak:0.00M | Scene, ViewLayer | Synchronizing object | Cylinder.229
Fra:1 Mem:277.15M (Peak 277.15M) | Time:00:00.70 | Mem:0.00M, Peak:0.00M | Scene, ViewLayer | Synchronizing object | Cylinder.230
Fra:1 Mem:277.15M (Peak 277.15M) | Time:00:00.70 | Mem:0.00M, Peak:0.00M | Scene, ViewLayer | Synchronizing object | Cylinder.231
Fra:1 Mem:277.15M (Peak 277.15M) | Time:00:00.70 | Mem:0.00M, Peak:0.00M | Scene, ViewLayer | Synchronizing object | Cylinder.232
Fra:1 Mem:277.16M (Peak 277.16M) | Time:00:00.70 | Mem:0.00M, Peak:0.00M | Scene, ViewLayer | Synchronizing object | Cylinder.233
Fra:1 Mem:277.16M (Peak 277.16M) | Time:00:00.70 | Mem:0.00M, Peak:0.00M | Scene, ViewLayer | Synchronizing object | Cylinder.234
Fra:1 Mem:277.16M (Peak 277.16M) | Time:00:00.70 | Mem:0.00M, Peak:0.00M | Scene, ViewLayer | Synchronizing object | Cylinder.235
Fra:1 Mem:277.16M (Peak 277.16M) | Time:00:00.70 | Mem:0.00M, Peak:0.00M | Scene, ViewLayer | Synchronizing object | Sphere.109
Fra:1 Mem:277.17M (Peak 277.17M) | Time:00:00.70 | Mem:0.00M, Peak:0.00M | Scene, ViewLayer | Synchronizing object | Cone.059
Fra:1 Mem:277.17M (Peak 277.17M) | Time:00:00.70 | Mem:0.00M, Peak:0.00M | Scene, ViewLayer | Synchronizing object | Cone.060
Fra:1 Mem:277.17M (Peak 277.17M) | Time:00:00.70 | Mem:0.00M, Peak:0.00M | Scene, ViewLayer | Synchronizing object | Cone.061
Fra:1 Mem:277.17M (Peak 277.17M) | Time:00:00.70 | Mem:0.00M, Peak:0.00M | Scene, ViewLayer | Synchronizing object | Cone.062
Fra:1 Mem:277.18M (Peak 277.18M) | Time:00:00.70 | Mem:0.00M, Peak:0.00M | Scene, ViewLayer | Synchronizing object | Cone.063
Fra:1 Mem:277.18M (Peak 277.18M) | Time:00:00.70 | Mem:0.00M, Peak:0.00M | Scene, ViewLayer | Synchronizing object | Cone.064
Fra:1 Mem:277.18M (Peak 277.18M) | Time:00:00.70 | Mem:0.00M, Peak:0.00M | Scene, ViewLayer | Synchronizing object | Cube.621
Fra:1 Mem:277.19M (Peak 277.19M) | Time:00:00.70 | Mem:0.00M, Peak:0.00M | Scene, ViewLayer | Synchronizing object | Cube.622
Fra:1 Mem:277.20M (Peak 277.20M) | Time:00:00.70 | Mem:0.00M, Peak:0.00M | Scene, ViewLayer | Synchronizing object | Cube.623
Fra:1 Mem:277.20M (Peak 277.20M) | Time:00:00.70 | Mem:0.00M, Peak:0.00M | Scene, ViewLayer | Synchronizing object | Cube.624
Fra:1 Mem:277.21M (Peak 277.21M) | Time:00:00.70 | Mem:0.00M, Peak:0.00M | Scene, ViewLayer | Synchronizing object | Cube.625
Fra:1 Mem:277.22M (Peak 277.22M) | Time:00:00.70 | Mem:0.00M, Peak:0.00M | Scene, ViewLayer | Synchronizing object | Cube.626
Fra:1 Mem:277.23M (Peak 277.23M) | Time:00:00.70 | Mem:0.00M, Peak:0.00M | Scene, ViewLayer | Synchronizing object | Cube.627
Fra:1 Mem:277.24M (Peak 277.24M) | Time:00:00.70 | Mem:0.00M, Peak:0.00M | Scene, ViewLayer | Synchronizing object | Cube.628
Fra:1 Mem:277.25M (Peak 277.25M) | Time:00:00.70 | Mem:0.00M, Peak:0.00M | Scene, ViewLayer | Synchronizing object | Cube.629
Fra:1 Mem:277.26M (Peak 277.26M) | Time:00:00.70 | Mem:0.00M, Peak:0.00M | Scene, ViewLayer | Synchronizing object | Cube.630
Fra:1 Mem:277.26M (Peak 277.26M) | Time:00:00.70 | Mem:0.00M, Peak:0.00M | Scene, ViewLayer | Synchronizing object | Cube.631
Fra:1 Mem:277.27M (Peak 277.27M) | Time:00:00.70 | Mem:0.00M, Peak:0.00M | Scene, ViewLayer | Synchronizing object | Cube.632
Fra:1 Mem:277.27M (Peak 277.27M) | Time:00:00.70 | Mem:0.00M, Peak:0.00M | Scene, ViewLayer | Synchronizing object | Cube.633
Fra:1 Mem:277.28M (Peak 277.28M) | Time:00:00.70 | Mem:0.00M, Peak:0.00M | Scene, ViewLayer | Synchronizing object | Cube.634
Fra:1 Mem:277.29M (Peak 277.29M) | Time:00:00.70 | Mem:0.00M, Peak:0.00M | Scene, ViewLayer | Synchronizing object | Cylinder.236
Fra:1 Mem:277.29M (Peak 277.29M) | Time:00:00.70 | Mem:0.00M, Peak:0.00M | Scene, ViewLayer | Synchronizing object | Cylinder.237
Fra:1 Mem:277.30M (Peak 277.30M) | Time:00:00.70 | Mem:0.00M, Peak:0.00M | Scene, ViewLayer | Synchronizing object | Torus.013
Fra:1 Mem:277.33M (Peak 277.33M) | Time:00:00.70 | Mem:0.00M, Peak:0.00M | Scene, ViewLayer | Synchronizing object | Torus.014
Fra:1 Mem:277.37M (Peak 277.37M) | Time:00:00.70 | Mem:0.00M, Peak:0.00M | Scene, ViewLayer | Synchronizing object | Cube.635
Fra:1 Mem:277.38M (Peak 277.38M) | Time:00:00.70 | Mem:0.00M, Peak:0.00M | Scene, ViewLayer | Synchronizing object | Cube.636
Fra:1 Mem:277.39M (Peak 277.39M) | Time:00:00.70 | Mem:0.00M, Peak:0.00M | Scene, ViewLayer | Synchronizing object | Cube.637
Fra:1 Mem:277.39M (Peak 277.39M) | Time:00:00.70 | Mem:0.00M, Peak:0.00M | Scene, ViewLayer | Synchronizing object | Cube.638
Fra:1 Mem:277.39M (Peak 277.39M) | Time:00:00.70 | Mem:0.00M, Peak:0.00M | Scene, ViewLayer | Synchronizing object | Cube.639
Fra:1 Mem:277.39M (Peak 277.39M) | Time:00:00.70 | Mem:0.00M, Peak:0.00M | Scene, ViewLayer | Synchronizing object | Cube.640
Fra:1 Mem:277.40M (Peak 277.40M) | Time:00:00.70 | Mem:0.00M, Peak:0.00M | Scene, ViewLayer | Synchronizing object | Cube.641
Fra:1 Mem:277.40M (Peak 277.40M) | Time:00:00.70 | Mem:0.00M, Peak:0.00M | Scene, ViewLayer | Synchronizing object | Cube.642
Fra:1 Mem:277.40M (Peak 277.40M) | Time:00:00.70 | Mem:0.00M, Peak:0.00M | Scene, ViewLayer | Synchronizing object | Cube.643
Fra:1 Mem:277.40M (Peak 277.40M) | Time:00:00.70 | Mem:0.00M, Peak:0.00M | Scene, ViewLayer | Synchronizing object | Cube.644
Fra:1 Mem:277.40M (Peak 277.40M) | Time:00:00.70 | Mem:0.00M, Peak:0.00M | Scene, ViewLayer | Synchronizing object | Cube.645
Fra:1 Mem:277.40M (Peak 277.40M) | Time:00:00.70 | Mem:0.00M, Peak:0.00M | Scene, ViewLayer | Synchronizing object | Cylinder.238
Fra:1 Mem:277.41M (Peak 277.41M) | Time:00:00.70 | Mem:0.00M, Peak:0.00M | Scene, ViewLayer | Synchronizing object | Cylinder.239
Fra:1 Mem:277.41M (Peak 277.41M) | Time:00:00.70 | Mem:0.00M, Peak:0.00M | Scene, ViewLayer | Synchronizing object | Cylinder.240
Fra:1 Mem:277.42M (Peak 277.42M) | Time:00:00.70 | Mem:0.00M, Peak:0.00M | Scene, ViewLayer | Synchronizing object | Cylinder.241
Fra:1 Mem:277.42M (Peak 277.42M) | Time:00:00.70 | Mem:0.00M, Peak:0.00M | Scene, ViewLayer | Synchronizing object | Cylinder.242
Fra:1 Mem:277.42M (Peak 277.42M) | Time:00:00.70 | Mem:0.00M, Peak:0.00M | Scene, ViewLayer | Synchronizing object | Cylinder.243
Fra:1 Mem:277.43M (Peak 277.43M) | Time:00:00.70 | Mem:0.00M, Peak:0.00M | Scene, ViewLayer | Synchronizing object | Cylinder.244
Fra:1 Mem:277.43M (Peak 277.43M) | Time:00:00.70 | Mem:0.00M, Peak:0.00M | Scene, ViewLayer | Synchronizing object | Cylinder.245
Fra:1 Mem:277.43M (Peak 277.43M) | Time:00:00.70 | Mem:0.00M, Peak:0.00M | Scene, ViewLayer | Synchronizing object | Cylinder.246
Fra:1 Mem:277.43M (Peak 277.43M) | Time:00:00.70 | Mem:0.00M, Peak:0.00M | Scene, ViewLayer | Synchronizing object | Cylinder.247
Fra:1 Mem:277.44M (Peak 277.44M) | Time:00:00.70 | Mem:0.00M, Peak:0.00M | Scene, ViewLayer | Synchronizing object | Cylinder.248
Fra:1 Mem:277.44M (Peak 277.44M) | Time:00:00.70 | Mem:0.00M, Peak:0.00M | Scene, ViewLayer | Synchronizing object | Cylinder.249
Fra:1 Mem:277.45M (Peak 277.45M) | Time:00:00.70 | Mem:0.00M, Peak:0.00M | Scene, ViewLayer | Synchronizing object | Cylinder.250
Fra:1 Mem:277.45M (Peak 277.45M) | Time:00:00.70 | Mem:0.00M, Peak:0.00M | Scene, ViewLayer | Synchronizing object | Cylinder.251
Fra:1 Mem:277.45M (Peak 277.45M) | Time:00:00.70 | Mem:0.00M, Peak:0.00M | Scene, ViewLayer | Synchronizing object | Cylinder.252
Fra:1 Mem:277.45M (Peak 277.45M) | Time:00:00.70 | Mem:0.00M, Peak:0.00M | Scene, ViewLayer | Synchronizing object | Cylinder.253
Fra:1 Mem:277.45M (Peak 277.45M) | Time:00:00.70 | Mem:0.00M, Peak:0.00M | Scene, ViewLayer | Synchronizing object | Cylinder.254
Fra:1 Mem:277.45M (Peak 277.45M) | Time:00:00.70 | Mem:0.00M, Peak:0.00M | Scene, ViewLayer | Synchronizing object | Cylinder.255
Fra:1 Mem:277.46M (Peak 277.46M) | Time:00:00.70 | Mem:0.00M, Peak:0.00M | Scene, ViewLayer | Synchronizing object | Cylinder.256
Fra:1 Mem:277.46M (Peak 277.46M) | Time:00:00.70 | Mem:0.00M, Peak:0.00M | Scene, ViewLayer | Synchronizing object | Cylinder.257
Fra:1 Mem:277.46M (Peak 277.46M) | Time:00:00.70 | Mem:0.00M, Peak:0.00M | Scene, ViewLayer | Synchronizing object | Cylinder.258
Fra:1 Mem:277.46M (Peak 277.46M) | Time:00:00.70 | Mem:0.00M, Peak:0.00M | Scene, ViewLayer | Synchronizing object | Cylinder.259
Fra:1 Mem:277.46M (Peak 277.46M) | Time:00:00.70 | Mem:0.00M, Peak:0.00M | Scene, ViewLayer | Synchronizing object | Cylinder.260
Fra:1 Mem:277.46M (Peak 277.46M) | Time:00:00.70 | Mem:0.00M, Peak:0.00M | Scene, ViewLayer | Synchronizing object | Cylinder.261
Fra:1 Mem:277.46M (Peak 277.46M) | Time:00:00.70 | Mem:0.00M, Peak:0.00M | Scene, ViewLayer | Synchronizing object | Cylinder.262
Fra:1 Mem:277.46M (Peak 277.46M) | Time:00:00.70 | Mem:0.00M, Peak:0.00M | Scene, ViewLayer | Synchronizing object | Cylinder.263
Fra:1 Mem:277.47M (Peak 277.47M) | Time:00:00.70 | Mem:0.00M, Peak:0.00M | Scene, ViewLayer | Synchronizing object | Cylinder.264
Fra:1 Mem:277.47M (Peak 277.47M) | Time:00:00.70 | Mem:0.00M, Peak:0.00M | Scene, ViewLayer | Synchronizing object | Cylinder.265
Fra:1 Mem:277.47M (Peak 277.47M) | Time:00:00.70 | Mem:0.00M, Peak:0.00M | Scene, ViewLayer | Synchronizing object | Cylinder.266
Fra:1 Mem:277.47M (Peak 277.47M) | Time:00:00.70 | Mem:0.00M, Peak:0.00M | Scene, ViewLayer | Synchronizing object | Cylinder.267
Fra:1 Mem:277.47M (Peak 277.47M) | Time:00:00.70 | Mem:0.00M, Peak:0.00M | Scene, ViewLayer | Synchronizing object | Cylinder.268
Fra:1 Mem:277.47M (Peak 277.47M) | Time:00:00.70 | Mem:0.00M, Peak:0.00M | Scene, ViewLayer | Synchronizing object | Cylinder.269
Fra:1 Mem:277.47M (Peak 277.47M) | Time:00:00.70 | Mem:0.00M, Peak:0.00M | Scene, ViewLayer | Synchronizing object | Cylinder.270
Fra:1 Mem:277.48M (Peak 277.48M) | Time:00:00.70 | Mem:0.00M, Peak:0.00M | Scene, ViewLayer | Synchronizing object | Cylinder.271
Fra:1 Mem:277.48M (Peak 277.48M) | Time:00:00.70 | Mem:0.00M, Peak:0.00M | Scene, ViewLayer | Synchronizing object | Cylinder.272
Fra:1 Mem:277.48M (Peak 277.48M) | Time:00:00.70 | Mem:0.00M, Peak:0.00M | Scene, ViewLayer | Synchronizing object | Cylinder.273
Fra:1 Mem:277.48M (Peak 277.48M) | Time:00:00.70 | Mem:0.00M, Peak:0.00M | Scene, ViewLayer | Synchronizing object | Sphere.110
Fra:1 Mem:277.48M (Peak 277.48M) | Time:00:00.70 | Mem:0.00M, Peak:0.00M | Scene, ViewLayer | Synchronizing object | Sphere.111
Fra:1 Mem:277.48M (Peak 277.48M) | Time:00:00.70 | Mem:0.00M, Peak:0.00M | Scene, ViewLayer | Synchronizing object | Sphere.112
Fra:1 Mem:277.49M (Peak 277.49M) | Time:00:00.70 | Mem:0.00M, Peak:0.00M | Scene, ViewLayer | Synchronizing object | Sphere.113
Fra:1 Mem:277.49M (Peak 277.49M) | Time:00:00.70 | Mem:0.00M, Peak:0.00M | Scene, ViewLayer | Synchronizing object | Sphere.114
Fra:1 Mem:277.49M (Peak 277.49M) | Time:00:00.70 | Mem:0.00M, Peak:0.00M | Scene, ViewLayer | Synchronizing object | Sphere.115
Fra:1 Mem:277.49M (Peak 277.49M) | Time:00:00.70 | Mem:0.00M, Peak:0.00M | Scene, ViewLayer | Synchronizing object | Sphere.116
Fra:1 Mem:277.51M (Peak 277.51M) | Time:00:00.70 | Mem:0.00M, Peak:0.00M | Scene, ViewLayer | Synchronizing object | Sphere.117
Fra:1 Mem:277.52M (Peak 277.52M) | Time:00:00.70 | Mem:0.00M, Peak:0.00M | Scene, ViewLayer | Synchronizing object | Sphere.118
Fra:1 Mem:277.52M (Peak 277.52M) | Time:00:00.70 | Mem:0.00M, Peak:0.00M | Scene, ViewLayer | Synchronizing object | Sphere.119
Fra:1 Mem:277.52M (Peak 277.52M) | Time:00:00.70 | Mem:0.00M, Peak:0.00M | Scene, ViewLayer | Synchronizing object | Sphere.120
Fra:1 Mem:277.53M (Peak 277.53M) | Time:00:00.70 | Mem:0.00M, Peak:0.00M | Scene, ViewLayer | Synchronizing object | Sphere.121
Fra:1 Mem:277.53M (Peak 277.53M) | Time:00:00.70 | Mem:0.00M, Peak:0.00M | Scene, ViewLayer | Synchronizing object | Sphere.122
Fra:1 Mem:277.55M (Peak 277.55M) | Time:00:00.70 | Mem:0.00M, Peak:0.00M | Scene, ViewLayer | Synchronizing object | Sphere.123
Fra:1 Mem:277.55M (Peak 277.55M) | Time:00:00.70 | Mem:0.00M, Peak:0.00M | Scene, ViewLayer | Synchronizing object | Torus.015
Fra:1 Mem:277.58M (Peak 277.58M) | Time:00:00.70 | Mem:0.00M, Peak:0.00M | Scene, ViewLayer | Synchronizing object | Torus.016
Fra:1 Mem:277.61M (Peak 277.61M) | Time:00:00.70 | Mem:0.00M, Peak:0.00M | Scene, ViewLayer | Synchronizing object | Torus.017
Fra:1 Mem:277.64M (Peak 277.64M) | Time:00:00.70 | Mem:0.00M, Peak:0.00M | Scene, ViewLayer | Synchronizing object | Torus.018
Fra:1 Mem:277.67M (Peak 277.67M) | Time:00:00.70 | Mem:0.00M, Peak:0.00M | Scene, ViewLayer | Synchronizing object | Torus.019
Fra:1 Mem:277.70M (Peak 277.70M) | Time:00:00.70 | Mem:0.00M, Peak:0.00M | Scene, ViewLayer | Synchronizing object | Torus.020
Fra:1 Mem:277.73M (Peak 277.73M) | Time:00:00.70 | Mem:0.00M, Peak:0.00M | Scene, ViewLayer | Synchronizing object | Torus.021
Fra:1 Mem:277.76M (Peak 277.76M) | Time:00:00.70 | Mem:0.00M, Peak:0.00M | Scene, ViewLayer | Synchronizing object | Torus.022
Fra:1 Mem:277.79M (Peak 277.79M) | Time:00:00.70 | Mem:0.00M, Peak:0.00M | Scene, ViewLayer | Synchronizing object | Torus.023
Fra:1 Mem:277.82M (Peak 277.82M) | Time:00:00.70 | Mem:0.00M, Peak:0.00M | Scene, ViewLayer | Synchronizing object | Torus.024
Fra:1 Mem:277.85M (Peak 277.85M) | Time:00:00.71 | Mem:0.00M, Peak:0.00M | Scene, ViewLayer | Synchronizing object | Torus.025
Fra:1 Mem:277.87M (Peak 277.87M) | Time:00:00.71 | Mem:0.00M, Peak:0.00M | Scene, ViewLayer | Synchronizing object | Torus.026
Fra:1 Mem:277.90M (Peak 277.90M) | Time:00:00.71 | Mem:0.00M, Peak:0.00M | Scene, ViewLayer | Synchronizing object | Torus.027
Fra:1 Mem:277.93M (Peak 277.93M) | Time:00:00.71 | Mem:0.00M, Peak:0.00M | Scene, ViewLayer | Synchronizing object | Torus.028
Fra:1 Mem:277.96M (Peak 277.96M) | Time:00:00.71 | Mem:0.00M, Peak:0.00M | Scene, ViewLayer | Synchronizing object | Torus.029
Fra:1 Mem:277.99M (Peak 277.99M) | Time:00:00.71 | Mem:0.00M, Peak:0.00M | Scene, ViewLayer | Synchronizing object | Torus.030
Fra:1 Mem:278.02M (Peak 278.02M) | Time:00:00.71 | Mem:0.00M, Peak:0.00M | Scene, ViewLayer | Synchronizing object | Torus.031
Fra:1 Mem:278.05M (Peak 278.05M) | Time:00:00.71 | Mem:0.00M, Peak:0.00M | Scene, ViewLayer | Synchronizing object | Torus.032
Fra:1 Mem:278.08M (Peak 278.08M) | Time:00:00.71 | Mem:0.00M, Peak:0.00M | Scene, ViewLayer | Synchronizing object | Torus.033
Fra:1 Mem:278.11M (Peak 278.11M) | Time:00:00.71 | Mem:0.00M, Peak:0.00M | Scene, ViewLayer | Synchronizing object | Torus.034
Fra:1 Mem:278.14M (Peak 278.14M) | Time:00:00.71 | Mem:0.00M, Peak:0.00M | Scene, ViewLayer | Synchronizing object | Torus.035
Fra:1 Mem:278.16M (Peak 278.16M) | Time:00:00.71 | Mem:0.00M, Peak:0.00M | Scene, ViewLayer | Synchronizing object | Cone.065
Fra:1 Mem:278.16M (Peak 278.16M) | Time:00:00.71 | Mem:0.00M, Peak:0.00M | Scene, ViewLayer | Synchronizing object | Cone.066
Fra:1 Mem:278.16M (Peak 278.16M) | Time:00:00.71 | Mem:0.00M, Peak:0.00M | Scene, ViewLayer | Synchronizing object | Cone.067
Fra:1 Mem:278.16M (Peak 278.16M) | Time:00:00.71 | Mem:0.00M, Peak:0.00M | Scene, ViewLayer | Synchronizing object | Cone.068
Fra:1 Mem:278.16M (Peak 278.16M) | Time:00:00.71 | Mem:0.00M, Peak:0.00M | Scene, ViewLayer | Synchronizing object | Cone.069
Fra:1 Mem:278.16M (Peak 278.16M) | Time:00:00.71 | Mem:0.00M, Peak:0.00M | Scene, ViewLayer | Synchronizing object | Cone.070
Fra:1 Mem:278.16M (Peak 278.16M) | Time:00:00.71 | Mem:0.00M, Peak:0.00M | Scene, ViewLayer | Synchronizing object | Cylinder.274
Fra:1 Mem:278.17M (Peak 278.17M) | Time:00:00.71 | Mem:0.00M, Peak:0.00M | Scene, ViewLayer | Synchronizing object | Cylinder.275
Fra:1 Mem:278.17M (Peak 278.17M) | Time:00:00.72 | Mem:0.00M, Peak:0.00M | Scene, ViewLayer | Synchronizing object | Cylinder.276
Fra:1 Mem:278.17M (Peak 278.17M) | Time:00:00.72 | Mem:0.00M, Peak:0.00M | Scene, ViewLayer | Synchronizing object | Cylinder.277
Fra:1 Mem:278.17M (Peak 278.17M) | Time:00:00.72 | Mem:0.00M, Peak:0.00M | Scene, ViewLayer | Synchronizing object | Cylinder.278
Fra:1 Mem:278.17M (Peak 278.17M) | Time:00:00.72 | Mem:0.00M, Peak:0.00M | Scene, ViewLayer | Synchronizing object | Cylinder.279
Fra:1 Mem:278.18M (Peak 278.18M) | Time:00:00.72 | Mem:0.00M, Peak:0.00M | Scene, ViewLayer | Synchronizing object | Cylinder.280
Fra:1 Mem:278.18M (Peak 278.18M) | Time:00:00.72 | Mem:0.00M, Peak:0.00M | Scene, ViewLayer | Synchronizing object | Cylinder.281
Fra:1 Mem:278.18M (Peak 278.18M) | Time:00:00.72 | Mem:0.00M, Peak:0.00M | Scene, ViewLayer | Synchronizing object | Cylinder.282
Fra:1 Mem:278.18M (Peak 278.18M) | Time:00:00.72 | Mem:0.00M, Peak:0.00M | Scene, ViewLayer | Synchronizing object | Sphere.124
Fra:1 Mem:278.20M (Peak 278.20M) | Time:00:00.72 | Mem:0.00M, Peak:0.00M | Scene, ViewLayer | Synchronizing object | Sphere.125
Fra:1 Mem:278.21M (Peak 278.21M) | Time:00:00.72 | Mem:0.00M, Peak:0.00M | Scene, ViewLayer | Synchronizing object | Sphere.126
Fra:1 Mem:278.22M (Peak 278.22M) | Time:00:00.72 | Mem:0.00M, Peak:0.00M | Scene, ViewLayer | Synchronizing object | Sphere.127
Fra:1 Mem:278.24M (Peak 278.24M) | Time:00:00.72 | Mem:0.00M, Peak:0.00M | Scene, ViewLayer | Synchronizing object | Sphere.128
Fra:1 Mem:278.25M (Peak 278.25M) | Time:00:00.72 | Mem:0.00M, Peak:0.00M | Scene, ViewLayer | Synchronizing object | Sphere.129
Fra:1 Mem:278.26M (Peak 278.26M) | Time:00:00.72 | Mem:0.00M, Peak:0.00M | Scene, ViewLayer | Synchronizing object | Sphere.130
Fra:1 Mem:278.28M (Peak 278.28M) | Time:00:00.72 | Mem:0.00M, Peak:0.00M | Scene, ViewLayer | Synchronizing object | Sphere.131
Fra:1 Mem:278.29M (Peak 278.29M) | Time:00:00.72 | Mem:0.00M, Peak:0.00M | Scene, ViewLayer | Synchronizing object | Sphere.132
Fra:1 Mem:278.30M (Peak 278.30M) | Time:00:00.72 | Mem:0.00M, Peak:0.00M | Scene, ViewLayer | Synchronizing object | Sphere.133
Fra:1 Mem:278.32M (Peak 278.32M) | Time:00:00.72 | Mem:0.00M, Peak:0.00M | Scene, ViewLayer | Synchronizing object | Cone.071
Fra:1 Mem:278.32M (Peak 278.32M) | Time:00:00.72 | Mem:0.00M, Peak:0.00M | Scene, ViewLayer | Synchronizing object | Cone.072
Fra:1 Mem:278.32M (Peak 278.32M) | Time:00:00.72 | Mem:0.00M, Peak:0.00M | Scene, ViewLayer | Synchronizing object | Cone.073
Fra:1 Mem:278.32M (Peak 278.32M) | Time:00:00.72 | Mem:0.00M, Peak:0.00M | Scene, ViewLayer | Synchronizing object | Cone.074
Fra:1 Mem:278.32M (Peak 278.32M) | Time:00:00.72 | Mem:0.00M, Peak:0.00M | Scene, ViewLayer | Synchronizing object | Cone.075
Fra:1 Mem:278.32M (Peak 278.32M) | Time:00:00.72 | Mem:0.00M, Peak:0.00M | Scene, ViewLayer | Synchronizing object | Cone.076
Fra:1 Mem:278.32M (Peak 278.32M) | Time:00:00.72 | Mem:0.00M, Peak:0.00M | Scene, ViewLayer | Synchronizing object | Cylinder.283
Fra:1 Mem:278.33M (Peak 278.33M) | Time:00:00.72 | Mem:0.00M, Peak:0.00M | Scene, ViewLayer | Synchronizing object | Cylinder.284
Fra:1 Mem:278.33M (Peak 278.33M) | Time:00:00.72 | Mem:0.00M, Peak:0.00M | Scene, ViewLayer | Synchronizing object | Torus.036
Fra:1 Mem:278.36M (Peak 278.36M) | Time:00:00.72 | Mem:0.00M, Peak:0.00M | Scene, ViewLayer | Synchronizing object | Torus.037
Fra:1 Mem:278.39M (Peak 278.39M) | Time:00:00.72 | Mem:0.00M, Peak:0.00M | Scene, ViewLayer | Synchronizing object | Cube.646
Fra:1 Mem:278.40M (Peak 278.40M) | Time:00:00.72 | Mem:0.00M, Peak:0.00M | Scene, ViewLayer | Synchronizing object | Cube.647
Fra:1 Mem:278.42M (Peak 278.42M) | Time:00:00.72 | Mem:0.00M, Peak:0.00M | Scene, ViewLayer | Synchronizing object | Cube.648
Fra:1 Mem:278.43M (Peak 278.43M) | Time:00:00.72 | Mem:0.00M, Peak:0.00M | Scene, ViewLayer | Synchronizing object | Cube.649
Fra:1 Mem:278.44M (Peak 278.44M) | Time:00:00.72 | Mem:0.00M, Peak:0.00M | Scene, ViewLayer | Synchronizing object | Cube.650
Fra:1 Mem:278.45M (Peak 278.45M) | Time:00:00.72 | Mem:0.00M, Peak:0.00M | Scene, ViewLayer | Synchronizing object | Cylinder.285
Fra:1 Mem:278.45M (Peak 278.45M) | Time:00:00.72 | Mem:0.00M, Peak:0.00M | Scene, ViewLayer | Synchronizing object | Cylinder.286
Fra:1 Mem:278.45M (Peak 278.45M) | Time:00:00.72 | Mem:0.00M, Peak:0.00M | Scene, ViewLayer | Synchronizing object | Cylinder.287
Fra:1 Mem:278.46M (Peak 278.46M) | Time:00:00.72 | Mem:0.00M, Peak:0.00M | Scene, ViewLayer | Synchronizing object | Cube.651
Fra:1 Mem:278.46M (Peak 278.46M) | Time:00:00.72 | Mem:0.00M, Peak:0.00M | Scene, ViewLayer | Synchronizing object | Cube.652
Fra:1 Mem:278.47M (Peak 278.47M) | Time:00:00.72 | Mem:0.00M, Peak:0.00M | Scene, ViewLayer | Synchronizing object | Cube.653
Fra:1 Mem:278.48M (Peak 278.48M) | Time:00:00.72 | Mem:0.00M, Peak:0.00M | Scene, ViewLayer | Synchronizing object | Cube.654
Fra:1 Mem:278.48M (Peak 278.48M) | Time:00:00.72 | Mem:0.00M, Peak:0.00M | Scene, ViewLayer | Synchronizing object | Cube.655
Fra:1 Mem:278.48M (Peak 278.48M) | Time:00:00.72 | Mem:0.00M, Peak:0.00M | Scene, ViewLayer | Synchronizing object | Cube.656
Fra:1 Mem:278.49M (Peak 278.49M) | Time:00:00.72 | Mem:0.00M, Peak:0.00M | Scene, ViewLayer | Synchronizing object | Cube.657
Fra:1 Mem:278.49M (Peak 278.49M) | Time:00:00.72 | Mem:0.00M, Peak:0.00M | Scene, ViewLayer | Synchronizing object | Cube.658
Fra:1 Mem:278.49M (Peak 278.49M) | Time:00:00.72 | Mem:0.00M, Peak:0.00M | Scene, ViewLayer | Synchronizing object | Cube.659
Fra:1 Mem:278.49M (Peak 278.49M) | Time:00:00.72 | Mem:0.00M, Peak:0.00M | Scene, ViewLayer | Synchronizing object | Cylinder.288
Fra:1 Mem:278.50M (Peak 278.50M) | Time:00:00.72 | Mem:0.00M, Peak:0.00M | Scene, ViewLayer | Synchronizing object | Cylinder.289
Fra:1 Mem:278.50M (Peak 278.50M) | Time:00:00.72 | Mem:0.00M, Peak:0.00M | Scene, ViewLayer | Synchronizing object | Cylinder.290
Fra:1 Mem:278.51M (Peak 278.51M) | Time:00:00.72 | Mem:0.00M, Peak:0.00M | Scene, ViewLayer | Synchronizing object | Torus.038
Fra:1 Mem:278.54M (Peak 278.54M) | Time:00:00.72 | Mem:0.00M, Peak:0.00M | Scene, ViewLayer | Synchronizing object | Torus.039
Fra:1 Mem:278.57M (Peak 278.57M) | Time:00:00.72 | Mem:0.00M, Peak:0.00M | Scene, ViewLayer | Synchronizing object | Torus.040
Fra:1 Mem:278.60M (Peak 278.60M) | Time:00:00.72 | Mem:0.00M, Peak:0.00M | Scene, ViewLayer | Synchronizing object | Torus.041
Fra:1 Mem:278.63M (Peak 278.63M) | Time:00:00.72 | Mem:0.00M, Peak:0.00M | Scene, ViewLayer | Synchronizing object | Torus.042
Fra:1 Mem:278.65M (Peak 278.65M) | Time:00:00.72 | Mem:0.00M, Peak:0.00M | Scene, ViewLayer | Synchronizing object | Torus.043
Fra:1 Mem:278.68M (Peak 278.68M) | Time:00:00.72 | Mem:0.00M, Peak:0.00M | Scene, ViewLayer | Synchronizing object | Torus.044
Fra:1 Mem:278.71M (Peak 278.71M) | Time:00:00.72 | Mem:0.00M, Peak:0.00M | Scene, ViewLayer | Synchronizing object | Torus.045
Fra:1 Mem:278.74M (Peak 278.74M) | Time:00:00.72 | Mem:0.00M, Peak:0.00M | Scene, ViewLayer | Synchronizing object | Torus.046
Fra:1 Mem:278.77M (Peak 278.77M) | Time:00:00.72 | Mem:0.00M, Peak:0.00M | Scene, ViewLayer | Synchronizing object | Sphere.134
Fra:1 Mem:278.83M (Peak 278.83M) | Time:00:00.72 | Mem:0.00M, Peak:0.00M | Scene, ViewLayer | Synchronizing object | Sphere.135
Fra:1 Mem:278.88M (Peak 278.88M) | Time:00:00.72 | Mem:0.00M, Peak:0.00M | Scene, ViewLayer | Synchronizing object | Sphere.136
Fra:1 Mem:278.93M (Peak 278.93M) | Time:00:00.72 | Mem:0.00M, Peak:0.00M | Scene, ViewLayer | Synchronizing object | Sphere.137
Fra:1 Mem:278.99M (Peak 278.99M) | Time:00:00.72 | Mem:0.00M, Peak:0.00M | Scene, ViewLayer | Synchronizing object | Sphere.138
Fra:1 Mem:279.05M (Peak 279.05M) | Time:00:00.72 | Mem:0.00M, Peak:0.00M | Scene, ViewLayer | Synchronizing object | Cube.660
Fra:1 Mem:279.05M (Peak 279.05M) | Time:00:00.72 | Mem:0.00M, Peak:0.00M | Scene, ViewLayer | Synchronizing object | Cube.661
Fra:1 Mem:279.05M (Peak 279.05M) | Time:00:00.72 | Mem:0.00M, Peak:0.00M | Scene, ViewLayer | Synchronizing object | Cube.662
Fra:1 Mem:279.05M (Peak 279.05M) | Time:00:00.72 | Mem:0.00M, Peak:0.00M | Scene, ViewLayer | Synchronizing object | Cube.663
Fra:1 Mem:279.05M (Peak 279.05M) | Time:00:00.72 | Mem:0.00M, Peak:0.00M | Scene, ViewLayer | Synchronizing object | Cube.664
Fra:1 Mem:279.05M (Peak 279.05M) | Time:00:00.72 | Mem:0.00M, Peak:0.00M | Scene, ViewLayer | Synchronizing object | Cylinder.291
Fra:1 Mem:279.05M (Peak 279.05M) | Time:00:00.72 | Mem:0.00M, Peak:0.00M | Scene, ViewLayer | Synchronizing object | Cylinder.292
Fra:1 Mem:279.06M (Peak 279.06M) | Time:00:00.72 | Mem:0.00M, Peak:0.00M | Scene, ViewLayer | Synchronizing object | Cylinder.293
Fra:1 Mem:279.06M (Peak 279.06M) | Time:00:00.72 | Mem:0.00M, Peak:0.00M | Scene, ViewLayer | Synchronizing object | Cylinder.294
Fra:1 Mem:279.06M (Peak 279.06M) | Time:00:00.72 | Mem:0.00M, Peak:0.00M | Scene, ViewLayer | Synchronizing object | Cylinder.295
Fra:1 Mem:279.07M (Peak 279.07M) | Time:00:00.72 | Mem:0.00M, Peak:0.00M | Scene, ViewLayer | Synchronizing object | Cylinder.296
Fra:1 Mem:279.07M (Peak 279.07M) | Time:00:00.72 | Mem:0.00M, Peak:0.00M | Scene, ViewLayer | Synchronizing object | Cylinder.297
Fra:1 Mem:279.07M (Peak 279.07M) | Time:00:00.72 | Mem:0.00M, Peak:0.00M | Scene, ViewLayer | Synchronizing object | Sphere.139
Fra:1 Mem:279.09M (Peak 279.09M) | Time:00:00.72 | Mem:0.00M, Peak:0.00M | Scene, ViewLayer | Synchronizing object | Torus.047
Fra:1 Mem:279.12M (Peak 279.12M) | Time:00:00.72 | Mem:0.00M, Peak:0.00M | Scene, ViewLayer | Synchronizing object | Torus.048
Fra:1 Mem:279.15M (Peak 279.15M) | Time:00:00.73 | Mem:0.00M, Peak:0.00M | Scene, ViewLayer | Synchronizing object | Cube.665
Fra:1 Mem:279.16M (Peak 279.16M) | Time:00:00.73 | Mem:0.00M, Peak:0.00M | Scene, ViewLayer | Synchronizing object | Cube.666
Fra:1 Mem:279.17M (Peak 279.17M) | Time:00:00.73 | Mem:0.00M, Peak:0.00M | Scene, ViewLayer | Synchronizing object | Cube.667
Fra:1 Mem:279.18M (Peak 279.18M) | Time:00:00.73 | Mem:0.00M, Peak:0.00M | Scene, ViewLayer | Synchronizing object | Cube.668
Fra:1 Mem:279.19M (Peak 279.19M) | Time:00:00.73 | Mem:0.00M, Peak:0.00M | Scene, ViewLayer | Synchronizing object | Cube.669
Fra:1 Mem:279.20M (Peak 279.20M) | Time:00:00.73 | Mem:0.00M, Peak:0.00M | Scene, ViewLayer | Synchronizing object | Cube.670
Fra:1 Mem:279.21M (Peak 279.21M) | Time:00:00.73 | Mem:0.00M, Peak:0.00M | Scene, ViewLayer | Synchronizing object | Cube.671
Fra:1 Mem:279.21M (Peak 279.21M) | Time:00:00.73 | Mem:0.00M, Peak:0.00M | Scene, ViewLayer | Synchronizing object | Cube.672
Fra:1 Mem:279.22M (Peak 279.22M) | Time:00:00.73 | Mem:0.00M, Peak:0.00M | Scene, ViewLayer | Synchronizing object | Cube.673
Fra:1 Mem:279.23M (Peak 279.23M) | Time:00:00.73 | Mem:0.00M, Peak:0.00M | Scene, ViewLayer | Synchronizing object | Cube.674
Fra:1 Mem:279.24M (Peak 279.24M) | Time:00:00.73 | Mem:0.00M, Peak:0.00M | Scene, ViewLayer | Synchronizing object | Cube.675
Fra:1 Mem:279.25M (Peak 279.25M) | Time:00:00.73 | Mem:0.00M, Peak:0.00M | Scene, ViewLayer | Synchronizing object | Cube.676
Fra:1 Mem:279.26M (Peak 279.26M) | Time:00:00.73 | Mem:0.00M, Peak:0.00M | Scene, ViewLayer | Synchronizing object | Cylinder.298
Fra:1 Mem:279.26M (Peak 279.26M) | Time:00:00.73 | Mem:0.00M, Peak:0.00M | Scene, ViewLayer | Synchronizing object | Cylinder.299
Fra:1 Mem:279.26M (Peak 279.26M) | Time:00:00.73 | Mem:0.00M, Peak:0.00M | Scene, ViewLayer | Synchronizing object | Sphere.140
Fra:1 Mem:279.36M (Peak 279.36M) | Time:00:00.73 | Mem:0.00M, Peak:0.00M | Scene, ViewLayer | Synchronizing object | Sphere.141
Fra:1 Mem:279.37M (Peak 279.37M) | Time:00:00.73 | Mem:0.00M, Peak:0.00M | Scene, ViewLayer | Synchronizing object | Sphere.142
Fra:1 Mem:279.38M (Peak 279.38M) | Time:00:00.73 | Mem:0.00M, Peak:0.00M | Scene, ViewLayer | Synchronizing object | Cone.077
Fra:1 Mem:279.38M (Peak 279.38M) | Time:00:00.73 | Mem:0.00M, Peak:0.00M | Scene, ViewLayer | Synchronizing object | Cube.677
Fra:1 Mem:279.39M (Peak 279.39M) | Time:00:00.73 | Mem:0.00M, Peak:0.00M | Scene, ViewLayer | Synchronizing object | Cube.678
Fra:1 Mem:279.40M (Peak 279.40M) | Time:00:00.73 | Mem:0.00M, Peak:0.00M | Scene, ViewLayer | Synchronizing object | Cube.679
Fra:1 Mem:279.41M (Peak 279.41M) | Time:00:00.73 | Mem:0.00M, Peak:0.00M | Scene, ViewLayer | Synchronizing object | Cube.680
Fra:1 Mem:279.42M (Peak 279.42M) | Time:00:00.73 | Mem:0.00M, Peak:0.00M | Scene, ViewLayer | Synchronizing object | Cube.681
Fra:1 Mem:279.43M (Peak 279.43M) | Time:00:00.73 | Mem:0.00M, Peak:0.00M | Scene, ViewLayer | Synchronizing object | Cube.682
Fra:1 Mem:279.44M (Peak 279.44M) | Time:00:00.73 | Mem:0.00M, Peak:0.00M | Scene, ViewLayer | Synchronizing object | Cube.683
Fra:1 Mem:279.44M (Peak 279.44M) | Time:00:00.73 | Mem:0.00M, Peak:0.00M | Scene, ViewLayer | Synchronizing object | Cube.684
Fra:1 Mem:279.45M (Peak 279.45M) | Time:00:00.73 | Mem:0.00M, Peak:0.00M | Scene, ViewLayer | Synchronizing object | Cube.685
Fra:1 Mem:279.46M (Peak 279.46M) | Time:00:00.73 | Mem:0.00M, Peak:0.00M | Scene, ViewLayer | Synchronizing object | Cube.686
Fra:1 Mem:279.46M (Peak 279.46M) | Time:00:00.73 | Mem:0.00M, Peak:0.00M | Scene, ViewLayer | Synchronizing object | Cylinder.300
Fra:1 Mem:279.47M (Peak 279.47M) | Time:00:00.73 | Mem:0.00M, Peak:0.00M | Scene, ViewLayer | Synchronizing object | Cylinder.301
Fra:1 Mem:279.47M (Peak 279.47M) | Time:00:00.73 | Mem:0.00M, Peak:0.00M | Scene, ViewLayer | Synchronizing object | Cylinder.302
Fra:1 Mem:279.47M (Peak 279.47M) | Time:00:00.73 | Mem:0.00M, Peak:0.00M | Scene, ViewLayer | Synchronizing object | Cylinder.303
Fra:1 Mem:279.47M (Peak 279.47M) | Time:00:00.73 | Mem:0.00M, Peak:0.00M | Scene, ViewLayer | Synchronizing object | Cylinder.304
Fra:1 Mem:279.47M (Peak 279.47M) | Time:00:00.73 | Mem:0.00M, Peak:0.00M | Scene, ViewLayer | Synchronizing object | Sphere.143
Fra:1 Mem:279.57M (Peak 279.57M) | Time:00:00.73 | Mem:0.00M, Peak:0.00M | Scene, ViewLayer | Synchronizing object | Sphere.144
Fra:1 Mem:279.68M (Peak 279.68M) | Time:00:00.73 | Mem:0.00M, Peak:0.00M | Scene, ViewLayer | Synchronizing object | Sphere.145
Fra:1 Mem:279.78M (Peak 279.78M) | Time:00:00.73 | Mem:0.00M, Peak:0.00M | Scene, ViewLayer | Synchronizing object | Sphere.146
Fra:1 Mem:279.88M (Peak 279.88M) | Time:00:00.73 | Mem:0.00M, Peak:0.00M | Scene, ViewLayer | Synchronizing object | Sphere.147
Fra:1 Mem:279.98M (Peak 279.98M) | Time:00:00.74 | Mem:0.00M, Peak:0.00M | Scene, ViewLayer | Synchronizing object | Sphere.148
Fra:1 Mem:280.08M (Peak 280.08M) | Time:00:00.74 | Mem:0.00M, Peak:0.00M | Scene, ViewLayer | Synchronizing object | Sphere.149
Fra:1 Mem:280.18M (Peak 280.18M) | Time:00:00.74 | Mem:0.00M, Peak:0.00M | Scene, ViewLayer | Synchronizing object | Sphere.150
Fra:1 Mem:280.28M (Peak 280.28M) | Time:00:00.74 | Mem:0.00M, Peak:0.00M | Scene, ViewLayer | Synchronizing object | Sphere.151
Fra:1 Mem:280.38M (Peak 280.38M) | Time:00:00.74 | Mem:0.00M, Peak:0.00M | Scene, ViewLayer | Synchronizing object | Sphere.152
Fra:1 Mem:280.49M (Peak 280.49M) | Time:00:00.74 | Mem:0.00M, Peak:0.00M | Scene, ViewLayer | Synchronizing object | Cone.078
Fra:1 Mem:280.50M (Peak 280.50M) | Time:00:00.74 | Mem:0.00M, Peak:0.00M | Scene, ViewLayer | Synchronizing object | Cone.079
Fra:1 Mem:280.50M (Peak 280.50M) | Time:00:00.74 | Mem:0.00M, Peak:0.00M | Scene, ViewLayer | Synchronizing object | Cylinder.305
Fra:1 Mem:280.50M (Peak 280.50M) | Time:00:00.74 | Mem:0.00M, Peak:0.00M | Scene, ViewLayer | Synchronizing object | Cylinder.306
Fra:1 Mem:280.50M (Peak 280.50M) | Time:00:00.74 | Mem:0.00M, Peak:0.00M | Scene, ViewLayer | Synchronizing object | Cylinder.307
Fra:1 Mem:280.50M (Peak 280.50M) | Time:00:00.74 | Mem:0.00M, Peak:0.00M | Scene, ViewLayer | Synchronizing object | Cylinder.308
Fra:1 Mem:280.50M (Peak 280.50M) | Time:00:00.74 | Mem:0.00M, Peak:0.00M | Scene, ViewLayer | Synchronizing object | Cylinder.309
Fra:1 Mem:280.51M (Peak 280.51M) | Time:00:00.74 | Mem:0.00M, Peak:0.00M | Scene, ViewLayer | Synchronizing object | Cylinder.310
Fra:1 Mem:280.51M (Peak 280.51M) | Time:00:00.74 | Mem:0.00M, Peak:0.00M | Scene, ViewLayer | Synchronizing object | Cylinder.311
Fra:1 Mem:280.51M (Peak 280.51M) | Time:00:00.74 | Mem:0.00M, Peak:0.00M | Scene, ViewLayer | Synchronizing object | Cylinder.312
Fra:1 Mem:280.51M (Peak 280.51M) | Time:00:00.74 | Mem:0.00M, Peak:0.00M | Scene, ViewLayer | Synchronizing object | Cylinder.313
Fra:1 Mem:280.51M (Peak 280.51M) | Time:00:00.74 | Mem:0.00M, Peak:0.00M | Scene, ViewLayer | Synchronizing object | Cylinder.314
Fra:1 Mem:280.51M (Peak 280.51M) | Time:00:00.74 | Mem:0.00M, Peak:0.00M | Scene, ViewLayer | Synchronizing object | Cylinder.315
Fra:1 Mem:280.52M (Peak 280.52M) | Time:00:00.74 | Mem:0.00M, Peak:0.00M | Scene, ViewLayer | Synchronizing object | Cylinder.316
Fra:1 Mem:280.52M (Peak 280.52M) | Time:00:00.74 | Mem:0.00M, Peak:0.00M | Scene, ViewLayer | Synchronizing object | Cylinder.317
Fra:1 Mem:280.52M (Peak 280.52M) | Time:00:00.74 | Mem:0.00M, Peak:0.00M | Scene, ViewLayer | Synchronizing object | Cylinder.318
Fra:1 Mem:280.52M (Peak 280.52M) | Time:00:00.74 | Mem:0.00M, Peak:0.00M | Scene, ViewLayer | Synchronizing object | Cylinder.319
Fra:1 Mem:280.52M (Peak 280.52M) | Time:00:00.74 | Mem:0.00M, Peak:0.00M | Scene, ViewLayer | Synchronizing object | Cylinder.320
Fra:1 Mem:280.52M (Peak 280.52M) | Time:00:00.74 | Mem:0.00M, Peak:0.00M | Scene, ViewLayer | Synchronizing object | Cylinder.321
Fra:1 Mem:280.53M (Peak 280.53M) | Time:00:00.74 | Mem:0.00M, Peak:0.00M | Scene, ViewLayer | Synchronizing object | Cylinder.322
Fra:1 Mem:280.53M (Peak 280.53M) | Time:00:00.74 | Mem:0.00M, Peak:0.00M | Scene, ViewLayer | Synchronizing object | Cylinder.323
Fra:1 Mem:280.53M (Peak 280.53M) | Time:00:00.74 | Mem:0.00M, Peak:0.00M | Scene, ViewLayer | Synchronizing object | Cylinder.324
Fra:1 Mem:280.53M (Peak 280.53M) | Time:00:00.74 | Mem:0.00M, Peak:0.00M | Scene, ViewLayer | Synchronizing object | Cylinder.325
Fra:1 Mem:280.53M (Peak 280.53M) | Time:00:00.74 | Mem:0.00M, Peak:0.00M | Scene, ViewLayer | Synchronizing object | Cylinder.326
Fra:1 Mem:280.53M (Peak 280.53M) | Time:00:00.74 | Mem:0.00M, Peak:0.00M | Scene, ViewLayer | Synchronizing object | Cylinder.327
Fra:1 Mem:280.53M (Peak 280.53M) | Time:00:00.74 | Mem:0.00M, Peak:0.00M | Scene, ViewLayer | Synchronizing object | Cylinder.328
Fra:1 Mem:280.54M (Peak 280.54M) | Time:00:00.74 | Mem:0.00M, Peak:0.00M | Scene, ViewLayer | Synchronizing object | Cylinder.329
Fra:1 Mem:280.54M (Peak 280.54M) | Time:00:00.74 | Mem:0.00M, Peak:0.00M | Scene, ViewLayer | Synchronizing object | Cylinder.330
Fra:1 Mem:280.54M (Peak 280.54M) | Time:00:00.74 | Mem:0.00M, Peak:0.00M | Scene, ViewLayer | Synchronizing object | Cylinder.331
Fra:1 Mem:280.54M (Peak 280.54M) | Time:00:00.74 | Mem:0.00M, Peak:0.00M | Scene, ViewLayer | Synchronizing object | Cylinder.332
Fra:1 Mem:280.54M (Peak 280.54M) | Time:00:00.74 | Mem:0.00M, Peak:0.00M | Scene, ViewLayer | Synchronizing object | Cylinder.333
Fra:1 Mem:280.54M (Peak 280.54M) | Time:00:00.74 | Mem:0.00M, Peak:0.00M | Scene, ViewLayer | Synchronizing object | Cylinder.334
Fra:1 Mem:280.55M (Peak 280.55M) | Time:00:00.74 | Mem:0.00M, Peak:0.00M | Scene, ViewLayer | Synchronizing object | Cylinder.335
Fra:1 Mem:280.55M (Peak 280.55M) | Time:00:00.74 | Mem:0.00M, Peak:0.00M | Scene, ViewLayer | Synchronizing object | Cylinder.336
Fra:1 Mem:280.55M (Peak 280.55M) | Time:00:00.74 | Mem:0.00M, Peak:0.00M | Scene, ViewLayer | Synchronizing object | Cylinder.337
Fra:1 Mem:280.55M (Peak 280.55M) | Time:00:00.74 | Mem:0.00M, Peak:0.00M | Scene, ViewLayer | Synchronizing object | Cylinder.338
Fra:1 Mem:280.55M (Peak 280.55M) | Time:00:00.74 | Mem:0.00M, Peak:0.00M | Scene, ViewLayer | Synchronizing object | Cylinder.339
Fra:1 Mem:280.55M (Peak 280.55M) | Time:00:00.74 | Mem:0.00M, Peak:0.00M | Scene, ViewLayer | Synchronizing object | Cylinder.340
Fra:1 Mem:280.56M (Peak 280.56M) | Time:00:00.74 | Mem:0.00M, Peak:0.00M | Scene, ViewLayer | Synchronizing object | Cylinder.341
Fra:1 Mem:280.56M (Peak 280.56M) | Time:00:00.74 | Mem:0.00M, Peak:0.00M | Scene, ViewLayer | Synchronizing object | Cylinder.342
Fra:1 Mem:280.56M (Peak 280.56M) | Time:00:00.74 | Mem:0.00M, Peak:0.00M | Scene, ViewLayer | Synchronizing object | Cylinder.343
Fra:1 Mem:280.56M (Peak 280.56M) | Time:00:00.74 | Mem:0.00M, Peak:0.00M | Scene, ViewLayer | Synchronizing object | Cylinder.344
Fra:1 Mem:280.56M (Peak 280.56M) | Time:00:00.74 | Mem:0.00M, Peak:0.00M | Scene, ViewLayer | Synchronizing object | Cylinder.345
Fra:1 Mem:280.56M (Peak 280.56M) | Time:00:00.74 | Mem:0.00M, Peak:0.00M | Scene, ViewLayer | Synchronizing object | Cylinder.346
Fra:1 Mem:280.57M (Peak 280.57M) | Time:00:00.74 | Mem:0.00M, Peak:0.00M | Scene, ViewLayer | Synchronizing object | Cylinder.347
Fra:1 Mem:280.57M (Peak 280.57M) | Time:00:00.74 | Mem:0.00M, Peak:0.00M | Scene, ViewLayer | Synchronizing object | Cylinder.348
Fra:1 Mem:280.57M (Peak 280.57M) | Time:00:00.74 | Mem:0.00M, Peak:0.00M | Scene, ViewLayer | Synchronizing object | Cylinder.349
Fra:1 Mem:280.57M (Peak 280.57M) | Time:00:00.74 | Mem:0.00M, Peak:0.00M | Scene, ViewLayer | Synchronizing object | Cylinder.350
Fra:1 Mem:280.57M (Peak 280.57M) | Time:00:00.74 | Mem:0.00M, Peak:0.00M | Scene, ViewLayer | Synchronizing object | Cylinder.351
Fra:1 Mem:280.57M (Peak 280.57M) | Time:00:00.74 | Mem:0.00M, Peak:0.00M | Scene, ViewLayer | Synchronizing object | Cylinder.352
Fra:1 Mem:280.58M (Peak 280.58M) | Time:00:00.74 | Mem:0.00M, Peak:0.00M | Scene, ViewLayer | Synchronizing object | Cylinder.353
Fra:1 Mem:280.58M (Peak 280.58M) | Time:00:00.74 | Mem:0.00M, Peak:0.00M | Scene, ViewLayer | Synchronizing object | Cylinder.354
Fra:1 Mem:280.58M (Peak 280.58M) | Time:00:00.74 | Mem:0.00M, Peak:0.00M | Scene, ViewLayer | Synchronizing object | Cylinder.355
Fra:1 Mem:280.58M (Peak 280.58M) | Time:00:00.74 | Mem:0.00M, Peak:0.00M | Scene, ViewLayer | Synchronizing object | Cylinder.356
Fra:1 Mem:280.58M (Peak 280.58M) | Time:00:00.74 | Mem:0.00M, Peak:0.00M | Scene, ViewLayer | Synchronizing object | Cylinder.357
Fra:1 Mem:280.58M (Peak 280.58M) | Time:00:00.74 | Mem:0.00M, Peak:0.00M | Scene, ViewLayer | Synchronizing object | Cylinder.358
Fra:1 Mem:280.59M (Peak 280.59M) | Time:00:00.74 | Mem:0.00M, Peak:0.00M | Scene, ViewLayer | Synchronizing object | Cylinder.359
Fra:1 Mem:280.59M (Peak 280.59M) | Time:00:00.74 | Mem:0.00M, Peak:0.00M | Scene, ViewLayer | Synchronizing object | Cylinder.360
Fra:1 Mem:280.59M (Peak 280.59M) | Time:00:00.74 | Mem:0.00M, Peak:0.00M | Scene, ViewLayer | Synchronizing object | Cylinder.361
Fra:1 Mem:280.59M (Peak 280.59M) | Time:00:00.74 | Mem:0.00M, Peak:0.00M | Scene, ViewLayer | Synchronizing object | Cylinder.362
Fra:1 Mem:280.59M (Peak 280.59M) | Time:00:00.74 | Mem:0.00M, Peak:0.00M | Scene, ViewLayer | Synchronizing object | Cylinder.363
Fra:1 Mem:280.59M (Peak 280.59M) | Time:00:00.74 | Mem:0.00M, Peak:0.00M | Scene, ViewLayer | Synchronizing object | Cylinder.364
Fra:1 Mem:280.60M (Peak 280.60M) | Time:00:00.74 | Mem:0.00M, Peak:0.00M | Scene, ViewLayer | Synchronizing object | Cylinder.365
Fra:1 Mem:280.60M (Peak 280.60M) | Time:00:00.74 | Mem:0.00M, Peak:0.00M | Scene, ViewLayer | Synchronizing object | Sphere.153
Fra:1 Mem:280.62M (Peak 280.62M) | Time:00:00.74 | Mem:0.00M, Peak:0.00M | Scene, ViewLayer | Synchronizing object | Cone.080
Fra:1 Mem:280.62M (Peak 280.62M) | Time:00:00.74 | Mem:0.00M, Peak:0.00M | Scene, ViewLayer | Synchronizing object | Cone.081
Fra:1 Mem:280.62M (Peak 280.62M) | Time:00:00.74 | Mem:0.00M, Peak:0.00M | Scene, ViewLayer | Synchronizing object | Cone.082
Fra:1 Mem:280.62M (Peak 280.62M) | Time:00:00.74 | Mem:0.00M, Peak:0.00M | Scene, ViewLayer | Synchronizing object | Cone.083
Fra:1 Mem:280.62M (Peak 280.62M) | Time:00:00.74 | Mem:0.00M, Peak:0.00M | Scene, ViewLayer | Synchronizing object | Cone.084
Fra:1 Mem:280.62M (Peak 280.62M) | Time:00:00.74 | Mem:0.00M, Peak:0.00M | Scene, ViewLayer | Synchronizing object | Cone.085
Fra:1 Mem:280.62M (Peak 280.62M) | Time:00:00.74 | Mem:0.00M, Peak:0.00M | Scene, ViewLayer | Synchronizing object | Cone.086
Fra:1 Mem:280.63M (Peak 280.63M) | Time:00:00.74 | Mem:0.00M, Peak:0.00M | Scene, ViewLayer | Synchronizing object | Cone.087
Fra:1 Mem:280.63M (Peak 280.63M) | Time:00:00.74 | Mem:0.00M, Peak:0.00M | Scene, ViewLayer | Synchronizing object | Cone.088
Fra:1 Mem:280.63M (Peak 280.63M) | Time:00:00.74 | Mem:0.00M, Peak:0.00M | Scene, ViewLayer | Synchronizing object | Cone.089
Fra:1 Mem:280.63M (Peak 280.63M) | Time:00:00.74 | Mem:0.00M, Peak:0.00M | Scene, ViewLayer | Synchronizing object | Cone.090
Fra:1 Mem:280.63M (Peak 280.63M) | Time:00:00.74 | Mem:0.00M, Peak:0.00M | Scene, ViewLayer | Synchronizing object | Cone.091
Fra:1 Mem:280.63M (Peak 280.63M) | Time:00:00.74 | Mem:0.00M, Peak:0.00M | Scene, ViewLayer | Synchronizing object | Cone.092
Fra:1 Mem:280.63M (Peak 280.63M) | Time:00:00.74 | Mem:0.00M, Peak:0.00M | Scene, ViewLayer | Synchronizing object | Cone.093
Fra:1 Mem:280.63M (Peak 280.63M) | Time:00:00.74 | Mem:0.00M, Peak:0.00M | Scene, ViewLayer | Synchronizing object | Cone.094
Fra:1 Mem:280.63M (Peak 280.63M) | Time:00:00.74 | Mem:0.00M, Peak:0.00M | Scene, ViewLayer | Synchronizing object | Cone.095
Fra:1 Mem:280.63M (Peak 280.63M) | Time:00:00.74 | Mem:0.00M, Peak:0.00M | Scene, ViewLayer | Synchronizing object | Cone.096
Fra:1 Mem:280.64M (Peak 280.64M) | Time:00:00.74 | Mem:0.00M, Peak:0.00M | Scene, ViewLayer | Synchronizing object | Cone.097
Fra:1 Mem:280.64M (Peak 280.64M) | Time:00:00.74 | Mem:0.00M, Peak:0.00M | Scene, ViewLayer | Synchronizing object | Cone.098
Fra:1 Mem:280.64M (Peak 280.64M) | Time:00:00.74 | Mem:0.00M, Peak:0.00M | Scene, ViewLayer | Synchronizing object | Cone.099
Fra:1 Mem:280.64M (Peak 280.64M) | Time:00:00.74 | Mem:0.00M, Peak:0.00M | Scene, ViewLayer | Synchronizing object | Cone.100
Fra:1 Mem:280.64M (Peak 280.64M) | Time:00:00.74 | Mem:0.00M, Peak:0.00M | Scene, ViewLayer | Synchronizing object | Cone.101
Fra:1 Mem:280.64M (Peak 280.64M) | Time:00:00.74 | Mem:0.00M, Peak:0.00M | Scene, ViewLayer | Synchronizing object | Cone.102
Fra:1 Mem:280.64M (Peak 280.64M) | Time:00:00.74 | Mem:0.00M, Peak:0.00M | Scene, ViewLayer | Synchronizing object | Cone.103
Fra:1 Mem:280.64M (Peak 280.64M) | Time:00:00.74 | Mem:0.00M, Peak:0.00M | Scene, ViewLayer | Synchronizing object | Cone.104
Fra:1 Mem:280.64M (Peak 280.64M) | Time:00:00.74 | Mem:0.00M, Peak:0.00M | Scene, ViewLayer | Synchronizing object | Cone.105
Fra:1 Mem:280.65M (Peak 280.65M) | Time:00:00.74 | Mem:0.00M, Peak:0.00M | Scene, ViewLayer | Synchronizing object | Cone.106
Fra:1 Mem:280.65M (Peak 280.65M) | Time:00:00.74 | Mem:0.00M, Peak:0.00M | Scene, ViewLayer | Synchronizing object | Cone.107
Fra:1 Mem:280.65M (Peak 280.65M) | Time:00:00.74 | Mem:0.00M, Peak:0.00M | Scene, ViewLayer | Synchronizing object | Cone.108
Fra:1 Mem:280.65M (Peak 280.65M) | Time:00:00.74 | Mem:0.00M, Peak:0.00M | Scene, ViewLayer | Synchronizing object | Cone.109
Fra:1 Mem:280.65M (Peak 280.65M) | Time:00:00.74 | Mem:0.00M, Peak:0.00M | Scene, ViewLayer | Synchronizing object | Cone.110
Fra:1 Mem:280.65M (Peak 280.65M) | Time:00:00.74 | Mem:0.00M, Peak:0.00M | Scene, ViewLayer | Synchronizing object | Cone.111
Fra:1 Mem:280.65M (Peak 280.65M) | Time:00:00.74 | Mem:0.00M, Peak:0.00M | Scene, ViewLayer | Synchronizing object | Cone.112
Fra:1 Mem:280.65M (Peak 280.65M) | Time:00:00.74 | Mem:0.00M, Peak:0.00M | Scene, ViewLayer | Synchronizing object | Cone.113
Fra:1 Mem:280.65M (Peak 280.65M) | Time:00:00.74 | Mem:0.00M, Peak:0.00M | Scene, ViewLayer | Synchronizing object | Cone.114
Fra:1 Mem:280.66M (Peak 280.66M) | Time:00:00.74 | Mem:0.00M, Peak:0.00M | Scene, ViewLayer | Synchronizing object | Cone.115
Fra:1 Mem:280.66M (Peak 280.66M) | Time:00:00.74 | Mem:0.00M, Peak:0.00M | Scene, ViewLayer | Synchronizing object | Cone.116
Fra:1 Mem:280.66M (Peak 280.66M) | Time:00:00.74 | Mem:0.00M, Peak:0.00M | Scene, ViewLayer | Synchronizing object | Cone.117
Fra:1 Mem:280.66M (Peak 280.66M) | Time:00:00.74 | Mem:0.00M, Peak:0.00M | Scene, ViewLayer | Synchronizing object | Cone.118
Fra:1 Mem:280.66M (Peak 280.66M) | Time:00:00.74 | Mem:0.00M, Peak:0.00M | Scene, ViewLayer | Synchronizing object | Cone.119
Fra:1 Mem:280.66M (Peak 280.66M) | Time:00:00.74 | Mem:0.00M, Peak:0.00M | Scene, ViewLayer | Synchronizing object | Cone.120
Fra:1 Mem:280.66M (Peak 280.66M) | Time:00:00.74 | Mem:0.00M, Peak:0.00M | Scene, ViewLayer | Synchronizing object | Cone.121
Fra:1 Mem:280.66M (Peak 280.66M) | Time:00:00.74 | Mem:0.00M, Peak:0.00M | Scene, ViewLayer | Synchronizing object | Cone.122
Fra:1 Mem:280.66M (Peak 280.66M) | Time:00:00.74 | Mem:0.00M, Peak:0.00M | Scene, ViewLayer | Synchronizing object | Cone.123
Fra:1 Mem:280.66M (Peak 280.66M) | Time:00:00.74 | Mem:0.00M, Peak:0.00M | Scene, ViewLayer | Synchronizing object | Cone.124
Fra:1 Mem:280.67M (Peak 280.67M) | Time:00:00.74 | Mem:0.00M, Peak:0.00M | Scene, ViewLayer | Synchronizing object | Cone.125
Fra:1 Mem:280.67M (Peak 280.67M) | Time:00:00.75 | Mem:0.00M, Peak:0.00M | Scene, ViewLayer | Synchronizing object | Cone.126
Fra:1 Mem:280.67M (Peak 280.67M) | Time:00:00.75 | Mem:0.00M, Peak:0.00M | Scene, ViewLayer | Synchronizing object | Cone.127
Fra:1 Mem:280.67M (Peak 280.67M) | Time:00:00.75 | Mem:0.00M, Peak:0.00M | Scene, ViewLayer | Synchronizing object | Cone.128
Fra:1 Mem:280.67M (Peak 280.67M) | Time:00:00.75 | Mem:0.00M, Peak:0.00M | Scene, ViewLayer | Synchronizing object | Cone.129
Fra:1 Mem:280.67M (Peak 280.67M) | Time:00:00.75 | Mem:0.00M, Peak:0.00M | Scene, ViewLayer | Synchronizing object | Cone.130
Fra:1 Mem:280.67M (Peak 280.67M) | Time:00:00.75 | Mem:0.00M, Peak:0.00M | Scene, ViewLayer | Synchronizing object | Cone.131
Fra:1 Mem:280.67M (Peak 280.67M) | Time:00:00.75 | Mem:0.00M, Peak:0.00M | Scene, ViewLayer | Synchronizing object | Cone.132
Fra:1 Mem:280.67M (Peak 280.67M) | Time:00:00.75 | Mem:0.00M, Peak:0.00M | Scene, ViewLayer | Synchronizing object | Cone.133
Fra:1 Mem:280.68M (Peak 280.68M) | Time:00:00.75 | Mem:0.00M, Peak:0.00M | Scene, ViewLayer | Synchronizing object | Cone.134
Fra:1 Mem:280.68M (Peak 280.68M) | Time:00:00.75 | Mem:0.00M, Peak:0.00M | Scene, ViewLayer | Synchronizing object | Cone.135
Fra:1 Mem:280.68M (Peak 280.68M) | Time:00:00.75 | Mem:0.00M, Peak:0.00M | Scene, ViewLayer | Synchronizing object | Cone.136
Fra:1 Mem:280.68M (Peak 280.68M) | Time:00:00.75 | Mem:0.00M, Peak:0.00M | Scene, ViewLayer | Synchronizing object | Cone.137
Fra:1 Mem:280.68M (Peak 280.68M) | Time:00:00.75 | Mem:0.00M, Peak:0.00M | Scene, ViewLayer | Synchronizing object | Cone.138
Fra:1 Mem:280.68M (Peak 280.68M) | Time:00:00.75 | Mem:0.00M, Peak:0.00M | Scene, ViewLayer | Synchronizing object | Cone.139
Fra:1 Mem:280.68M (Peak 280.68M) | Time:00:00.75 | Mem:0.00M, Peak:0.00M | Scene, ViewLayer | Synchronizing object | Cone.140
Fra:1 Mem:280.68M (Peak 280.68M) | Time:00:00.75 | Mem:0.00M, Peak:0.00M | Scene, ViewLayer | Synchronizing object | Cone.141
Fra:1 Mem:280.68M (Peak 280.68M) | Time:00:00.75 | Mem:0.00M, Peak:0.00M | Scene, ViewLayer | Synchronizing object | Cone.142
Fra:1 Mem:280.69M (Peak 280.69M) | Time:00:00.75 | Mem:0.00M, Peak:0.00M | Scene, ViewLayer | Synchronizing object | Cone.143
Fra:1 Mem:280.69M (Peak 280.69M) | Time:00:00.75 | Mem:0.00M, Peak:0.00M | Scene, ViewLayer | Synchronizing object | Cone.144
Fra:1 Mem:280.69M (Peak 280.69M) | Time:00:00.75 | Mem:0.00M, Peak:0.00M | Scene, ViewLayer | Synchronizing object | Cone.145
Fra:1 Mem:280.69M (Peak 280.69M) | Time:00:00.75 | Mem:0.00M, Peak:0.00M | Scene, ViewLayer | Synchronizing object | Cone.146
Fra:1 Mem:280.69M (Peak 280.69M) | Time:00:00.75 | Mem:0.00M, Peak:0.00M | Scene, ViewLayer | Synchronizing object | Cone.147
Fra:1 Mem:280.69M (Peak 280.69M) | Time:00:00.75 | Mem:0.00M, Peak:0.00M | Scene, ViewLayer | Synchronizing object | Cone.148
Fra:1 Mem:280.69M (Peak 280.69M) | Time:00:00.75 | Mem:0.00M, Peak:0.00M | Scene, ViewLayer | Synchronizing object | Cone.149
Fra:1 Mem:280.69M (Peak 280.69M) | Time:00:00.75 | Mem:0.00M, Peak:0.00M | Scene, ViewLayer | Synchronizing object | Cone.150
Fra:1 Mem:280.69M (Peak 280.69M) | Time:00:00.75 | Mem:0.00M, Peak:0.00M | Scene, ViewLayer | Synchronizing object | Cone.151
Fra:1 Mem:280.69M (Peak 280.69M) | Time:00:00.75 | Mem:0.00M, Peak:0.00M | Scene, ViewLayer | Synchronizing object | Cone.152
Fra:1 Mem:280.70M (Peak 280.70M) | Time:00:00.75 | Mem:0.00M, Peak:0.00M | Scene, ViewLayer | Synchronizing object | Cone.153
Fra:1 Mem:280.70M (Peak 280.70M) | Time:00:00.75 | Mem:0.00M, Peak:0.00M | Scene, ViewLayer | Synchronizing object | Cone.154
Fra:1 Mem:280.70M (Peak 280.70M) | Time:00:00.75 | Mem:0.00M, Peak:0.00M | Scene, ViewLayer | Synchronizing object | Cone.155
Fra:1 Mem:280.70M (Peak 280.70M) | Time:00:00.75 | Mem:0.00M, Peak:0.00M | Scene, ViewLayer | Synchronizing object | Cone.156
Fra:1 Mem:280.70M (Peak 280.70M) | Time:00:00.75 | Mem:0.00M, Peak:0.00M | Scene, ViewLayer | Synchronizing object | Cone.157
Fra:1 Mem:280.70M (Peak 280.70M) | Time:00:00.75 | Mem:0.00M, Peak:0.00M | Scene, ViewLayer | Synchronizing object | Cone.158
Fra:1 Mem:280.70M (Peak 280.70M) | Time:00:00.75 | Mem:0.00M, Peak:0.00M | Scene, ViewLayer | Synchronizing object | Cone.159
Fra:1 Mem:280.70M (Peak 280.70M) | Time:00:00.75 | Mem:0.00M, Peak:0.00M | Scene, ViewLayer | Synchronizing object | Cone.160
Fra:1 Mem:280.70M (Peak 280.70M) | Time:00:00.75 | Mem:0.00M, Peak:0.00M | Scene, ViewLayer | Synchronizing object | Cone.161
Fra:1 Mem:280.71M (Peak 280.71M) | Time:00:00.75 | Mem:0.00M, Peak:0.00M | Scene, ViewLayer | Synchronizing object | Cone.162
Fra:1 Mem:280.71M (Peak 280.71M) | Time:00:00.75 | Mem:0.00M, Peak:0.00M | Scene, ViewLayer | Synchronizing object | Cone.163
Fra:1 Mem:280.71M (Peak 280.71M) | Time:00:00.75 | Mem:0.00M, Peak:0.00M | Scene, ViewLayer | Synchronizing object | Cone.164
Fra:1 Mem:280.71M (Peak 280.71M) | Time:00:00.75 | Mem:0.00M, Peak:0.00M | Scene, ViewLayer | Synchronizing object | Cone.165
Fra:1 Mem:280.71M (Peak 280.71M) | Time:00:00.75 | Mem:0.00M, Peak:0.00M | Scene, ViewLayer | Synchronizing object | Cone.166
Fra:1 Mem:280.71M (Peak 280.71M) | Time:00:00.75 | Mem:0.00M, Peak:0.00M | Scene, ViewLayer | Synchronizing object | Cone.167
Fra:1 Mem:280.71M (Peak 280.71M) | Time:00:00.75 | Mem:0.00M, Peak:0.00M | Scene, ViewLayer | Synchronizing object | Cone.168
Fra:1 Mem:280.71M (Peak 280.71M) | Time:00:00.75 | Mem:0.00M, Peak:0.00M | Scene, ViewLayer | Synchronizing object | Cone.169
Fra:1 Mem:280.71M (Peak 280.71M) | Time:00:00.75 | Mem:0.00M, Peak:0.00M | Scene, ViewLayer | Synchronizing object | Cone.170
Fra:1 Mem:280.72M (Peak 280.72M) | Time:00:00.75 | Mem:0.00M, Peak:0.00M | Scene, ViewLayer | Synchronizing object | Cone.171
Fra:1 Mem:280.72M (Peak 280.72M) | Time:00:00.75 | Mem:0.00M, Peak:0.00M | Scene, ViewLayer | Synchronizing object | Cone.172
Fra:1 Mem:280.72M (Peak 280.72M) | Time:00:00.75 | Mem:0.00M, Peak:0.00M | Scene, ViewLayer | Synchronizing object | Cone.173
Fra:1 Mem:280.72M (Peak 280.72M) | Time:00:00.75 | Mem:0.00M, Peak:0.00M | Scene, ViewLayer | Synchronizing object | Cone.174
Fra:1 Mem:280.72M (Peak 280.72M) | Time:00:00.75 | Mem:0.00M, Peak:0.00M | Scene, ViewLayer | Synchronizing object | Cone.175
Fra:1 Mem:280.72M (Peak 280.72M) | Time:00:00.75 | Mem:0.00M, Peak:0.00M | Scene, ViewLayer | Synchronizing object | Cone.176
Fra:1 Mem:280.72M (Peak 280.72M) | Time:00:00.75 | Mem:0.00M, Peak:0.00M | Scene, ViewLayer | Synchronizing object | Cone.177
Fra:1 Mem:280.72M (Peak 280.72M) | Time:00:00.75 | Mem:0.00M, Peak:0.00M | Scene, ViewLayer | Synchronizing object | Cone.178
Fra:1 Mem:280.72M (Peak 280.72M) | Time:00:00.75 | Mem:0.00M, Peak:0.00M | Scene, ViewLayer | Synchronizing object | Cone.179
Fra:1 Mem:280.72M (Peak 280.72M) | Time:00:00.75 | Mem:0.00M, Peak:0.00M | Scene, ViewLayer | Synchronizing object | Cone.180
Fra:1 Mem:280.73M (Peak 280.73M) | Time:00:00.75 | Mem:0.00M, Peak:0.00M | Scene, ViewLayer | Synchronizing object | Cone.181
Fra:1 Mem:280.73M (Peak 280.73M) | Time:00:00.75 | Mem:0.00M, Peak:0.00M | Scene, ViewLayer | Synchronizing object | Cone.182
Fra:1 Mem:280.73M (Peak 280.73M) | Time:00:00.75 | Mem:0.00M, Peak:0.00M | Scene, ViewLayer | Synchronizing object | Cone.183
Fra:1 Mem:280.73M (Peak 280.73M) | Time:00:00.75 | Mem:0.00M, Peak:0.00M | Scene, ViewLayer | Synchronizing object | Cone.184
Fra:1 Mem:280.73M (Peak 280.73M) | Time:00:00.75 | Mem:0.00M, Peak:0.00M | Scene, ViewLayer | Synchronizing object | Cone.185
Fra:1 Mem:280.73M (Peak 280.73M) | Time:00:00.75 | Mem:0.00M, Peak:0.00M | Scene, ViewLayer | Synchronizing object | Cone.186
Fra:1 Mem:280.73M (Peak 280.73M) | Time:00:00.75 | Mem:0.00M, Peak:0.00M | Scene, ViewLayer | Synchronizing object | Cone.187
Fra:1 Mem:280.73M (Peak 280.73M) | Time:00:00.75 | Mem:0.00M, Peak:0.00M | Scene, ViewLayer | Synchronizing object | Cone.188
Fra:1 Mem:280.73M (Peak 280.73M) | Time:00:00.75 | Mem:0.00M, Peak:0.00M | Scene, ViewLayer | Synchronizing object | Cone.189
Fra:1 Mem:280.73M (Peak 280.73M) | Time:00:00.75 | Mem:0.00M, Peak:0.00M | Scene, ViewLayer | Synchronizing object | Cone.190
Fra:1 Mem:280.73M (Peak 280.73M) | Time:00:00.75 | Mem:0.00M, Peak:0.00M | Scene, ViewLayer | Synchronizing object | Cone.191
Fra:1 Mem:280.73M (Peak 280.73M) | Time:00:00.75 | Mem:0.00M, Peak:0.00M | Scene, ViewLayer | Synchronizing object | Cone.192
Fra:1 Mem:280.73M (Peak 280.73M) | Time:00:00.75 | Mem:0.00M, Peak:0.00M | Scene, ViewLayer | Synchronizing object | Cone.193
Fra:1 Mem:280.74M (Peak 280.74M) | Time:00:00.75 | Mem:0.00M, Peak:0.00M | Scene, ViewLayer | Synchronizing object | Cone.194
Fra:1 Mem:280.74M (Peak 280.74M) | Time:00:00.75 | Mem:0.00M, Peak:0.00M | Scene, ViewLayer | Synchronizing object | Cone.195
Fra:1 Mem:280.74M (Peak 280.74M) | Time:00:00.75 | Mem:0.00M, Peak:0.00M | Scene, ViewLayer | Synchronizing object | Cone.196
Fra:1 Mem:280.74M (Peak 280.74M) | Time:00:00.75 | Mem:0.00M, Peak:0.00M | Scene, ViewLayer | Synchronizing object | Cone.197
Fra:1 Mem:280.74M (Peak 280.74M) | Time:00:00.75 | Mem:0.00M, Peak:0.00M | Scene, ViewLayer | Synchronizing object | Cone.198
Fra:1 Mem:280.74M (Peak 280.74M) | Time:00:00.75 | Mem:0.00M, Peak:0.00M | Scene, ViewLayer | Synchronizing object | Cone.199
Fra:1 Mem:280.74M (Peak 280.74M) | Time:00:00.75 | Mem:0.00M, Peak:0.00M | Scene, ViewLayer | Synchronizing object | Cone.200
Fra:1 Mem:280.74M (Peak 280.74M) | Time:00:00.75 | Mem:0.00M, Peak:0.00M | Scene, ViewLayer | Synchronizing object | Cone.201
Fra:1 Mem:280.74M (Peak 280.74M) | Time:00:00.75 | Mem:0.00M, Peak:0.00M | Scene, ViewLayer | Synchronizing object | Cone.202
Fra:1 Mem:280.75M (Peak 280.75M) | Time:00:00.75 | Mem:0.00M, Peak:0.00M | Scene, ViewLayer | Synchronizing object | Cone.203
Fra:1 Mem:280.75M (Peak 280.75M) | Time:00:00.75 | Mem:0.00M, Peak:0.00M | Scene, ViewLayer | Synchronizing object | Cone.204
Fra:1 Mem:280.75M (Peak 280.75M) | Time:00:00.75 | Mem:0.00M, Peak:0.00M | Scene, ViewLayer | Synchronizing object | Cone.205
Fra:1 Mem:280.75M (Peak 280.75M) | Time:00:00.75 | Mem:0.00M, Peak:0.00M | Scene, ViewLayer | Synchronizing object | Cone.206
Fra:1 Mem:280.75M (Peak 280.75M) | Time:00:00.75 | Mem:0.00M, Peak:0.00M | Scene, ViewLayer | Synchronizing object | Cone.207
Fra:1 Mem:280.75M (Peak 280.75M) | Time:00:00.75 | Mem:0.00M, Peak:0.00M | Scene, ViewLayer | Synchronizing object | Cone.208
Fra:1 Mem:280.75M (Peak 280.75M) | Time:00:00.75 | Mem:0.00M, Peak:0.00M | Scene, ViewLayer | Synchronizing object | Cone.209
Fra:1 Mem:280.75M (Peak 280.75M) | Time:00:00.75 | Mem:0.00M, Peak:0.00M | Scene, ViewLayer | Synchronizing object | Cone.210
Fra:1 Mem:280.75M (Peak 280.75M) | Time:00:00.75 | Mem:0.00M, Peak:0.00M | Scene, ViewLayer | Synchronizing object | Cone.211
Fra:1 Mem:280.76M (Peak 280.76M) | Time:00:00.75 | Mem:0.00M, Peak:0.00M | Scene, ViewLayer | Synchronizing object | Cone.212
Fra:1 Mem:280.76M (Peak 280.76M) | Time:00:00.75 | Mem:0.00M, Peak:0.00M | Scene, ViewLayer | Synchronizing object | Cone.213
Fra:1 Mem:280.76M (Peak 280.76M) | Time:00:00.75 | Mem:0.00M, Peak:0.00M | Scene, ViewLayer | Synchronizing object | Cone.214
Fra:1 Mem:280.76M (Peak 280.76M) | Time:00:00.75 | Mem:0.00M, Peak:0.00M | Scene, ViewLayer | Synchronizing object | Cone.215
Fra:1 Mem:280.76M (Peak 280.76M) | Time:00:00.75 | Mem:0.00M, Peak:0.00M | Scene, ViewLayer | Synchronizing object | Cone.216
Fra:1 Mem:280.76M (Peak 280.76M) | Time:00:00.75 | Mem:0.00M, Peak:0.00M | Scene, ViewLayer | Synchronizing object | Cone.217
Fra:1 Mem:280.76M (Peak 280.76M) | Time:00:00.75 | Mem:0.00M, Peak:0.00M | Scene, ViewLayer | Synchronizing object | Cone.218
Fra:1 Mem:280.76M (Peak 280.76M) | Time:00:00.75 | Mem:0.00M, Peak:0.00M | Scene, ViewLayer | Synchronizing object | Cone.219
Fra:1 Mem:280.76M (Peak 280.76M) | Time:00:00.75 | Mem:0.00M, Peak:0.00M | Scene, ViewLayer | Synchronizing object | Cone.220
Fra:1 Mem:280.76M (Peak 280.76M) | Time:00:00.75 | Mem:0.00M, Peak:0.00M | Scene, ViewLayer | Synchronizing object | Cone.221
Fra:1 Mem:280.77M (Peak 280.77M) | Time:00:00.75 | Mem:0.00M, Peak:0.00M | Scene, ViewLayer | Synchronizing object | Cone.222
Fra:1 Mem:280.77M (Peak 280.77M) | Time:00:00.75 | Mem:0.00M, Peak:0.00M | Scene, ViewLayer | Synchronizing object | Cone.223
Fra:1 Mem:280.77M (Peak 280.77M) | Time:00:00.75 | Mem:0.00M, Peak:0.00M | Scene, ViewLayer | Synchronizing object | Cone.224
Fra:1 Mem:280.77M (Peak 280.77M) | Time:00:00.75 | Mem:0.00M, Peak:0.00M | Scene, ViewLayer | Synchronizing object | Cone.225
Fra:1 Mem:280.77M (Peak 280.77M) | Time:00:00.75 | Mem:0.00M, Peak:0.00M | Scene, ViewLayer | Synchronizing object | Cone.226
Fra:1 Mem:280.77M (Peak 280.77M) | Time:00:00.75 | Mem:0.00M, Peak:0.00M | Scene, ViewLayer | Synchronizing object | Cone.227
Fra:1 Mem:280.77M (Peak 280.77M) | Time:00:00.75 | Mem:0.00M, Peak:0.00M | Scene, ViewLayer | Synchronizing object | Cone.228
Fra:1 Mem:280.77M (Peak 280.77M) | Time:00:00.75 | Mem:0.00M, Peak:0.00M | Scene, ViewLayer | Synchronizing object | Cone.229
Fra:1 Mem:280.77M (Peak 280.77M) | Time:00:00.75 | Mem:0.00M, Peak:0.00M | Scene, ViewLayer | Synchronizing object | Cone.230
Fra:1 Mem:280.78M (Peak 280.78M) | Time:00:00.75 | Mem:0.00M, Peak:0.00M | Scene, ViewLayer | Synchronizing object | Cone.231
Fra:1 Mem:280.78M (Peak 280.78M) | Time:00:00.75 | Mem:0.00M, Peak:0.00M | Scene, ViewLayer | Synchronizing object | Cone.232
Fra:1 Mem:280.78M (Peak 280.78M) | Time:00:00.75 | Mem:0.00M, Peak:0.00M | Scene, ViewLayer | Synchronizing object | Cone.233
Fra:1 Mem:280.78M (Peak 280.78M) | Time:00:00.75 | Mem:0.00M, Peak:0.00M | Scene, ViewLayer | Synchronizing object | Cone.234
Fra:1 Mem:280.78M (Peak 280.78M) | Time:00:00.75 | Mem:0.00M, Peak:0.00M | Scene, ViewLayer | Synchronizing object | Cone.235
Fra:1 Mem:280.78M (Peak 280.78M) | Time:00:00.75 | Mem:0.00M, Peak:0.00M | Scene, ViewLayer | Synchronizing object | Cone.236
Fra:1 Mem:280.78M (Peak 280.78M) | Time:00:00.75 | Mem:0.00M, Peak:0.00M | Scene, ViewLayer | Synchronizing object | Cone.237
Fra:1 Mem:280.78M (Peak 280.78M) | Time:00:00.75 | Mem:0.00M, Peak:0.00M | Scene, ViewLayer | Synchronizing object | Cone.238
Fra:1 Mem:280.78M (Peak 280.78M) | Time:00:00.75 | Mem:0.00M, Peak:0.00M | Scene, ViewLayer | Synchronizing object | Cone.239
Fra:1 Mem:280.79M (Peak 280.79M) | Time:00:00.75 | Mem:0.00M, Peak:0.00M | Scene, ViewLayer | Synchronizing object | Cone.240
Fra:1 Mem:280.79M (Peak 280.79M) | Time:00:00.75 | Mem:0.00M, Peak:0.00M | Scene, ViewLayer | Synchronizing object | Cone.241
Fra:1 Mem:280.79M (Peak 280.79M) | Time:00:00.75 | Mem:0.00M, Peak:0.00M | Scene, ViewLayer | Synchronizing object | Cone.242
Fra:1 Mem:280.79M (Peak 280.79M) | Time:00:00.75 | Mem:0.00M, Peak:0.00M | Scene, ViewLayer | Synchronizing object | Cone.243
Fra:1 Mem:280.79M (Peak 280.79M) | Time:00:00.75 | Mem:0.00M, Peak:0.00M | Scene, ViewLayer | Synchronizing object | Cone.244
Fra:1 Mem:280.79M (Peak 280.79M) | Time:00:00.75 | Mem:0.00M, Peak:0.00M | Scene, ViewLayer | Synchronizing object | Cone.245
Fra:1 Mem:280.79M (Peak 280.79M) | Time:00:00.75 | Mem:0.00M, Peak:0.00M | Scene, ViewLayer | Synchronizing object | Cone.246
Fra:1 Mem:280.79M (Peak 280.79M) | Time:00:00.75 | Mem:0.00M, Peak:0.00M | Scene, ViewLayer | Synchronizing object | Cone.247
Fra:1 Mem:280.79M (Peak 280.79M) | Time:00:00.75 | Mem:0.00M, Peak:0.00M | Scene, ViewLayer | Synchronizing object | Cone.248
Fra:1 Mem:280.79M (Peak 280.79M) | Time:00:00.75 | Mem:0.00M, Peak:0.00M | Scene, ViewLayer | Synchronizing object | Cone.249
Fra:1 Mem:280.80M (Peak 280.80M) | Time:00:00.75 | Mem:0.00M, Peak:0.00M | Scene, ViewLayer | Synchronizing object | Cone.250
Fra:1 Mem:280.80M (Peak 280.80M) | Time:00:00.75 | Mem:0.00M, Peak:0.00M | Scene, ViewLayer | Synchronizing object | Cone.251
Fra:1 Mem:280.80M (Peak 280.80M) | Time:00:00.75 | Mem:0.00M, Peak:0.00M | Scene, ViewLayer | Synchronizing object | Cone.252
Fra:1 Mem:280.80M (Peak 280.80M) | Time:00:00.75 | Mem:0.00M, Peak:0.00M | Scene, ViewLayer | Synchronizing object | Cone.253
Fra:1 Mem:280.80M (Peak 280.80M) | Time:00:00.75 | Mem:0.00M, Peak:0.00M | Scene, ViewLayer | Synchronizing object | Cone.254
Fra:1 Mem:280.80M (Peak 280.80M) | Time:00:00.75 | Mem:0.00M, Peak:0.00M | Scene, ViewLayer | Synchronizing object | Cone.255
Fra:1 Mem:280.80M (Peak 280.80M) | Time:00:00.75 | Mem:0.00M, Peak:0.00M | Scene, ViewLayer | Synchronizing object | Cone.256
Fra:1 Mem:280.80M (Peak 280.80M) | Time:00:00.75 | Mem:0.00M, Peak:0.00M | Scene, ViewLayer | Synchronizing object | Cone.257
Fra:1 Mem:280.81M (Peak 280.81M) | Time:00:00.75 | Mem:0.00M, Peak:0.00M | Scene, ViewLayer | Synchronizing object | Cone.258
Fra:1 Mem:280.81M (Peak 280.81M) | Time:00:00.75 | Mem:0.00M, Peak:0.00M | Scene, ViewLayer | Synchronizing object | Cone.259
Fra:1 Mem:280.81M (Peak 280.81M) | Time:00:00.75 | Mem:0.00M, Peak:0.00M | Scene, ViewLayer | Synchronizing object | Cone.260
Fra:1 Mem:280.81M (Peak 280.81M) | Time:00:00.75 | Mem:0.00M, Peak:0.00M | Scene, ViewLayer | Synchronizing object | Cone.261
Fra:1 Mem:280.81M (Peak 280.81M) | Time:00:00.75 | Mem:0.00M, Peak:0.00M | Scene, ViewLayer | Synchronizing object | Cone.262
Fra:1 Mem:280.81M (Peak 280.81M) | Time:00:00.75 | Mem:0.00M, Peak:0.00M | Scene, ViewLayer | Synchronizing object | Cone.263
Fra:1 Mem:280.81M (Peak 280.81M) | Time:00:00.75 | Mem:0.00M, Peak:0.00M | Scene, ViewLayer | Synchronizing object | Cone.264
Fra:1 Mem:280.82M (Peak 280.82M) | Time:00:00.75 | Mem:0.00M, Peak:0.00M | Scene, ViewLayer | Synchronizing object | Cone.265
Fra:1 Mem:280.82M (Peak 280.82M) | Time:00:00.75 | Mem:0.00M, Peak:0.00M | Scene, ViewLayer | Synchronizing object | Cone.266
Fra:1 Mem:280.82M (Peak 280.82M) | Time:00:00.75 | Mem:0.00M, Peak:0.00M | Scene, ViewLayer | Synchronizing object | Cone.267
Fra:1 Mem:280.82M (Peak 280.82M) | Time:00:00.75 | Mem:0.00M, Peak:0.00M | Scene, ViewLayer | Synchronizing object | Cone.268
Fra:1 Mem:280.82M (Peak 280.82M) | Time:00:00.75 | Mem:0.00M, Peak:0.00M | Scene, ViewLayer | Synchronizing object | Cone.269
Fra:1 Mem:280.82M (Peak 280.82M) | Time:00:00.75 | Mem:0.00M, Peak:0.00M | Scene, ViewLayer | Synchronizing object | Cone.270
Fra:1 Mem:280.82M (Peak 280.82M) | Time:00:00.75 | Mem:0.00M, Peak:0.00M | Scene, ViewLayer | Synchronizing object | Cone.271
Fra:1 Mem:280.82M (Peak 280.82M) | Time:00:00.75 | Mem:0.00M, Peak:0.00M | Scene, ViewLayer | Synchronizing object | Cone.272
Fra:1 Mem:280.83M (Peak 280.83M) | Time:00:00.75 | Mem:0.00M, Peak:0.00M | Scene, ViewLayer | Synchronizing object | Cone.273
Fra:1 Mem:280.83M (Peak 280.83M) | Time:00:00.75 | Mem:0.00M, Peak:0.00M | Scene, ViewLayer | Synchronizing object | Cone.274
Fra:1 Mem:280.83M (Peak 280.83M) | Time:00:00.76 | Mem:0.00M, Peak:0.00M | Scene, ViewLayer | Synchronizing object | Cone.275
Fra:1 Mem:280.83M (Peak 280.83M) | Time:00:00.76 | Mem:0.00M, Peak:0.00M | Scene, ViewLayer | Synchronizing object | Cone.276
Fra:1 Mem:280.83M (Peak 280.83M) | Time:00:00.76 | Mem:0.00M, Peak:0.00M | Scene, ViewLayer | Synchronizing object | Cone.277
Fra:1 Mem:280.83M (Peak 280.83M) | Time:00:00.76 | Mem:0.00M, Peak:0.00M | Scene, ViewLayer | Synchronizing object | Cone.278
Fra:1 Mem:280.83M (Peak 280.83M) | Time:00:00.76 | Mem:0.00M, Peak:0.00M | Scene, ViewLayer | Synchronizing object | Cone.279
Fra:1 Mem:280.84M (Peak 280.84M) | Time:00:00.76 | Mem:0.00M, Peak:0.00M | Scene, ViewLayer | Synchronizing object | Cone.280
Fra:1 Mem:280.87M (Peak 280.87M) | Time:00:00.76 | Mem:0.00M, Peak:0.00M | Scene, ViewLayer | Synchronizing object | Cone.281
Fra:1 Mem:280.87M (Peak 280.87M) | Time:00:00.76 | Mem:0.00M, Peak:0.00M | Scene, ViewLayer | Synchronizing object | Cone.282
Fra:1 Mem:280.87M (Peak 280.87M) | Time:00:00.76 | Mem:0.00M, Peak:0.00M | Scene, ViewLayer | Synchronizing object | Cone.283
Fra:1 Mem:280.87M (Peak 280.87M) | Time:00:00.76 | Mem:0.00M, Peak:0.00M | Scene, ViewLayer | Synchronizing object | Cone.284
Fra:1 Mem:280.87M (Peak 280.87M) | Time:00:00.76 | Mem:0.00M, Peak:0.00M | Scene, ViewLayer | Synchronizing object | Cone.285
Fra:1 Mem:280.87M (Peak 280.87M) | Time:00:00.76 | Mem:0.00M, Peak:0.00M | Scene, ViewLayer | Synchronizing object | Cone.286
Fra:1 Mem:280.88M (Peak 280.88M) | Time:00:00.76 | Mem:0.00M, Peak:0.00M | Scene, ViewLayer | Synchronizing object | Cone.287
Fra:1 Mem:280.88M (Peak 280.88M) | Time:00:00.76 | Mem:0.00M, Peak:0.00M | Scene, ViewLayer | Synchronizing object | Cone.288
Fra:1 Mem:280.88M (Peak 280.88M) | Time:00:00.76 | Mem:0.00M, Peak:0.00M | Scene, ViewLayer | Synchronizing object | Cone.289
Fra:1 Mem:280.88M (Peak 280.88M) | Time:00:00.76 | Mem:0.00M, Peak:0.00M | Scene, ViewLayer | Synchronizing object | Cone.290
Fra:1 Mem:280.88M (Peak 280.88M) | Time:00:00.76 | Mem:0.00M, Peak:0.00M | Scene, ViewLayer | Synchronizing object | Cone.291
Fra:1 Mem:280.88M (Peak 280.88M) | Time:00:00.76 | Mem:0.00M, Peak:0.00M | Scene, ViewLayer | Synchronizing object | Cone.292
Fra:1 Mem:280.88M (Peak 280.88M) | Time:00:00.76 | Mem:0.00M, Peak:0.00M | Scene, ViewLayer | Synchronizing object | Cone.293
Fra:1 Mem:280.89M (Peak 280.89M) | Time:00:00.76 | Mem:0.00M, Peak:0.00M | Scene, ViewLayer | Synchronizing object | Sphere.154
Fra:1 Mem:280.89M (Peak 280.89M) | Time:00:00.76 | Mem:0.00M, Peak:0.00M | Scene, ViewLayer | Synchronizing object | Sphere.155
Fra:1 Mem:280.89M (Peak 280.89M) | Time:00:00.76 | Mem:0.00M, Peak:0.00M | Scene, ViewLayer | Synchronizing object | Sphere.156
Fra:1 Mem:280.89M (Peak 280.89M) | Time:00:00.76 | Mem:0.00M, Peak:0.00M | Scene, ViewLayer | Synchronizing object | Sphere.157
Fra:1 Mem:280.89M (Peak 280.89M) | Time:00:00.76 | Mem:0.00M, Peak:0.00M | Scene, ViewLayer | Synchronizing object | Sphere.158
Fra:1 Mem:280.90M (Peak 280.90M) | Time:00:00.76 | Mem:0.00M, Peak:0.00M | Scene, ViewLayer | Synchronizing object | Sphere.159
Fra:1 Mem:280.90M (Peak 280.90M) | Time:00:00.76 | Mem:0.00M, Peak:0.00M | Scene, ViewLayer | Synchronizing object | Sphere.160
Fra:1 Mem:280.90M (Peak 280.90M) | Time:00:00.76 | Mem:0.00M, Peak:0.00M | Scene, ViewLayer | Synchronizing object | Sphere.161
Fra:1 Mem:280.90M (Peak 280.90M) | Time:00:00.76 | Mem:0.00M, Peak:0.00M | Scene, ViewLayer | Synchronizing object | Sphere.162
Fra:1 Mem:280.91M (Peak 280.91M) | Time:00:00.76 | Mem:0.00M, Peak:0.00M | Scene, ViewLayer | Synchronizing object | Sphere.163
Fra:1 Mem:280.91M (Peak 280.91M) | Time:00:00.76 | Mem:0.00M, Peak:0.00M | Scene, ViewLayer | Synchronizing object | Sphere.164
Fra:1 Mem:280.91M (Peak 280.91M) | Time:00:00.76 | Mem:0.00M, Peak:0.00M | Scene, ViewLayer | Synchronizing object | Sphere.165
Fra:1 Mem:280.91M (Peak 280.91M) | Time:00:00.76 | Mem:0.00M, Peak:0.00M | Scene, ViewLayer | Synchronizing object | Sphere.166
Fra:1 Mem:280.92M (Peak 280.92M) | Time:00:00.76 | Mem:0.00M, Peak:0.00M | Scene, ViewLayer | Synchronizing object | Sphere.167
Fra:1 Mem:280.92M (Peak 280.92M) | Time:00:00.76 | Mem:0.00M, Peak:0.00M | Scene, ViewLayer | Synchronizing object | Sphere.168
Fra:1 Mem:280.92M (Peak 280.92M) | Time:00:00.76 | Mem:0.00M, Peak:0.00M | Scene, ViewLayer | Synchronizing object | Sphere.169
Fra:1 Mem:280.92M (Peak 280.92M) | Time:00:00.76 | Mem:0.00M, Peak:0.00M | Scene, ViewLayer | Synchronizing object | Sphere.170
Fra:1 Mem:280.93M (Peak 280.93M) | Time:00:00.76 | Mem:0.00M, Peak:0.00M | Scene, ViewLayer | Synchronizing object | Sphere.171
Fra:1 Mem:280.93M (Peak 280.93M) | Time:00:00.76 | Mem:0.00M, Peak:0.00M | Scene, ViewLayer | Synchronizing object | Sphere.172
Fra:1 Mem:280.93M (Peak 280.93M) | Time:00:00.76 | Mem:0.00M, Peak:0.00M | Scene, ViewLayer | Synchronizing object | Sphere.173
Fra:1 Mem:280.95M (Peak 280.95M) | Time:00:00.76 | Mem:0.00M, Peak:0.00M | Scene, ViewLayer | Synchronizing object | Cone.294
Fra:1 Mem:280.96M (Peak 280.96M) | Time:00:00.76 | Mem:0.00M, Peak:0.00M | Scene, ViewLayer | Synchronizing object | Cone.295
Fra:1 Mem:280.96M (Peak 280.96M) | Time:00:00.76 | Mem:0.00M, Peak:0.00M | Scene, ViewLayer | Synchronizing object | Cone.296
Fra:1 Mem:280.96M (Peak 280.96M) | Time:00:00.76 | Mem:0.00M, Peak:0.00M | Scene, ViewLayer | Synchronizing object | Cone.297
Fra:1 Mem:280.96M (Peak 280.96M) | Time:00:00.76 | Mem:0.00M, Peak:0.00M | Scene, ViewLayer | Synchronizing object | Cone.298
Fra:1 Mem:280.96M (Peak 280.96M) | Time:00:00.76 | Mem:0.00M, Peak:0.00M | Scene, ViewLayer | Synchronizing object | Cone.299
Fra:1 Mem:280.96M (Peak 280.96M) | Time:00:00.76 | Mem:0.00M, Peak:0.00M | Scene, ViewLayer | Synchronizing object | Cone.300
Fra:1 Mem:280.96M (Peak 280.96M) | Time:00:00.76 | Mem:0.00M, Peak:0.00M | Scene, ViewLayer | Synchronizing object | Cone.301
Fra:1 Mem:280.96M (Peak 280.96M) | Time:00:00.76 | Mem:0.00M, Peak:0.00M | Scene, ViewLayer | Synchronizing object | Cone.302
Fra:1 Mem:280.97M (Peak 280.97M) | Time:00:00.76 | Mem:0.00M, Peak:0.00M | Scene, ViewLayer | Synchronizing object | Cone.303
Fra:1 Mem:280.97M (Peak 280.97M) | Time:00:00.76 | Mem:0.00M, Peak:0.00M | Scene, ViewLayer | Synchronizing object | Cone.304
Fra:1 Mem:280.97M (Peak 280.97M) | Time:00:00.76 | Mem:0.00M, Peak:0.00M | Scene, ViewLayer | Synchronizing object | Cone.305
Fra:1 Mem:280.97M (Peak 280.97M) | Time:00:00.76 | Mem:0.00M, Peak:0.00M | Scene, ViewLayer | Synchronizing object | Cone.306
Fra:1 Mem:280.97M (Peak 280.97M) | Time:00:00.76 | Mem:0.00M, Peak:0.00M | Scene, ViewLayer | Synchronizing object | Cone.307
Fra:1 Mem:280.97M (Peak 280.97M) | Time:00:00.76 | Mem:0.00M, Peak:0.00M | Scene, ViewLayer | Synchronizing object | Cone.308
Fra:1 Mem:280.97M (Peak 280.97M) | Time:00:00.76 | Mem:0.00M, Peak:0.00M | Scene, ViewLayer | Synchronizing object | Cone.309
Fra:1 Mem:280.97M (Peak 280.97M) | Time:00:00.76 | Mem:0.00M, Peak:0.00M | Scene, ViewLayer | Synchronizing object | Cone.310
Fra:1 Mem:280.97M (Peak 280.97M) | Time:00:00.76 | Mem:0.00M, Peak:0.00M | Scene, ViewLayer | Synchronizing object | Cone.311
Fra:1 Mem:280.98M (Peak 280.98M) | Time:00:00.76 | Mem:0.00M, Peak:0.00M | Scene, ViewLayer | Synchronizing object | Cone.312
Fra:1 Mem:280.98M (Peak 280.98M) | Time:00:00.76 | Mem:0.00M, Peak:0.00M | Scene, ViewLayer | Synchronizing object | Cone.313
Fra:1 Mem:280.98M (Peak 280.98M) | Time:00:00.76 | Mem:0.00M, Peak:0.00M | Scene, ViewLayer | Synchronizing object | Cone.314
Fra:1 Mem:280.98M (Peak 280.98M) | Time:00:00.76 | Mem:0.00M, Peak:0.00M | Scene, ViewLayer | Synchronizing object | Cone.315
Fra:1 Mem:280.98M (Peak 280.98M) | Time:00:00.76 | Mem:0.00M, Peak:0.00M | Scene, ViewLayer | Synchronizing object | Cone.316
Fra:1 Mem:280.98M (Peak 280.98M) | Time:00:00.76 | Mem:0.00M, Peak:0.00M | Scene, ViewLayer | Synchronizing object | Cone.317
Fra:1 Mem:280.98M (Peak 280.98M) | Time:00:00.76 | Mem:0.00M, Peak:0.00M | Scene, ViewLayer | Synchronizing object | Cone.318
Fra:1 Mem:280.98M (Peak 280.98M) | Time:00:00.76 | Mem:0.00M, Peak:0.00M | Scene, ViewLayer | Synchronizing object | Cone.319
Fra:1 Mem:280.98M (Peak 280.98M) | Time:00:00.76 | Mem:0.00M, Peak:0.00M | Scene, ViewLayer | Synchronizing object | Cone.320
Fra:1 Mem:280.99M (Peak 280.99M) | Time:00:00.76 | Mem:0.00M, Peak:0.00M | Scene, ViewLayer | Synchronizing object | Cone.321
Fra:1 Mem:280.99M (Peak 280.99M) | Time:00:00.76 | Mem:0.00M, Peak:0.00M | Scene, ViewLayer | Synchronizing object | Cone.322
Fra:1 Mem:280.99M (Peak 280.99M) | Time:00:00.76 | Mem:0.00M, Peak:0.00M | Scene, ViewLayer | Synchronizing object | Cone.323
Fra:1 Mem:280.99M (Peak 280.99M) | Time:00:00.76 | Mem:0.00M, Peak:0.00M | Scene, ViewLayer | Synchronizing object | Cone.324
Fra:1 Mem:280.99M (Peak 280.99M) | Time:00:00.76 | Mem:0.00M, Peak:0.00M | Scene, ViewLayer | Synchronizing object | Cone.325
Fra:1 Mem:280.99M (Peak 280.99M) | Time:00:00.76 | Mem:0.00M, Peak:0.00M | Scene, ViewLayer | Synchronizing object | Cone.326
Fra:1 Mem:280.99M (Peak 280.99M) | Time:00:00.76 | Mem:0.00M, Peak:0.00M | Scene, ViewLayer | Synchronizing object | Cone.327
Fra:1 Mem:280.99M (Peak 280.99M) | Time:00:00.76 | Mem:0.00M, Peak:0.00M | Scene, ViewLayer | Synchronizing object | Cone.328
Fra:1 Mem:280.99M (Peak 280.99M) | Time:00:00.76 | Mem:0.00M, Peak:0.00M | Scene, ViewLayer | Synchronizing object | Cone.329
Fra:1 Mem:281.00M (Peak 281.00M) | Time:00:00.76 | Mem:0.00M, Peak:0.00M | Scene, ViewLayer | Synchronizing object | Cone.330
Fra:1 Mem:281.00M (Peak 281.00M) | Time:00:00.76 | Mem:0.00M, Peak:0.00M | Scene, ViewLayer | Synchronizing object | Cone.331
Fra:1 Mem:281.00M (Peak 281.00M) | Time:00:00.76 | Mem:0.00M, Peak:0.00M | Scene, ViewLayer | Synchronizing object | Cone.332
Fra:1 Mem:281.00M (Peak 281.00M) | Time:00:00.76 | Mem:0.00M, Peak:0.00M | Scene, ViewLayer | Synchronizing object | Cone.333
Fra:1 Mem:281.00M (Peak 281.00M) | Time:00:00.76 | Mem:0.00M, Peak:0.00M | Scene, ViewLayer | Synchronizing object | Cone.334
Fra:1 Mem:281.00M (Peak 281.00M) | Time:00:00.76 | Mem:0.00M, Peak:0.00M | Scene, ViewLayer | Synchronizing object | Cone.335
Fra:1 Mem:281.00M (Peak 281.00M) | Time:00:00.76 | Mem:0.00M, Peak:0.00M | Scene, ViewLayer | Synchronizing object | Cone.336
Fra:1 Mem:281.00M (Peak 281.00M) | Time:00:00.76 | Mem:0.00M, Peak:0.00M | Scene, ViewLayer | Synchronizing object | Cone.337
Fra:1 Mem:281.00M (Peak 281.00M) | Time:00:00.76 | Mem:0.00M, Peak:0.00M | Scene, ViewLayer | Synchronizing object | Cone.338
Fra:1 Mem:281.01M (Peak 281.01M) | Time:00:00.76 | Mem:0.00M, Peak:0.00M | Scene, ViewLayer | Synchronizing object | Cone.339
Fra:1 Mem:281.01M (Peak 281.01M) | Time:00:00.76 | Mem:0.00M, Peak:0.00M | Scene, ViewLayer | Synchronizing object | Cone.340
Fra:1 Mem:281.01M (Peak 281.01M) | Time:00:00.76 | Mem:0.00M, Peak:0.00M | Scene, ViewLayer | Synchronizing object | Cone.341
Fra:1 Mem:281.01M (Peak 281.01M) | Time:00:00.76 | Mem:0.00M, Peak:0.00M | Scene, ViewLayer | Synchronizing object | Cone.342
Fra:1 Mem:281.01M (Peak 281.01M) | Time:00:00.76 | Mem:0.00M, Peak:0.00M | Scene, ViewLayer | Synchronizing object | Cone.343
Fra:1 Mem:281.01M (Peak 281.01M) | Time:00:00.76 | Mem:0.00M, Peak:0.00M | Scene, ViewLayer | Synchronizing object | Cone.344
Fra:1 Mem:281.01M (Peak 281.01M) | Time:00:00.76 | Mem:0.00M, Peak:0.00M | Scene, ViewLayer | Synchronizing object | Cone.345
Fra:1 Mem:281.01M (Peak 281.01M) | Time:00:00.76 | Mem:0.00M, Peak:0.00M | Scene, ViewLayer | Synchronizing object | Cone.346
Fra:1 Mem:281.01M (Peak 281.01M) | Time:00:00.76 | Mem:0.00M, Peak:0.00M | Scene, ViewLayer | Synchronizing object | Cone.347
Fra:1 Mem:281.02M (Peak 281.02M) | Time:00:00.76 | Mem:0.00M, Peak:0.00M | Scene, ViewLayer | Synchronizing object | Cone.348
Fra:1 Mem:281.02M (Peak 281.02M) | Time:00:00.76 | Mem:0.00M, Peak:0.00M | Scene, ViewLayer | Synchronizing object | Cone.349
Fra:1 Mem:281.02M (Peak 281.02M) | Time:00:00.76 | Mem:0.00M, Peak:0.00M | Scene, ViewLayer | Synchronizing object | Cone.350
Fra:1 Mem:281.02M (Peak 281.02M) | Time:00:00.76 | Mem:0.00M, Peak:0.00M | Scene, ViewLayer | Synchronizing object | Cone.351
Fra:1 Mem:281.02M (Peak 281.02M) | Time:00:00.76 | Mem:0.00M, Peak:0.00M | Scene, ViewLayer | Synchronizing object | Cone.352
Fra:1 Mem:281.02M (Peak 281.02M) | Time:00:00.76 | Mem:0.00M, Peak:0.00M | Scene, ViewLayer | Synchronizing object | Cone.353
Fra:1 Mem:281.02M (Peak 281.02M) | Time:00:00.76 | Mem:0.00M, Peak:0.00M | Scene, ViewLayer | Synchronizing object | Cone.354
Fra:1 Mem:281.02M (Peak 281.02M) | Time:00:00.76 | Mem:0.00M, Peak:0.00M | Scene, ViewLayer | Synchronizing object | Cone.355
Fra:1 Mem:281.02M (Peak 281.02M) | Time:00:00.76 | Mem:0.00M, Peak:0.00M | Scene, ViewLayer | Synchronizing object | Cone.356
Fra:1 Mem:281.03M (Peak 281.03M) | Time:00:00.76 | Mem:0.00M, Peak:0.00M | Scene, ViewLayer | Synchronizing object | Cone.357
Fra:1 Mem:281.03M (Peak 281.03M) | Time:00:00.76 | Mem:0.00M, Peak:0.00M | Scene, ViewLayer | Synchronizing object | Cone.358
Fra:1 Mem:281.03M (Peak 281.03M) | Time:00:00.76 | Mem:0.00M, Peak:0.00M | Scene, ViewLayer | Synchronizing object | Cone.359
Fra:1 Mem:281.03M (Peak 281.03M) | Time:00:00.76 | Mem:0.00M, Peak:0.00M | Scene, ViewLayer | Synchronizing object | Cone.360
Fra:1 Mem:281.03M (Peak 281.03M) | Time:00:00.76 | Mem:0.00M, Peak:0.00M | Scene, ViewLayer | Synchronizing object | Cone.361
Fra:1 Mem:281.03M (Peak 281.03M) | Time:00:00.76 | Mem:0.00M, Peak:0.00M | Scene, ViewLayer | Synchronizing object | Cone.362
Fra:1 Mem:281.03M (Peak 281.03M) | Time:00:00.76 | Mem:0.00M, Peak:0.00M | Scene, ViewLayer | Synchronizing object | Cone.363
Fra:1 Mem:281.03M (Peak 281.03M) | Time:00:00.76 | Mem:0.00M, Peak:0.00M | Scene, ViewLayer | Synchronizing object | Cone.364
Fra:1 Mem:281.03M (Peak 281.03M) | Time:00:00.76 | Mem:0.00M, Peak:0.00M | Scene, ViewLayer | Synchronizing object | Cone.365
Fra:1 Mem:281.04M (Peak 281.04M) | Time:00:00.76 | Mem:0.00M, Peak:0.00M | Scene, ViewLayer | Synchronizing object | Cone.366
Fra:1 Mem:281.04M (Peak 281.04M) | Time:00:00.76 | Mem:0.00M, Peak:0.00M | Scene, ViewLayer | Synchronizing object | Cone.367
Fra:1 Mem:281.04M (Peak 281.04M) | Time:00:00.76 | Mem:0.00M, Peak:0.00M | Scene, ViewLayer | Synchronizing object | Cone.368
Fra:1 Mem:281.04M (Peak 281.04M) | Time:00:00.76 | Mem:0.00M, Peak:0.00M | Scene, ViewLayer | Synchronizing object | Cone.369
Fra:1 Mem:281.04M (Peak 281.04M) | Time:00:00.76 | Mem:0.00M, Peak:0.00M | Scene, ViewLayer | Synchronizing object | Cone.370
Fra:1 Mem:281.04M (Peak 281.04M) | Time:00:00.76 | Mem:0.00M, Peak:0.00M | Scene, ViewLayer | Synchronizing object | Cone.371
Fra:1 Mem:281.04M (Peak 281.04M) | Time:00:00.76 | Mem:0.00M, Peak:0.00M | Scene, ViewLayer | Synchronizing object | Cone.372
Fra:1 Mem:281.04M (Peak 281.04M) | Time:00:00.76 | Mem:0.00M, Peak:0.00M | Scene, ViewLayer | Synchronizing object | Cone.373
Fra:1 Mem:281.04M (Peak 281.04M) | Time:00:00.76 | Mem:0.00M, Peak:0.00M | Scene, ViewLayer | Synchronizing object | Cone.374
Fra:1 Mem:281.05M (Peak 281.05M) | Time:00:00.76 | Mem:0.00M, Peak:0.00M | Scene, ViewLayer | Synchronizing object | Cone.375
Fra:1 Mem:281.05M (Peak 281.05M) | Time:00:00.76 | Mem:0.00M, Peak:0.00M | Scene, ViewLayer | Synchronizing object | Cone.376
Fra:1 Mem:281.05M (Peak 281.05M) | Time:00:00.76 | Mem:0.00M, Peak:0.00M | Scene, ViewLayer | Synchronizing object | Cone.377
Fra:1 Mem:281.05M (Peak 281.05M) | Time:00:00.76 | Mem:0.00M, Peak:0.00M | Scene, ViewLayer | Synchronizing object | Cone.378
Fra:1 Mem:281.05M (Peak 281.05M) | Time:00:00.76 | Mem:0.00M, Peak:0.00M | Scene, ViewLayer | Synchronizing object | Cone.379
Fra:1 Mem:281.05M (Peak 281.05M) | Time:00:00.76 | Mem:0.00M, Peak:0.00M | Scene, ViewLayer | Synchronizing object | Cone.380
Fra:1 Mem:281.05M (Peak 281.05M) | Time:00:00.76 | Mem:0.00M, Peak:0.00M | Scene, ViewLayer | Synchronizing object | Cone.381
Fra:1 Mem:281.05M (Peak 281.05M) | Time:00:00.76 | Mem:0.00M, Peak:0.00M | Scene, ViewLayer | Synchronizing object | Cone.382
Fra:1 Mem:281.05M (Peak 281.05M) | Time:00:00.76 | Mem:0.00M, Peak:0.00M | Scene, ViewLayer | Synchronizing object | Cone.383
Fra:1 Mem:281.06M (Peak 281.06M) | Time:00:00.76 | Mem:0.00M, Peak:0.00M | Scene, ViewLayer | Synchronizing object | Cone.384
Fra:1 Mem:281.06M (Peak 281.06M) | Time:00:00.76 | Mem:0.00M, Peak:0.00M | Scene, ViewLayer | Synchronizing object | Cone.385
Fra:1 Mem:281.06M (Peak 281.06M) | Time:00:00.76 | Mem:0.00M, Peak:0.00M | Scene, ViewLayer | Synchronizing object | Cone.386
Fra:1 Mem:281.06M (Peak 281.06M) | Time:00:00.76 | Mem:0.00M, Peak:0.00M | Scene, ViewLayer | Synchronizing object | Cone.387
Fra:1 Mem:281.06M (Peak 281.06M) | Time:00:00.76 | Mem:0.00M, Peak:0.00M | Scene, ViewLayer | Synchronizing object | Cone.388
Fra:1 Mem:281.06M (Peak 281.06M) | Time:00:00.76 | Mem:0.00M, Peak:0.00M | Scene, ViewLayer | Synchronizing object | Cone.389
Fra:1 Mem:281.06M (Peak 281.06M) | Time:00:00.76 | Mem:0.00M, Peak:0.00M | Scene, ViewLayer | Synchronizing object | Cone.390
Fra:1 Mem:281.06M (Peak 281.06M) | Time:00:00.76 | Mem:0.00M, Peak:0.00M | Scene, ViewLayer | Synchronizing object | Cone.391
Fra:1 Mem:281.06M (Peak 281.06M) | Time:00:00.76 | Mem:0.00M, Peak:0.00M | Scene, ViewLayer | Synchronizing object | Cone.392
Fra:1 Mem:281.07M (Peak 281.07M) | Time:00:00.76 | Mem:0.00M, Peak:0.00M | Scene, ViewLayer | Synchronizing object | Cone.393
Fra:1 Mem:281.07M (Peak 281.07M) | Time:00:00.76 | Mem:0.00M, Peak:0.00M | Scene, ViewLayer | Synchronizing object | Cone.394
Fra:1 Mem:281.07M (Peak 281.07M) | Time:00:00.76 | Mem:0.00M, Peak:0.00M | Scene, ViewLayer | Synchronizing object | Cone.395
Fra:1 Mem:281.07M (Peak 281.07M) | Time:00:00.76 | Mem:0.00M, Peak:0.00M | Scene, ViewLayer | Synchronizing object | Cone.396
Fra:1 Mem:281.07M (Peak 281.07M) | Time:00:00.76 | Mem:0.00M, Peak:0.00M | Scene, ViewLayer | Synchronizing object | Cone.397
Fra:1 Mem:281.07M (Peak 281.07M) | Time:00:00.76 | Mem:0.00M, Peak:0.00M | Scene, ViewLayer | Synchronizing object | Cone.398
Fra:1 Mem:281.07M (Peak 281.07M) | Time:00:00.76 | Mem:0.00M, Peak:0.00M | Scene, ViewLayer | Synchronizing object | Cone.399
Fra:1 Mem:281.07M (Peak 281.07M) | Time:00:00.76 | Mem:0.00M, Peak:0.00M | Scene, ViewLayer | Synchronizing object | Cone.400
Fra:1 Mem:281.07M (Peak 281.07M) | Time:00:00.76 | Mem:0.00M, Peak:0.00M | Scene, ViewLayer | Synchronizing object | Cone.401
Fra:1 Mem:281.08M (Peak 281.08M) | Time:00:00.76 | Mem:0.00M, Peak:0.00M | Scene, ViewLayer | Synchronizing object | Cone.402
Fra:1 Mem:281.08M (Peak 281.08M) | Time:00:00.76 | Mem:0.00M, Peak:0.00M | Scene, ViewLayer | Synchronizing object | Cone.403
Fra:1 Mem:281.08M (Peak 281.08M) | Time:00:00.76 | Mem:0.00M, Peak:0.00M | Scene, ViewLayer | Synchronizing object | Cone.404
Fra:1 Mem:281.08M (Peak 281.08M) | Time:00:00.76 | Mem:0.00M, Peak:0.00M | Scene, ViewLayer | Synchronizing object | Cone.405
Fra:1 Mem:281.08M (Peak 281.08M) | Time:00:00.76 | Mem:0.00M, Peak:0.00M | Scene, ViewLayer | Synchronizing object | Cone.406
Fra:1 Mem:281.08M (Peak 281.08M) | Time:00:00.76 | Mem:0.00M, Peak:0.00M | Scene, ViewLayer | Synchronizing object | Cone.407
Fra:1 Mem:281.08M (Peak 281.08M) | Time:00:00.76 | Mem:0.00M, Peak:0.00M | Scene, ViewLayer | Synchronizing object | Cone.408
Fra:1 Mem:281.08M (Peak 281.08M) | Time:00:00.76 | Mem:0.00M, Peak:0.00M | Scene, ViewLayer | Synchronizing object | Cone.409
Fra:1 Mem:281.08M (Peak 281.08M) | Time:00:00.76 | Mem:0.00M, Peak:0.00M | Scene, ViewLayer | Synchronizing object | Cone.410
Fra:1 Mem:281.09M (Peak 281.09M) | Time:00:00.76 | Mem:0.00M, Peak:0.00M | Scene, ViewLayer | Synchronizing object | Cone.411
Fra:1 Mem:281.09M (Peak 281.09M) | Time:00:00.76 | Mem:0.00M, Peak:0.00M | Scene, ViewLayer | Synchronizing object | Cone.412
Fra:1 Mem:281.09M (Peak 281.09M) | Time:00:00.76 | Mem:0.00M, Peak:0.00M | Scene, ViewLayer | Synchronizing object | Cone.413
Fra:1 Mem:281.09M (Peak 281.09M) | Time:00:00.76 | Mem:0.00M, Peak:0.00M | Scene, ViewLayer | Synchronizing object | Cone.414
Fra:1 Mem:281.09M (Peak 281.09M) | Time:00:00.77 | Mem:0.00M, Peak:0.00M | Scene, ViewLayer | Synchronizing object | Cone.415
Fra:1 Mem:281.09M (Peak 281.09M) | Time:00:00.77 | Mem:0.00M, Peak:0.00M | Scene, ViewLayer | Synchronizing object | Cone.416
Fra:1 Mem:281.09M (Peak 281.09M) | Time:00:00.77 | Mem:0.00M, Peak:0.00M | Scene, ViewLayer | Synchronizing object | Cone.417
Fra:1 Mem:281.09M (Peak 281.09M) | Time:00:00.77 | Mem:0.00M, Peak:0.00M | Scene, ViewLayer | Synchronizing object | Cone.418
Fra:1 Mem:281.09M (Peak 281.09M) | Time:00:00.77 | Mem:0.00M, Peak:0.00M | Scene, ViewLayer | Synchronizing object | Cone.419
Fra:1 Mem:281.09M (Peak 281.09M) | Time:00:00.77 | Mem:0.00M, Peak:0.00M | Scene, ViewLayer | Synchronizing object | Sphere.174
Fra:1 Mem:281.10M (Peak 281.10M) | Time:00:00.77 | Mem:0.00M, Peak:0.00M | Scene, ViewLayer | Synchronizing object | Sphere.175
Fra:1 Mem:281.10M (Peak 281.10M) | Time:00:00.77 | Mem:0.00M, Peak:0.00M | Scene, ViewLayer | Synchronizing object | Sphere.176
Fra:1 Mem:281.11M (Peak 281.11M) | Time:00:00.77 | Mem:0.00M, Peak:0.00M | Scene, ViewLayer | Synchronizing object | Sphere.177
Fra:1 Mem:281.11M (Peak 281.11M) | Time:00:00.77 | Mem:0.00M, Peak:0.00M | Scene, ViewLayer | Synchronizing object | Sphere.178
Fra:1 Mem:281.12M (Peak 281.12M) | Time:00:00.77 | Mem:0.00M, Peak:0.00M | Scene, ViewLayer | Synchronizing object | Sphere.179
Fra:1 Mem:281.12M (Peak 281.12M) | Time:00:00.77 | Mem:0.00M, Peak:0.00M | Scene, ViewLayer | Synchronizing object | Sphere.180
Fra:1 Mem:281.12M (Peak 281.12M) | Time:00:00.77 | Mem:0.00M, Peak:0.00M | Scene, ViewLayer | Synchronizing object | Sphere.181
Fra:1 Mem:281.13M (Peak 281.13M) | Time:00:00.77 | Mem:0.00M, Peak:0.00M | Scene, ViewLayer | Synchronizing object | Sphere.182
Fra:1 Mem:281.11M (Peak 281.13M) | Time:00:00.77 | Mem:0.00M, Peak:0.00M | Scene, ViewLayer | Synchronizing object | Cube.687
Fra:1 Mem:281.11M (Peak 281.13M) | Time:00:00.77 | Mem:0.00M, Peak:0.00M | Scene, ViewLayer | Synchronizing object | Cube.688
Fra:1 Mem:281.11M (Peak 281.13M) | Time:00:00.77 | Mem:0.00M, Peak:0.00M | Scene, ViewLayer | Synchronizing object | Cube.689
Fra:1 Mem:281.11M (Peak 281.13M) | Time:00:00.77 | Mem:0.00M, Peak:0.00M | Scene, ViewLayer | Synchronizing object | Cube.690
Fra:1 Mem:281.12M (Peak 281.13M) | Time:00:00.77 | Mem:0.00M, Peak:0.00M | Scene, ViewLayer | Synchronizing object | Cube.691
Fra:1 Mem:281.12M (Peak 281.13M) | Time:00:00.77 | Mem:0.00M, Peak:0.00M | Scene, ViewLayer | Synchronizing object | Cube.692
Fra:1 Mem:281.12M (Peak 281.13M) | Time:00:00.77 | Mem:0.00M, Peak:0.00M | Scene, ViewLayer | Synchronizing object | Cube.693
Fra:1 Mem:281.12M (Peak 281.13M) | Time:00:00.77 | Mem:0.00M, Peak:0.00M | Scene, ViewLayer | Synchronizing object | Cube.694
Fra:1 Mem:281.12M (Peak 281.13M) | Time:00:00.77 | Mem:0.00M, Peak:0.00M | Scene, ViewLayer | Synchronizing object | Cube.695
Fra:1 Mem:281.12M (Peak 281.13M) | Time:00:00.77 | Mem:0.00M, Peak:0.00M | Scene, ViewLayer | Synchronizing object | Cube.696
Fra:1 Mem:281.12M (Peak 281.13M) | Time:00:00.77 | Mem:0.00M, Peak:0.00M | Scene, ViewLayer | Synchronizing object | Cube.697
Fra:1 Mem:281.13M (Peak 281.13M) | Time:00:00.77 | Mem:0.00M, Peak:0.00M | Scene, ViewLayer | Synchronizing object | Cube.698
Fra:1 Mem:281.13M (Peak 281.13M) | Time:00:00.77 | Mem:0.00M, Peak:0.00M | Scene, ViewLayer | Synchronizing object | Cube.699
Fra:1 Mem:281.13M (Peak 281.13M) | Time:00:00.77 | Mem:0.00M, Peak:0.00M | Scene, ViewLayer | Synchronizing object | Cube.700
Fra:1 Mem:281.13M (Peak 281.13M) | Time:00:00.77 | Mem:0.00M, Peak:0.00M | Scene, ViewLayer | Synchronizing object | Cube.701
Fra:1 Mem:281.13M (Peak 281.13M) | Time:00:00.77 | Mem:0.00M, Peak:0.00M | Scene, ViewLayer | Synchronizing object | Cube.702
Fra:1 Mem:281.13M (Peak 281.13M) | Time:00:00.77 | Mem:0.00M, Peak:0.00M | Scene, ViewLayer | Synchronizing object | Cube.703
Fra:1 Mem:281.13M (Peak 281.13M) | Time:00:00.77 | Mem:0.00M, Peak:0.00M | Scene, ViewLayer | Synchronizing object | Cube.704
Fra:1 Mem:281.13M (Peak 281.13M) | Time:00:00.77 | Mem:0.00M, Peak:0.00M | Scene, ViewLayer | Synchronizing object | Cube.705
Fra:1 Mem:281.14M (Peak 281.14M) | Time:00:00.77 | Mem:0.00M, Peak:0.00M | Scene, ViewLayer | Synchronizing object | Cube.706
Fra:1 Mem:281.14M (Peak 281.14M) | Time:00:00.77 | Mem:0.00M, Peak:0.00M | Scene, ViewLayer | Synchronizing object | Cube.707
Fra:1 Mem:281.14M (Peak 281.14M) | Time:00:00.77 | Mem:0.00M, Peak:0.00M | Scene, ViewLayer | Synchronizing object | Cube.708
Fra:1 Mem:281.14M (Peak 281.14M) | Time:00:00.77 | Mem:0.00M, Peak:0.00M | Scene, ViewLayer | Synchronizing object | Cube.709
Fra:1 Mem:281.14M (Peak 281.14M) | Time:00:00.77 | Mem:0.00M, Peak:0.00M | Scene, ViewLayer | Synchronizing object | Cube.710
Fra:1 Mem:281.14M (Peak 281.14M) | Time:00:00.77 | Mem:0.00M, Peak:0.00M | Scene, ViewLayer | Synchronizing object | Cube.711
Fra:1 Mem:281.14M (Peak 281.14M) | Time:00:00.77 | Mem:0.00M, Peak:0.00M | Scene, ViewLayer | Synchronizing object | Cone.420
Fra:1 Mem:281.14M (Peak 281.14M) | Time:00:00.77 | Mem:0.00M, Peak:0.00M | Scene, ViewLayer | Synchronizing object | Cone.421
Fra:1 Mem:281.15M (Peak 281.15M) | Time:00:00.77 | Mem:0.00M, Peak:0.00M | Scene, ViewLayer | Synchronizing object | Cone.422
Fra:1 Mem:281.15M (Peak 281.15M) | Time:00:00.77 | Mem:0.00M, Peak:0.00M | Scene, ViewLayer | Synchronizing object | Cylinder.366
Fra:1 Mem:281.15M (Peak 281.15M) | Time:00:00.77 | Mem:0.00M, Peak:0.00M | Scene, ViewLayer | Synchronizing object | Cylinder.367
Fra:1 Mem:281.17M (Peak 281.17M) | Time:00:00.77 | Mem:0.00M, Peak:0.00M | Scene, ViewLayer | Synchronizing object | Cone.423
Fra:1 Mem:281.17M (Peak 281.17M) | Time:00:00.77 | Mem:0.00M, Peak:0.00M | Scene, ViewLayer | Synchronizing object | Cone.424
Fra:1 Mem:281.17M (Peak 281.17M) | Time:00:00.77 | Mem:0.00M, Peak:0.00M | Scene, ViewLayer | Synchronizing object | Cone.425
Fra:1 Mem:281.17M (Peak 281.17M) | Time:00:00.77 | Mem:0.00M, Peak:0.00M | Scene, ViewLayer | Synchronizing object | Cone.426
Fra:1 Mem:281.17M (Peak 281.17M) | Time:00:00.77 | Mem:0.00M, Peak:0.00M | Scene, ViewLayer | Synchronizing object | Cone.427
Fra:1 Mem:281.17M (Peak 281.17M) | Time:00:00.77 | Mem:0.00M, Peak:0.00M | Scene, ViewLayer | Synchronizing object | Cone.428
Fra:1 Mem:281.18M (Peak 281.18M) | Time:00:00.77 | Mem:0.00M, Peak:0.00M | Scene, ViewLayer | Synchronizing object | Cone.429
Fra:1 Mem:281.18M (Peak 281.18M) | Time:00:00.77 | Mem:0.00M, Peak:0.00M | Scene, ViewLayer | Synchronizing object | Cone.430
Fra:1 Mem:281.18M (Peak 281.18M) | Time:00:00.77 | Mem:0.00M, Peak:0.00M | Scene, ViewLayer | Synchronizing object | Cone.431
Fra:1 Mem:281.18M (Peak 281.18M) | Time:00:00.77 | Mem:0.00M, Peak:0.00M | Scene, ViewLayer | Synchronizing object | Cone.432
Fra:1 Mem:281.18M (Peak 281.18M) | Time:00:00.77 | Mem:0.00M, Peak:0.00M | Scene, ViewLayer | Synchronizing object | Cone.433
Fra:1 Mem:281.18M (Peak 281.18M) | Time:00:00.77 | Mem:0.00M, Peak:0.00M | Scene, ViewLayer | Synchronizing object | Cone.434
Fra:1 Mem:281.18M (Peak 281.18M) | Time:00:00.77 | Mem:0.00M, Peak:0.00M | Scene, ViewLayer | Synchronizing object | Cone.435
Fra:1 Mem:281.18M (Peak 281.18M) | Time:00:00.77 | Mem:0.00M, Peak:0.00M | Scene, ViewLayer | Synchronizing object | Cone.436
Fra:1 Mem:281.19M (Peak 281.19M) | Time:00:00.77 | Mem:0.00M, Peak:0.00M | Scene, ViewLayer | Synchronizing object | Cone.437
Fra:1 Mem:281.19M (Peak 281.19M) | Time:00:00.77 | Mem:0.00M, Peak:0.00M | Scene, ViewLayer | Synchronizing object | Cone.438
Fra:1 Mem:281.19M (Peak 281.19M) | Time:00:00.77 | Mem:0.00M, Peak:0.00M | Scene, ViewLayer | Synchronizing object | Cone.439
Fra:1 Mem:281.19M (Peak 281.19M) | Time:00:00.77 | Mem:0.00M, Peak:0.00M | Scene, ViewLayer | Synchronizing object | Cone.440
Fra:1 Mem:281.19M (Peak 281.19M) | Time:00:00.77 | Mem:0.00M, Peak:0.00M | Scene, ViewLayer | Synchronizing object | Cone.441
Fra:1 Mem:281.19M (Peak 281.19M) | Time:00:00.77 | Mem:0.00M, Peak:0.00M | Scene, ViewLayer | Synchronizing object | Cone.442
Fra:1 Mem:281.19M (Peak 281.19M) | Time:00:00.77 | Mem:0.00M, Peak:0.00M | Scene, ViewLayer | Synchronizing object | Cone.443
Fra:1 Mem:281.20M (Peak 281.20M) | Time:00:00.77 | Mem:0.00M, Peak:0.00M | Scene, ViewLayer | Synchronizing object | Cone.444
Fra:1 Mem:281.20M (Peak 281.20M) | Time:00:00.77 | Mem:0.00M, Peak:0.00M | Scene, ViewLayer | Synchronizing object | Cone.445
Fra:1 Mem:281.20M (Peak 281.20M) | Time:00:00.77 | Mem:0.00M, Peak:0.00M | Scene, ViewLayer | Synchronizing object | Cone.446
Fra:1 Mem:281.20M (Peak 281.20M) | Time:00:00.77 | Mem:0.00M, Peak:0.00M | Scene, ViewLayer | Synchronizing object | Cone.447
Fra:1 Mem:281.20M (Peak 281.20M) | Time:00:00.77 | Mem:0.00M, Peak:0.00M | Scene, ViewLayer | Synchronizing object | Cone.448
Fra:1 Mem:281.20M (Peak 281.20M) | Time:00:00.77 | Mem:0.00M, Peak:0.00M | Scene, ViewLayer | Synchronizing object | Cone.449
Fra:1 Mem:281.20M (Peak 281.20M) | Time:00:00.77 | Mem:0.00M, Peak:0.00M | Scene, ViewLayer | Synchronizing object | Cone.450
Fra:1 Mem:281.20M (Peak 281.20M) | Time:00:00.77 | Mem:0.00M, Peak:0.00M | Scene, ViewLayer | Synchronizing object | Cone.451
Fra:1 Mem:281.21M (Peak 281.21M) | Time:00:00.77 | Mem:0.00M, Peak:0.00M | Scene, ViewLayer | Synchronizing object | Cone.452
Fra:1 Mem:281.21M (Peak 281.21M) | Time:00:00.77 | Mem:0.00M, Peak:0.00M | Scene, ViewLayer | Synchronizing object | Cone.453
Fra:1 Mem:281.21M (Peak 281.21M) | Time:00:00.77 | Mem:0.00M, Peak:0.00M | Scene, ViewLayer | Synchronizing object | Cone.454
Fra:1 Mem:281.21M (Peak 281.21M) | Time:00:00.77 | Mem:0.00M, Peak:0.00M | Scene, ViewLayer | Synchronizing object | Cone.455
Fra:1 Mem:281.21M (Peak 281.21M) | Time:00:00.77 | Mem:0.00M, Peak:0.00M | Scene, ViewLayer | Synchronizing object | Cone.456
Fra:1 Mem:281.21M (Peak 281.21M) | Time:00:00.77 | Mem:0.00M, Peak:0.00M | Scene, ViewLayer | Synchronizing object | Cone.457
Fra:1 Mem:281.21M (Peak 281.21M) | Time:00:00.77 | Mem:0.00M, Peak:0.00M | Scene, ViewLayer | Synchronizing object | Cone.458
Fra:1 Mem:281.22M (Peak 281.22M) | Time:00:00.77 | Mem:0.00M, Peak:0.00M | Scene, ViewLayer | Synchronizing object | Cone.459
Fra:1 Mem:281.22M (Peak 281.22M) | Time:00:00.77 | Mem:0.00M, Peak:0.00M | Scene, ViewLayer | Synchronizing object | Cone.460
Fra:1 Mem:281.22M (Peak 281.22M) | Time:00:00.77 | Mem:0.00M, Peak:0.00M | Scene, ViewLayer | Synchronizing object | Cone.461
Fra:1 Mem:281.22M (Peak 281.22M) | Time:00:00.77 | Mem:0.00M, Peak:0.00M | Scene, ViewLayer | Synchronizing object | Cone.462
Fra:1 Mem:281.22M (Peak 281.22M) | Time:00:00.77 | Mem:0.00M, Peak:0.00M | Scene, ViewLayer | Synchronizing object | Cone.463
Fra:1 Mem:281.22M (Peak 281.22M) | Time:00:00.77 | Mem:0.00M, Peak:0.00M | Scene, ViewLayer | Synchronizing object | Cone.464
Fra:1 Mem:281.31M (Peak 281.31M) | Time:00:00.80 | Mem:0.00M, Peak:0.00M | Scene, ViewLayer | Synchronizing object | Cone.465
Fra:1 Mem:281.31M (Peak 281.31M) | Time:00:00.80 | Mem:0.00M, Peak:0.00M | Scene, ViewLayer | Synchronizing object | Cone.466
Fra:1 Mem:281.31M (Peak 281.31M) | Time:00:00.80 | Mem:0.00M, Peak:0.00M | Scene, ViewLayer | Synchronizing object | Cone.467
Fra:1 Mem:281.31M (Peak 281.31M) | Time:00:00.80 | Mem:0.00M, Peak:0.00M | Scene, ViewLayer | Synchronizing object | Cone.468
Fra:1 Mem:281.32M (Peak 281.32M) | Time:00:00.80 | Mem:0.00M, Peak:0.00M | Scene, ViewLayer | Synchronizing object | Cone.469
Fra:1 Mem:281.32M (Peak 281.32M) | Time:00:00.80 | Mem:0.00M, Peak:0.00M | Scene, ViewLayer | Synchronizing object | Cone.470
Fra:1 Mem:281.32M (Peak 281.32M) | Time:00:00.80 | Mem:0.00M, Peak:0.00M | Scene, ViewLayer | Synchronizing object | Cone.471
Fra:1 Mem:281.32M (Peak 281.32M) | Time:00:00.80 | Mem:0.00M, Peak:0.00M | Scene, ViewLayer | Synchronizing object | Cone.472
Fra:1 Mem:281.33M (Peak 281.33M) | Time:00:00.80 | Mem:0.00M, Peak:0.00M | Scene, ViewLayer | Synchronizing object | Cone.473
Fra:1 Mem:281.33M (Peak 281.33M) | Time:00:00.80 | Mem:0.00M, Peak:0.00M | Scene, ViewLayer | Synchronizing object | Cone.474
Fra:1 Mem:281.33M (Peak 281.33M) | Time:00:00.80 | Mem:0.00M, Peak:0.00M | Scene, ViewLayer | Synchronizing object | Cone.475
Fra:1 Mem:281.33M (Peak 281.33M) | Time:00:00.80 | Mem:0.00M, Peak:0.00M | Scene, ViewLayer | Synchronizing object | Cone.476
Fra:1 Mem:281.34M (Peak 281.34M) | Time:00:00.80 | Mem:0.00M, Peak:0.00M | Scene, ViewLayer | Synchronizing object | Cone.477
Fra:1 Mem:281.34M (Peak 281.34M) | Time:00:00.80 | Mem:0.00M, Peak:0.00M | Scene, ViewLayer | Synchronizing object | Cone.478
Fra:1 Mem:281.34M (Peak 281.34M) | Time:00:00.80 | Mem:0.00M, Peak:0.00M | Scene, ViewLayer | Synchronizing object | Cone.479
Fra:1 Mem:281.34M (Peak 281.34M) | Time:00:00.80 | Mem:0.00M, Peak:0.00M | Scene, ViewLayer | Synchronizing object | Cone.480
Fra:1 Mem:281.35M (Peak 281.35M) | Time:00:00.80 | Mem:0.00M, Peak:0.00M | Scene, ViewLayer | Synchronizing object | Cone.481
Fra:1 Mem:281.35M (Peak 281.35M) | Time:00:00.80 | Mem:0.00M, Peak:0.00M | Scene, ViewLayer | Synchronizing object | Cone.482
Fra:1 Mem:281.35M (Peak 281.35M) | Time:00:00.80 | Mem:0.00M, Peak:0.00M | Scene, ViewLayer | Synchronizing object | Cone.483
Fra:1 Mem:281.35M (Peak 281.35M) | Time:00:00.80 | Mem:0.00M, Peak:0.00M | Scene, ViewLayer | Synchronizing object | Cone.484
Fra:1 Mem:281.36M (Peak 281.36M) | Time:00:00.80 | Mem:0.00M, Peak:0.00M | Scene, ViewLayer | Synchronizing object | Cone.485
Fra:1 Mem:281.36M (Peak 281.36M) | Time:00:00.80 | Mem:0.00M, Peak:0.00M | Scene, ViewLayer | Synchronizing object | Cone.486
Fra:1 Mem:281.36M (Peak 281.36M) | Time:00:00.80 | Mem:0.00M, Peak:0.00M | Scene, ViewLayer | Synchronizing object | Cone.487
Fra:1 Mem:281.36M (Peak 281.36M) | Time:00:00.80 | Mem:0.00M, Peak:0.00M | Scene, ViewLayer | Synchronizing object | Cone.488
Fra:1 Mem:281.37M (Peak 281.37M) | Time:00:00.80 | Mem:0.00M, Peak:0.00M | Scene, ViewLayer | Synchronizing object | Cone.489
Fra:1 Mem:281.37M (Peak 281.37M) | Time:00:00.80 | Mem:0.00M, Peak:0.00M | Scene, ViewLayer | Synchronizing object | Cone.490
Fra:1 Mem:281.37M (Peak 281.37M) | Time:00:00.80 | Mem:0.00M, Peak:0.00M | Scene, ViewLayer | Synchronizing object | Cone.491
Fra:1 Mem:281.37M (Peak 281.37M) | Time:00:00.80 | Mem:0.00M, Peak:0.00M | Scene, ViewLayer | Synchronizing object | Cone.492
Fra:1 Mem:281.38M (Peak 281.38M) | Time:00:00.80 | Mem:0.00M, Peak:0.00M | Scene, ViewLayer | Synchronizing object | Cone.493
Fra:1 Mem:281.38M (Peak 281.38M) | Time:00:00.80 | Mem:0.00M, Peak:0.00M | Scene, ViewLayer | Synchronizing object | Cone.494
Fra:1 Mem:281.38M (Peak 281.38M) | Time:00:00.80 | Mem:0.00M, Peak:0.00M | Scene, ViewLayer | Synchronizing object | Cone.495
Fra:1 Mem:281.38M (Peak 281.38M) | Time:00:00.80 | Mem:0.00M, Peak:0.00M | Scene, ViewLayer | Synchronizing object | Cone.496
Fra:1 Mem:281.39M (Peak 281.39M) | Time:00:00.80 | Mem:0.00M, Peak:0.00M | Scene, ViewLayer | Synchronizing object | Cone.497
Fra:1 Mem:281.39M (Peak 281.39M) | Time:00:00.80 | Mem:0.00M, Peak:0.00M | Scene, ViewLayer | Synchronizing object | Cone.498
Fra:1 Mem:281.39M (Peak 281.39M) | Time:00:00.80 | Mem:0.00M, Peak:0.00M | Scene, ViewLayer | Synchronizing object | Cone.499
Fra:1 Mem:281.39M (Peak 281.39M) | Time:00:00.80 | Mem:0.00M, Peak:0.00M | Scene, ViewLayer | Synchronizing object | Cone.500
Fra:1 Mem:281.40M (Peak 281.40M) | Time:00:00.80 | Mem:0.00M, Peak:0.00M | Scene, ViewLayer | Synchronizing object | Cone.501
Fra:1 Mem:281.40M (Peak 281.40M) | Time:00:00.80 | Mem:0.00M, Peak:0.00M | Scene, ViewLayer | Synchronizing object | Cone.502
Fra:1 Mem:281.40M (Peak 281.40M) | Time:00:00.80 | Mem:0.00M, Peak:0.00M | Scene, ViewLayer | Synchronizing object | Cone.503
Fra:1 Mem:281.40M (Peak 281.40M) | Time:00:00.80 | Mem:0.00M, Peak:0.00M | Scene, ViewLayer | Synchronizing object | Cone.504
Fra:1 Mem:281.41M (Peak 281.41M) | Time:00:00.80 | Mem:0.00M, Peak:0.00M | Scene, ViewLayer | Synchronizing object | Cone.505
Fra:1 Mem:281.41M (Peak 281.41M) | Time:00:00.80 | Mem:0.00M, Peak:0.00M | Scene, ViewLayer | Synchronizing object | Cone.506
Fra:1 Mem:281.41M (Peak 281.41M) | Time:00:00.80 | Mem:0.00M, Peak:0.00M | Scene, ViewLayer | Synchronizing object | Cone.507
Fra:1 Mem:281.41M (Peak 281.41M) | Time:00:00.80 | Mem:0.00M, Peak:0.00M | Scene, ViewLayer | Synchronizing object | Cylinder.368
Fra:1 Mem:281.41M (Peak 281.41M) | Time:00:00.80 | Mem:0.00M, Peak:0.00M | Scene, ViewLayer | Synchronizing object | Torus.049
Fra:1 Mem:281.44M (Peak 281.44M) | Time:00:00.80 | Mem:0.00M, Peak:0.00M | Scene, ViewLayer | Synchronizing object | Cone.508
Fra:1 Mem:281.45M (Peak 281.45M) | Time:00:00.80 | Mem:0.00M, Peak:0.00M | Scene, ViewLayer | Synchronizing object | Cone.509
Fra:1 Mem:281.45M (Peak 281.45M) | Time:00:00.80 | Mem:0.00M, Peak:0.00M | Scene, ViewLayer | Synchronizing object | Cone.510
Fra:1 Mem:281.45M (Peak 281.45M) | Time:00:00.80 | Mem:0.00M, Peak:0.00M | Scene, ViewLayer | Synchronizing object | Cone.511
Fra:1 Mem:281.45M (Peak 281.45M) | Time:00:00.80 | Mem:0.00M, Peak:0.00M | Scene, ViewLayer | Synchronizing object | Cone.512
Fra:1 Mem:281.46M (Peak 281.46M) | Time:00:00.80 | Mem:0.00M, Peak:0.00M | Scene, ViewLayer | Synchronizing object | Cone.513
Fra:1 Mem:281.46M (Peak 281.46M) | Time:00:00.80 | Mem:0.00M, Peak:0.00M | Scene, ViewLayer | Synchronizing object | Cone.514
Fra:1 Mem:281.46M (Peak 281.46M) | Time:00:00.80 | Mem:0.00M, Peak:0.00M | Scene, ViewLayer | Synchronizing object | Cone.515
Fra:1 Mem:281.46M (Peak 281.46M) | Time:00:00.80 | Mem:0.00M, Peak:0.00M | Scene, ViewLayer | Synchronizing object | Cone.516
Fra:1 Mem:281.47M (Peak 281.47M) | Time:00:00.80 | Mem:0.00M, Peak:0.00M | Scene, ViewLayer | Synchronizing object | Cone.517
Fra:1 Mem:281.47M (Peak 281.47M) | Time:00:00.80 | Mem:0.00M, Peak:0.00M | Scene, ViewLayer | Synchronizing object | Cone.518
Fra:1 Mem:281.47M (Peak 281.47M) | Time:00:00.80 | Mem:0.00M, Peak:0.00M | Scene, ViewLayer | Synchronizing object | Cone.519
Fra:1 Mem:281.47M (Peak 281.47M) | Time:00:00.80 | Mem:0.00M, Peak:0.00M | Scene, ViewLayer | Synchronizing object | Cone.520
Fra:1 Mem:281.48M (Peak 281.48M) | Time:00:00.80 | Mem:0.00M, Peak:0.00M | Scene, ViewLayer | Synchronizing object | Cone.521
Fra:1 Mem:281.48M (Peak 281.48M) | Time:00:00.80 | Mem:0.00M, Peak:0.00M | Scene, ViewLayer | Synchronizing object | Cone.522
Fra:1 Mem:281.48M (Peak 281.48M) | Time:00:00.80 | Mem:0.00M, Peak:0.00M | Scene, ViewLayer | Synchronizing object | Cone.523
Fra:1 Mem:281.48M (Peak 281.48M) | Time:00:00.80 | Mem:0.00M, Peak:0.00M | Scene, ViewLayer | Synchronizing object | Cone.524
Fra:1 Mem:281.49M (Peak 281.49M) | Time:00:00.80 | Mem:0.00M, Peak:0.00M | Scene, ViewLayer | Synchronizing object | Cone.525
Fra:1 Mem:281.49M (Peak 281.49M) | Time:00:00.80 | Mem:0.00M, Peak:0.00M | Scene, ViewLayer | Synchronizing object | Cone.526
Fra:1 Mem:281.49M (Peak 281.49M) | Time:00:00.80 | Mem:0.00M, Peak:0.00M | Scene, ViewLayer | Synchronizing object | Cone.527
Fra:1 Mem:281.49M (Peak 281.49M) | Time:00:00.80 | Mem:0.00M, Peak:0.00M | Scene, ViewLayer | Synchronizing object | Cone.528
Fra:1 Mem:281.50M (Peak 281.50M) | Time:00:00.80 | Mem:0.00M, Peak:0.00M | Scene, ViewLayer | Synchronizing object | Cone.529
Fra:1 Mem:281.50M (Peak 281.50M) | Time:00:00.80 | Mem:0.00M, Peak:0.00M | Scene, ViewLayer | Synchronizing object | Cone.530
Fra:1 Mem:281.50M (Peak 281.50M) | Time:00:00.80 | Mem:0.00M, Peak:0.00M | Scene, ViewLayer | Synchronizing object | Cone.531
Fra:1 Mem:281.50M (Peak 281.50M) | Time:00:00.80 | Mem:0.00M, Peak:0.00M | Scene, ViewLayer | Synchronizing object | Cone.532
Fra:1 Mem:281.51M (Peak 281.51M) | Time:00:00.80 | Mem:0.00M, Peak:0.00M | Scene, ViewLayer | Synchronizing object | Cone.533
Fra:1 Mem:281.51M (Peak 281.51M) | Time:00:00.80 | Mem:0.00M, Peak:0.00M | Scene, ViewLayer | Synchronizing object | Cone.534
Fra:1 Mem:281.51M (Peak 281.51M) | Time:00:00.80 | Mem:0.00M, Peak:0.00M | Scene, ViewLayer | Synchronizing object | Cone.535
Fra:1 Mem:281.51M (Peak 281.51M) | Time:00:00.80 | Mem:0.00M, Peak:0.00M | Scene, ViewLayer | Synchronizing object | Cone.536
Fra:1 Mem:281.52M (Peak 281.52M) | Time:00:00.80 | Mem:0.00M, Peak:0.00M | Scene, ViewLayer | Synchronizing object | Cone.537
Fra:1 Mem:281.52M (Peak 281.52M) | Time:00:00.80 | Mem:0.00M, Peak:0.00M | Scene, ViewLayer | Synchronizing object | Cone.538
Fra:1 Mem:281.52M (Peak 281.52M) | Time:00:00.80 | Mem:0.00M, Peak:0.00M | Scene, ViewLayer | Synchronizing object | Cone.539
Fra:1 Mem:281.52M (Peak 281.52M) | Time:00:00.81 | Mem:0.00M, Peak:0.00M | Scene, ViewLayer | Synchronizing object | Cone.540
Fra:1 Mem:281.53M (Peak 281.53M) | Time:00:00.81 | Mem:0.00M, Peak:0.00M | Scene, ViewLayer | Synchronizing object | Cone.541
Fra:1 Mem:281.53M (Peak 281.53M) | Time:00:00.81 | Mem:0.00M, Peak:0.00M | Scene, ViewLayer | Synchronizing object | Cone.542
Fra:1 Mem:281.53M (Peak 281.53M) | Time:00:00.81 | Mem:0.00M, Peak:0.00M | Scene, ViewLayer | Synchronizing object | Cone.543
Fra:1 Mem:281.53M (Peak 281.53M) | Time:00:00.81 | Mem:0.00M, Peak:0.00M | Scene, ViewLayer | Synchronizing object | Cone.544
Fra:1 Mem:281.54M (Peak 281.54M) | Time:00:00.81 | Mem:0.00M, Peak:0.00M | Scene, ViewLayer | Synchronizing object | Cone.545
Fra:1 Mem:281.54M (Peak 281.54M) | Time:00:00.81 | Mem:0.00M, Peak:0.00M | Scene, ViewLayer | Synchronizing object | Cone.546
Fra:1 Mem:281.54M (Peak 281.54M) | Time:00:00.81 | Mem:0.00M, Peak:0.00M | Scene, ViewLayer | Synchronizing object | Cone.547
Fra:1 Mem:281.54M (Peak 281.54M) | Time:00:00.81 | Mem:0.00M, Peak:0.00M | Scene, ViewLayer | Synchronizing object | Cone.548
Fra:1 Mem:281.54M (Peak 281.54M) | Time:00:00.81 | Mem:0.00M, Peak:0.00M | Scene, ViewLayer | Synchronizing object | Cone.549
Fra:1 Mem:281.55M (Peak 281.55M) | Time:00:00.81 | Mem:0.00M, Peak:0.00M | Scene, ViewLayer | Synchronizing object | Cone.550
Fra:1 Mem:281.55M (Peak 281.55M) | Time:00:00.81 | Mem:0.00M, Peak:0.00M | Scene, ViewLayer | Synchronizing object | Cone.551
Fra:1 Mem:281.57M (Peak 281.57M) | Time:00:00.81 | Mem:0.00M, Peak:0.00M | Scene, ViewLayer | Synchronizing object | Cone.552
Fra:1 Mem:281.57M (Peak 281.57M) | Time:00:00.81 | Mem:0.00M, Peak:0.00M | Scene, ViewLayer | Synchronizing object | Cone.553
Fra:1 Mem:281.57M (Peak 281.57M) | Time:00:00.81 | Mem:0.00M, Peak:0.00M | Scene, ViewLayer | Synchronizing object | Cone.554
Fra:1 Mem:281.57M (Peak 281.57M) | Time:00:00.81 | Mem:0.00M, Peak:0.00M | Scene, ViewLayer | Synchronizing object | Cone.555
Fra:1 Mem:281.58M (Peak 281.58M) | Time:00:00.81 | Mem:0.00M, Peak:0.00M | Scene, ViewLayer | Synchronizing object | Cone.556
Fra:1 Mem:281.58M (Peak 281.58M) | Time:00:00.81 | Mem:0.00M, Peak:0.00M | Scene, ViewLayer | Synchronizing object | Cone.557
Fra:1 Mem:281.58M (Peak 281.58M) | Time:00:00.81 | Mem:0.00M, Peak:0.00M | Scene, ViewLayer | Synchronizing object | Cone.558
Fra:1 Mem:281.58M (Peak 281.58M) | Time:00:00.81 | Mem:0.00M, Peak:0.00M | Scene, ViewLayer | Synchronizing object | Cone.559
Fra:1 Mem:281.59M (Peak 281.59M) | Time:00:00.81 | Mem:0.00M, Peak:0.00M | Scene, ViewLayer | Synchronizing object | Cone.560
Fra:1 Mem:281.59M (Peak 281.59M) | Time:00:00.81 | Mem:0.00M, Peak:0.00M | Scene, ViewLayer | Synchronizing object | Cone.561
Fra:1 Mem:281.59M (Peak 281.59M) | Time:00:00.81 | Mem:0.00M, Peak:0.00M | Scene, ViewLayer | Synchronizing object | Cone.562
Fra:1 Mem:281.59M (Peak 281.59M) | Time:00:00.81 | Mem:0.00M, Peak:0.00M | Scene, ViewLayer | Synchronizing object | Cone.563
Fra:1 Mem:281.60M (Peak 281.60M) | Time:00:00.81 | Mem:0.00M, Peak:0.00M | Scene, ViewLayer | Synchronizing object | Cone.564
Fra:1 Mem:281.60M (Peak 281.60M) | Time:00:00.81 | Mem:0.00M, Peak:0.00M | Scene, ViewLayer | Synchronizing object | Cone.565
Fra:1 Mem:281.60M (Peak 281.60M) | Time:00:00.81 | Mem:0.00M, Peak:0.00M | Scene, ViewLayer | Synchronizing object | Cone.566
Fra:1 Mem:281.60M (Peak 281.60M) | Time:00:00.81 | Mem:0.00M, Peak:0.00M | Scene, ViewLayer | Synchronizing object | Cone.567
Fra:1 Mem:281.61M (Peak 281.61M) | Time:00:00.81 | Mem:0.00M, Peak:0.00M | Scene, ViewLayer | Synchronizing object | Cone.568
Fra:1 Mem:281.61M (Peak 281.61M) | Time:00:00.81 | Mem:0.00M, Peak:0.00M | Scene, ViewLayer | Synchronizing object | Cone.569
Fra:1 Mem:281.61M (Peak 281.61M) | Time:00:00.81 | Mem:0.00M, Peak:0.00M | Scene, ViewLayer | Synchronizing object | Cone.570
Fra:1 Mem:281.61M (Peak 281.61M) | Time:00:00.81 | Mem:0.00M, Peak:0.00M | Scene, ViewLayer | Synchronizing object | Cone.571
Fra:1 Mem:281.62M (Peak 281.62M) | Time:00:00.81 | Mem:0.00M, Peak:0.00M | Scene, ViewLayer | Synchronizing object | Cone.572
Fra:1 Mem:281.62M (Peak 281.62M) | Time:00:00.81 | Mem:0.00M, Peak:0.00M | Scene, ViewLayer | Synchronizing object | Cone.573
Fra:1 Mem:281.62M (Peak 281.62M) | Time:00:00.81 | Mem:0.00M, Peak:0.00M | Scene, ViewLayer | Synchronizing object | Cone.574
Fra:1 Mem:281.62M (Peak 281.62M) | Time:00:00.81 | Mem:0.00M, Peak:0.00M | Scene, ViewLayer | Synchronizing object | Cone.575
Fra:1 Mem:281.63M (Peak 281.63M) | Time:00:00.81 | Mem:0.00M, Peak:0.00M | Scene, ViewLayer | Synchronizing object | Cone.576
Fra:1 Mem:281.63M (Peak 281.63M) | Time:00:00.81 | Mem:0.00M, Peak:0.00M | Scene, ViewLayer | Synchronizing object | Cone.577
Fra:1 Mem:281.63M (Peak 281.63M) | Time:00:00.81 | Mem:0.00M, Peak:0.00M | Scene, ViewLayer | Synchronizing object | Cone.578
Fra:1 Mem:281.63M (Peak 281.63M) | Time:00:00.81 | Mem:0.00M, Peak:0.00M | Scene, ViewLayer | Synchronizing object | Cone.579
Fra:1 Mem:281.64M (Peak 281.64M) | Time:00:00.81 | Mem:0.00M, Peak:0.00M | Scene, ViewLayer | Synchronizing object | Cone.580
Fra:1 Mem:281.64M (Peak 281.64M) | Time:00:00.81 | Mem:0.00M, Peak:0.00M | Scene, ViewLayer | Synchronizing object | Cone.581
Fra:1 Mem:281.64M (Peak 281.64M) | Time:00:00.81 | Mem:0.00M, Peak:0.00M | Scene, ViewLayer | Synchronizing object | Cone.582
Fra:1 Mem:281.64M (Peak 281.64M) | Time:00:00.81 | Mem:0.00M, Peak:0.00M | Scene, ViewLayer | Synchronizing object | Cone.583
Fra:1 Mem:281.65M (Peak 281.65M) | Time:00:00.81 | Mem:0.00M, Peak:0.00M | Scene, ViewLayer | Synchronizing object | Cone.584
Fra:1 Mem:281.65M (Peak 281.65M) | Time:00:00.81 | Mem:0.00M, Peak:0.00M | Scene, ViewLayer | Synchronizing object | Cone.585
Fra:1 Mem:281.65M (Peak 281.65M) | Time:00:00.81 | Mem:0.00M, Peak:0.00M | Scene, ViewLayer | Synchronizing object | Cone.586
Fra:1 Mem:281.65M (Peak 281.65M) | Time:00:00.81 | Mem:0.00M, Peak:0.00M | Scene, ViewLayer | Synchronizing object | Cone.587
Fra:1 Mem:281.66M (Peak 281.66M) | Time:00:00.81 | Mem:0.00M, Peak:0.00M | Scene, ViewLayer | Synchronizing object | Cone.588
Fra:1 Mem:281.66M (Peak 281.66M) | Time:00:00.81 | Mem:0.00M, Peak:0.00M | Scene, ViewLayer | Synchronizing object | Cone.589
Fra:1 Mem:281.66M (Peak 281.66M) | Time:00:00.81 | Mem:0.00M, Peak:0.00M | Scene, ViewLayer | Synchronizing object | Cone.590
Fra:1 Mem:281.66M (Peak 281.66M) | Time:00:00.81 | Mem:0.00M, Peak:0.00M | Scene, ViewLayer | Synchronizing object | Cone.591
Fra:1 Mem:281.67M (Peak 281.67M) | Time:00:00.81 | Mem:0.00M, Peak:0.00M | Scene, ViewLayer | Synchronizing object | Cone.592
Fra:1 Mem:281.67M (Peak 281.67M) | Time:00:00.81 | Mem:0.00M, Peak:0.00M | Scene, ViewLayer | Synchronizing object | Cone.593
Fra:1 Mem:281.67M (Peak 281.67M) | Time:00:00.81 | Mem:0.00M, Peak:0.00M | Scene, ViewLayer | Synchronizing object | Cone.594
Fra:1 Mem:281.67M (Peak 281.67M) | Time:00:00.81 | Mem:0.00M, Peak:0.00M | Scene, ViewLayer | Synchronizing object | Cone.595
Fra:1 Mem:281.68M (Peak 281.68M) | Time:00:00.81 | Mem:0.00M, Peak:0.00M | Scene, ViewLayer | Synchronizing object | Cone.596
Fra:1 Mem:281.68M (Peak 281.68M) | Time:00:00.81 | Mem:0.00M, Peak:0.00M | Scene, ViewLayer | Synchronizing object | Cone.597
Fra:1 Mem:281.68M (Peak 281.68M) | Time:00:00.81 | Mem:0.00M, Peak:0.00M | Scene, ViewLayer | Synchronizing object | Cone.598
Fra:1 Mem:281.68M (Peak 281.68M) | Time:00:00.81 | Mem:0.00M, Peak:0.00M | Scene, ViewLayer | Synchronizing object | Cone.599
Fra:1 Mem:281.69M (Peak 281.69M) | Time:00:00.81 | Mem:0.00M, Peak:0.00M | Scene, ViewLayer | Synchronizing object | Cone.600
Fra:1 Mem:281.69M (Peak 281.69M) | Time:00:00.81 | Mem:0.00M, Peak:0.00M | Scene, ViewLayer | Synchronizing object | Cone.601
Fra:1 Mem:281.69M (Peak 281.69M) | Time:00:00.81 | Mem:0.00M, Peak:0.00M | Scene, ViewLayer | Synchronizing object | Cone.602
Fra:1 Mem:281.69M (Peak 281.69M) | Time:00:00.81 | Mem:0.00M, Peak:0.00M | Scene, ViewLayer | Synchronizing object | Cone.603
Fra:1 Mem:281.70M (Peak 281.70M) | Time:00:00.81 | Mem:0.00M, Peak:0.00M | Scene, ViewLayer | Synchronizing object | Cone.604
Fra:1 Mem:281.70M (Peak 281.70M) | Time:00:00.81 | Mem:0.00M, Peak:0.00M | Scene, ViewLayer | Synchronizing object | Cone.605
Fra:1 Mem:281.70M (Peak 281.70M) | Time:00:00.81 | Mem:0.00M, Peak:0.00M | Scene, ViewLayer | Synchronizing object | Cone.606
Fra:1 Mem:281.70M (Peak 281.70M) | Time:00:00.81 | Mem:0.00M, Peak:0.00M | Scene, ViewLayer | Synchronizing object | Cone.607
Fra:1 Mem:281.71M (Peak 281.71M) | Time:00:00.81 | Mem:0.00M, Peak:0.00M | Scene, ViewLayer | Synchronizing object | Cone.608
Fra:1 Mem:281.71M (Peak 281.71M) | Time:00:00.81 | Mem:0.00M, Peak:0.00M | Scene, ViewLayer | Synchronizing object | Cone.609
Fra:1 Mem:281.71M (Peak 281.71M) | Time:00:00.81 | Mem:0.00M, Peak:0.00M | Scene, ViewLayer | Synchronizing object | Cone.610
Fra:1 Mem:281.71M (Peak 281.71M) | Time:00:00.81 | Mem:0.00M, Peak:0.00M | Scene, ViewLayer | Synchronizing object | Cone.611
Fra:1 Mem:281.72M (Peak 281.72M) | Time:00:00.81 | Mem:0.00M, Peak:0.00M | Scene, ViewLayer | Synchronizing object | Cone.612
Fra:1 Mem:281.72M (Peak 281.72M) | Time:00:00.81 | Mem:0.00M, Peak:0.00M | Scene, ViewLayer | Synchronizing object | Cone.613
Fra:1 Mem:281.72M (Peak 281.72M) | Time:00:00.81 | Mem:0.00M, Peak:0.00M | Scene, ViewLayer | Synchronizing object | Cone.614
Fra:1 Mem:281.72M (Peak 281.72M) | Time:00:00.81 | Mem:0.00M, Peak:0.00M | Scene, ViewLayer | Synchronizing object | Cone.615
Fra:1 Mem:281.73M (Peak 281.73M) | Time:00:00.81 | Mem:0.00M, Peak:0.00M | Scene, ViewLayer | Synchronizing object | Cone.616
Fra:1 Mem:281.73M (Peak 281.73M) | Time:00:00.81 | Mem:0.00M, Peak:0.00M | Scene, ViewLayer | Synchronizing object | Cone.617
Fra:1 Mem:281.73M (Peak 281.73M) | Time:00:00.81 | Mem:0.00M, Peak:0.00M | Scene, ViewLayer | Synchronizing object | Cone.618
Fra:1 Mem:281.73M (Peak 281.73M) | Time:00:00.81 | Mem:0.00M, Peak:0.00M | Scene, ViewLayer | Synchronizing object | Cone.619
Fra:1 Mem:281.74M (Peak 281.74M) | Time:00:00.81 | Mem:0.00M, Peak:0.00M | Scene, ViewLayer | Synchronizing object | Cone.620
Fra:1 Mem:281.74M (Peak 281.74M) | Time:00:00.81 | Mem:0.00M, Peak:0.00M | Scene, ViewLayer | Synchronizing object | Cone.621
Fra:1 Mem:281.74M (Peak 281.74M) | Time:00:00.81 | Mem:0.00M, Peak:0.00M | Scene, ViewLayer | Synchronizing object | Cone.622
Fra:1 Mem:281.74M (Peak 281.74M) | Time:00:00.81 | Mem:0.00M, Peak:0.00M | Scene, ViewLayer | Synchronizing object | Cone.623
Fra:1 Mem:281.75M (Peak 281.75M) | Time:00:00.81 | Mem:0.00M, Peak:0.00M | Scene, ViewLayer | Synchronizing object | Cone.624
Fra:1 Mem:281.75M (Peak 281.75M) | Time:00:00.81 | Mem:0.00M, Peak:0.00M | Scene, ViewLayer | Synchronizing object | Cone.625
Fra:1 Mem:281.75M (Peak 281.75M) | Time:00:00.81 | Mem:0.00M, Peak:0.00M | Scene, ViewLayer | Synchronizing object | Cone.626
Fra:1 Mem:281.75M (Peak 281.75M) | Time:00:00.81 | Mem:0.00M, Peak:0.00M | Scene, ViewLayer | Synchronizing object | Cone.627
Fra:1 Mem:281.76M (Peak 281.76M) | Time:00:00.81 | Mem:0.00M, Peak:0.00M | Scene, ViewLayer | Synchronizing object | Cone.628
Fra:1 Mem:281.76M (Peak 281.76M) | Time:00:00.81 | Mem:0.00M, Peak:0.00M | Scene, ViewLayer | Synchronizing object | Cone.629
Fra:1 Mem:281.76M (Peak 281.76M) | Time:00:00.81 | Mem:0.00M, Peak:0.00M | Scene, ViewLayer | Synchronizing object | Cone.630
Fra:1 Mem:281.76M (Peak 281.76M) | Time:00:00.81 | Mem:0.00M, Peak:0.00M | Scene, ViewLayer | Synchronizing object | Cone.631
Fra:1 Mem:281.76M (Peak 281.76M) | Time:00:00.81 | Mem:0.00M, Peak:0.00M | Scene, ViewLayer | Synchronizing object | Cone.632
Fra:1 Mem:281.77M (Peak 281.77M) | Time:00:00.81 | Mem:0.00M, Peak:0.00M | Scene, ViewLayer | Synchronizing object | Cone.633
Fra:1 Mem:281.77M (Peak 281.77M) | Time:00:00.81 | Mem:0.00M, Peak:0.00M | Scene, ViewLayer | Synchronizing object | Cone.634
Fra:1 Mem:281.77M (Peak 281.77M) | Time:00:00.81 | Mem:0.00M, Peak:0.00M | Scene, ViewLayer | Synchronizing object | Cone.635
Fra:1 Mem:281.77M (Peak 281.77M) | Time:00:00.81 | Mem:0.00M, Peak:0.00M | Scene, ViewLayer | Synchronizing object | Sphere.183
Fra:1 Mem:281.78M (Peak 281.78M) | Time:00:00.81 | Mem:0.00M, Peak:0.00M | Scene, ViewLayer | Synchronizing object | Sphere.184
Fra:1 Mem:281.78M (Peak 281.78M) | Time:00:00.81 | Mem:0.00M, Peak:0.00M | Scene, ViewLayer | Synchronizing object | Sphere.185
Fra:1 Mem:281.78M (Peak 281.78M) | Time:00:00.81 | Mem:0.00M, Peak:0.00M | Scene, ViewLayer | Synchronizing object | Sphere.186
Fra:1 Mem:281.79M (Peak 281.79M) | Time:00:00.81 | Mem:0.00M, Peak:0.00M | Scene, ViewLayer | Synchronizing object | Sphere.187
Fra:1 Mem:281.79M (Peak 281.79M) | Time:00:00.81 | Mem:0.00M, Peak:0.00M | Scene, ViewLayer | Synchronizing object | Sphere.188
Fra:1 Mem:281.80M (Peak 281.80M) | Time:00:00.81 | Mem:0.00M, Peak:0.00M | Scene, ViewLayer | Synchronizing object | Cone.636
Fra:1 Mem:281.81M (Peak 281.81M) | Time:00:00.81 | Mem:0.00M, Peak:0.00M | Scene, ViewLayer | Synchronizing object | Cone.637
Fra:1 Mem:281.81M (Peak 281.81M) | Time:00:00.81 | Mem:0.00M, Peak:0.00M | Scene, ViewLayer | Synchronizing object | Cylinder.369
Fra:1 Mem:281.81M (Peak 281.81M) | Time:00:00.81 | Mem:0.00M, Peak:0.00M | Scene, ViewLayer | Synchronizing object | Cylinder.370
Fra:1 Mem:281.81M (Peak 281.81M) | Time:00:00.82 | Mem:0.00M, Peak:0.00M | Scene, ViewLayer | Synchronizing object | Cylinder.371
Fra:1 Mem:281.81M (Peak 281.81M) | Time:00:00.82 | Mem:0.00M, Peak:0.00M | Scene, ViewLayer | Synchronizing object | Cylinder.372
Fra:1 Mem:281.82M (Peak 281.82M) | Time:00:00.82 | Mem:0.00M, Peak:0.00M | Scene, ViewLayer | Synchronizing object | Cylinder.373
Fra:1 Mem:281.82M (Peak 281.82M) | Time:00:00.82 | Mem:0.00M, Peak:0.00M | Scene, ViewLayer | Synchronizing object | Cylinder.374
Fra:1 Mem:281.82M (Peak 281.82M) | Time:00:00.82 | Mem:0.00M, Peak:0.00M | Scene, ViewLayer | Synchronizing object | Cylinder.375
Fra:1 Mem:281.82M (Peak 281.82M) | Time:00:00.82 | Mem:0.00M, Peak:0.00M | Scene, ViewLayer | Synchronizing object | Cylinder.376
Fra:1 Mem:281.82M (Peak 281.82M) | Time:00:00.82 | Mem:0.00M, Peak:0.00M | Scene, ViewLayer | Synchronizing object | Cylinder.377
Fra:1 Mem:281.82M (Peak 281.82M) | Time:00:00.82 | Mem:0.00M, Peak:0.00M | Scene, ViewLayer | Synchronizing object | Cylinder.378
Fra:1 Mem:281.83M (Peak 281.83M) | Time:00:00.82 | Mem:0.00M, Peak:0.00M | Scene, ViewLayer | Synchronizing object | Cylinder.379
Fra:1 Mem:281.83M (Peak 281.83M) | Time:00:00.82 | Mem:0.00M, Peak:0.00M | Scene, ViewLayer | Synchronizing object | Cylinder.380
Fra:1 Mem:281.83M (Peak 281.83M) | Time:00:00.82 | Mem:0.00M, Peak:0.00M | Scene, ViewLayer | Synchronizing object | Cylinder.381
Fra:1 Mem:281.83M (Peak 281.83M) | Time:00:00.82 | Mem:0.00M, Peak:0.00M | Scene, ViewLayer | Synchronizing object | Cylinder.382
Fra:1 Mem:281.83M (Peak 281.83M) | Time:00:00.82 | Mem:0.00M, Peak:0.00M | Scene, ViewLayer | Synchronizing object | Cylinder.383
Fra:1 Mem:281.83M (Peak 281.83M) | Time:00:00.82 | Mem:0.00M, Peak:0.00M | Scene, ViewLayer | Synchronizing object | Cylinder.384
Fra:1 Mem:281.84M (Peak 281.84M) | Time:00:00.82 | Mem:0.00M, Peak:0.00M | Scene, ViewLayer | Synchronizing object | Cylinder.385
Fra:1 Mem:281.84M (Peak 281.84M) | Time:00:00.82 | Mem:0.00M, Peak:0.00M | Scene, ViewLayer | Synchronizing object | Cylinder.386
Fra:1 Mem:281.84M (Peak 281.84M) | Time:00:00.82 | Mem:0.00M, Peak:0.00M | Scene, ViewLayer | Synchronizing object | Cylinder.387
Fra:1 Mem:281.84M (Peak 281.84M) | Time:00:00.82 | Mem:0.00M, Peak:0.00M | Scene, ViewLayer | Synchronizing object | Cylinder.388
Fra:1 Mem:281.84M (Peak 281.84M) | Time:00:00.82 | Mem:0.00M, Peak:0.00M | Scene, ViewLayer | Synchronizing object | Cylinder.389
Fra:1 Mem:281.84M (Peak 281.84M) | Time:00:00.82 | Mem:0.00M, Peak:0.00M | Scene, ViewLayer | Synchronizing object | Cylinder.390
Fra:1 Mem:281.84M (Peak 281.84M) | Time:00:00.82 | Mem:0.00M, Peak:0.00M | Scene, ViewLayer | Synchronizing object | Cylinder.391
Fra:1 Mem:281.85M (Peak 281.85M) | Time:00:00.82 | Mem:0.00M, Peak:0.00M | Scene, ViewLayer | Synchronizing object | Cylinder.392
Fra:1 Mem:281.85M (Peak 281.85M) | Time:00:00.82 | Mem:0.00M, Peak:0.00M | Scene, ViewLayer | Synchronizing object | Cylinder.393
Fra:1 Mem:281.85M (Peak 281.85M) | Time:00:00.82 | Mem:0.00M, Peak:0.00M | Scene, ViewLayer | Synchronizing object | Cylinder.394
Fra:1 Mem:281.85M (Peak 281.85M) | Time:00:00.82 | Mem:0.00M, Peak:0.00M | Scene, ViewLayer | Synchronizing object | Cylinder.395
Fra:1 Mem:281.85M (Peak 281.85M) | Time:00:00.82 | Mem:0.00M, Peak:0.00M | Scene, ViewLayer | Synchronizing object | Cylinder.396
Fra:1 Mem:281.85M (Peak 281.85M) | Time:00:00.82 | Mem:0.00M, Peak:0.00M | Scene, ViewLayer | Synchronizing object | Cylinder.397
Fra:1 Mem:281.86M (Peak 281.86M) | Time:00:00.82 | Mem:0.00M, Peak:0.00M | Scene, ViewLayer | Synchronizing object | Cylinder.398
Fra:1 Mem:281.86M (Peak 281.86M) | Time:00:00.82 | Mem:0.00M, Peak:0.00M | Scene, ViewLayer | Synchronizing object | Cylinder.399
Fra:1 Mem:281.86M (Peak 281.86M) | Time:00:00.82 | Mem:0.00M, Peak:0.00M | Scene, ViewLayer | Synchronizing object | Cylinder.400
Fra:1 Mem:281.86M (Peak 281.86M) | Time:00:00.82 | Mem:0.00M, Peak:0.00M | Scene, ViewLayer | Synchronizing object | Cylinder.401
Fra:1 Mem:281.86M (Peak 281.86M) | Time:00:00.82 | Mem:0.00M, Peak:0.00M | Scene, ViewLayer | Synchronizing object | Cylinder.402
Fra:1 Mem:281.86M (Peak 281.86M) | Time:00:00.82 | Mem:0.00M, Peak:0.00M | Scene, ViewLayer | Synchronizing object | Cylinder.403
Fra:1 Mem:281.87M (Peak 281.87M) | Time:00:00.82 | Mem:0.00M, Peak:0.00M | Scene, ViewLayer | Synchronizing object | Cylinder.404
Fra:1 Mem:281.87M (Peak 281.87M) | Time:00:00.82 | Mem:0.00M, Peak:0.00M | Scene, ViewLayer | Synchronizing object | Cylinder.405
Fra:1 Mem:281.87M (Peak 281.87M) | Time:00:00.82 | Mem:0.00M, Peak:0.00M | Scene, ViewLayer | Synchronizing object | Cylinder.406
Fra:1 Mem:281.87M (Peak 281.87M) | Time:00:00.82 | Mem:0.00M, Peak:0.00M | Scene, ViewLayer | Synchronizing object | Cylinder.407
Fra:1 Mem:281.87M (Peak 281.87M) | Time:00:00.82 | Mem:0.00M, Peak:0.00M | Scene, ViewLayer | Synchronizing object | Cylinder.408
Fra:1 Mem:281.87M (Peak 281.87M) | Time:00:00.82 | Mem:0.00M, Peak:0.00M | Scene, ViewLayer | Synchronizing object | Cylinder.409
Fra:1 Mem:281.88M (Peak 281.88M) | Time:00:00.82 | Mem:0.00M, Peak:0.00M | Scene, ViewLayer | Synchronizing object | Cylinder.410
Fra:1 Mem:281.88M (Peak 281.88M) | Time:00:00.82 | Mem:0.00M, Peak:0.00M | Scene, ViewLayer | Synchronizing object | Cylinder.411
Fra:1 Mem:281.88M (Peak 281.88M) | Time:00:00.82 | Mem:0.00M, Peak:0.00M | Scene, ViewLayer | Synchronizing object | Cylinder.412
Fra:1 Mem:281.88M (Peak 281.88M) | Time:00:00.82 | Mem:0.00M, Peak:0.00M | Scene, ViewLayer | Synchronizing object | Cylinder.413
Fra:1 Mem:281.88M (Peak 281.88M) | Time:00:00.82 | Mem:0.00M, Peak:0.00M | Scene, ViewLayer | Synchronizing object | Cylinder.414
Fra:1 Mem:281.88M (Peak 281.88M) | Time:00:00.82 | Mem:0.00M, Peak:0.00M | Scene, ViewLayer | Synchronizing object | Cylinder.415
Fra:1 Mem:281.89M (Peak 281.89M) | Time:00:00.82 | Mem:0.00M, Peak:0.00M | Scene, ViewLayer | Synchronizing object | Cylinder.416
Fra:1 Mem:281.89M (Peak 281.89M) | Time:00:00.82 | Mem:0.00M, Peak:0.00M | Scene, ViewLayer | Synchronizing object | Cylinder.417
Fra:1 Mem:281.89M (Peak 281.89M) | Time:00:00.82 | Mem:0.00M, Peak:0.00M | Scene, ViewLayer | Synchronizing object | Cylinder.418
Fra:1 Mem:281.89M (Peak 281.89M) | Time:00:00.82 | Mem:0.00M, Peak:0.00M | Scene, ViewLayer | Synchronizing object | Cylinder.419
Fra:1 Mem:281.89M (Peak 281.89M) | Time:00:00.82 | Mem:0.00M, Peak:0.00M | Scene, ViewLayer | Synchronizing object | Cylinder.420
Fra:1 Mem:281.89M (Peak 281.89M) | Time:00:00.82 | Mem:0.00M, Peak:0.00M | Scene, ViewLayer | Synchronizing object | Cylinder.421
Fra:1 Mem:281.90M (Peak 281.90M) | Time:00:00.82 | Mem:0.00M, Peak:0.00M | Scene, ViewLayer | Synchronizing object | Cylinder.422
Fra:1 Mem:281.90M (Peak 281.90M) | Time:00:00.82 | Mem:0.00M, Peak:0.00M | Scene, ViewLayer | Synchronizing object | Cylinder.423
Fra:1 Mem:281.90M (Peak 281.90M) | Time:00:00.82 | Mem:0.00M, Peak:0.00M | Scene, ViewLayer | Synchronizing object | Cylinder.424
Fra:1 Mem:281.90M (Peak 281.90M) | Time:00:00.82 | Mem:0.00M, Peak:0.00M | Scene, ViewLayer | Synchronizing object | Cylinder.425
Fra:1 Mem:281.90M (Peak 281.90M) | Time:00:00.82 | Mem:0.00M, Peak:0.00M | Scene, ViewLayer | Synchronizing object | Cylinder.426
Fra:1 Mem:281.90M (Peak 281.90M) | Time:00:00.82 | Mem:0.00M, Peak:0.00M | Scene, ViewLayer | Synchronizing object | Cylinder.427
Fra:1 Mem:281.91M (Peak 281.91M) | Time:00:00.82 | Mem:0.00M, Peak:0.00M | Scene, ViewLayer | Synchronizing object | Cylinder.428
Fra:1 Mem:281.91M (Peak 281.91M) | Time:00:00.82 | Mem:0.00M, Peak:0.00M | Scene, ViewLayer | Synchronizing object | Cylinder.429
Fra:1 Mem:281.91M (Peak 281.91M) | Time:00:00.82 | Mem:0.00M, Peak:0.00M | Scene, ViewLayer | Synchronizing object | Cylinder.430
Fra:1 Mem:281.91M (Peak 281.91M) | Time:00:00.82 | Mem:0.00M, Peak:0.00M | Scene, ViewLayer | Synchronizing object | Cylinder.431
Fra:1 Mem:281.91M (Peak 281.91M) | Time:00:00.82 | Mem:0.00M, Peak:0.00M | Scene, ViewLayer | Synchronizing object | Cylinder.432
Fra:1 Mem:281.91M (Peak 281.91M) | Time:00:00.82 | Mem:0.00M, Peak:0.00M | Scene, ViewLayer | Synchronizing object | Cylinder.433
Fra:1 Mem:281.91M (Peak 281.91M) | Time:00:00.82 | Mem:0.00M, Peak:0.00M | Scene, ViewLayer | Synchronizing object | Cylinder.434
Fra:1 Mem:281.92M (Peak 281.92M) | Time:00:00.82 | Mem:0.00M, Peak:0.00M | Scene, ViewLayer | Synchronizing object | Cylinder.435
Fra:1 Mem:281.92M (Peak 281.92M) | Time:00:00.82 | Mem:0.00M, Peak:0.00M | Scene, ViewLayer | Synchronizing object | Cylinder.436
Fra:1 Mem:281.92M (Peak 281.92M) | Time:00:00.82 | Mem:0.00M, Peak:0.00M | Scene, ViewLayer | Synchronizing object | Cylinder.437
Fra:1 Mem:281.92M (Peak 281.92M) | Time:00:00.82 | Mem:0.00M, Peak:0.00M | Scene, ViewLayer | Synchronizing object | Cylinder.438
Fra:1 Mem:281.92M (Peak 281.92M) | Time:00:00.82 | Mem:0.00M, Peak:0.00M | Scene, ViewLayer | Synchronizing object | Cylinder.439
Fra:1 Mem:281.92M (Peak 281.92M) | Time:00:00.82 | Mem:0.00M, Peak:0.00M | Scene, ViewLayer | Synchronizing object | Cylinder.440
Fra:1 Mem:281.93M (Peak 281.93M) | Time:00:00.82 | Mem:0.00M, Peak:0.00M | Scene, ViewLayer | Synchronizing object | Cylinder.441
Fra:1 Mem:281.93M (Peak 281.93M) | Time:00:00.82 | Mem:0.00M, Peak:0.00M | Scene, ViewLayer | Synchronizing object | Cylinder.442
Fra:1 Mem:281.93M (Peak 281.93M) | Time:00:00.82 | Mem:0.00M, Peak:0.00M | Scene, ViewLayer | Synchronizing object | Cylinder.443
Fra:1 Mem:281.93M (Peak 281.93M) | Time:00:00.82 | Mem:0.00M, Peak:0.00M | Scene, ViewLayer | Synchronizing object | Cylinder.444
Fra:1 Mem:281.93M (Peak 281.93M) | Time:00:00.82 | Mem:0.00M, Peak:0.00M | Scene, ViewLayer | Synchronizing object | Cylinder.445
Fra:1 Mem:281.93M (Peak 281.93M) | Time:00:00.82 | Mem:0.00M, Peak:0.00M | Scene, ViewLayer | Synchronizing object | Cylinder.446
Fra:1 Mem:281.94M (Peak 281.94M) | Time:00:00.82 | Mem:0.00M, Peak:0.00M | Scene, ViewLayer | Synchronizing object | Cylinder.447
Fra:1 Mem:281.94M (Peak 281.94M) | Time:00:00.82 | Mem:0.00M, Peak:0.00M | Scene, ViewLayer | Synchronizing object | Cylinder.448
Fra:1 Mem:281.94M (Peak 281.94M) | Time:00:00.82 | Mem:0.00M, Peak:0.00M | Scene, ViewLayer | Synchronizing object | Cylinder.449
Fra:1 Mem:281.94M (Peak 281.94M) | Time:00:00.82 | Mem:0.00M, Peak:0.00M | Scene, ViewLayer | Synchronizing object | Cylinder.450
Fra:1 Mem:281.96M (Peak 281.96M) | Time:00:00.82 | Mem:0.00M, Peak:0.00M | Scene, ViewLayer | Synchronizing object | Cylinder.451
Fra:1 Mem:281.96M (Peak 281.96M) | Time:00:00.82 | Mem:0.00M, Peak:0.00M | Scene, ViewLayer | Synchronizing object | Cylinder.452
Fra:1 Mem:281.96M (Peak 281.96M) | Time:00:00.82 | Mem:0.00M, Peak:0.00M | Scene, ViewLayer | Synchronizing object | Cylinder.453
Fra:1 Mem:281.96M (Peak 281.96M) | Time:00:00.82 | Mem:0.00M, Peak:0.00M | Scene, ViewLayer | Synchronizing object | Cylinder.454
Fra:1 Mem:281.96M (Peak 281.96M) | Time:00:00.82 | Mem:0.00M, Peak:0.00M | Scene, ViewLayer | Synchronizing object | Cylinder.455
Fra:1 Mem:281.97M (Peak 281.97M) | Time:00:00.82 | Mem:0.00M, Peak:0.00M | Scene, ViewLayer | Synchronizing object | Cylinder.456
Fra:1 Mem:281.97M (Peak 281.97M) | Time:00:00.82 | Mem:0.00M, Peak:0.00M | Scene, ViewLayer | Synchronizing object | Cylinder.457
Fra:1 Mem:281.97M (Peak 281.97M) | Time:00:00.82 | Mem:0.00M, Peak:0.00M | Scene, ViewLayer | Synchronizing object | Cylinder.458
Fra:1 Mem:281.97M (Peak 281.97M) | Time:00:00.82 | Mem:0.00M, Peak:0.00M | Scene, ViewLayer | Synchronizing object | Sphere.189
Fra:1 Mem:281.99M (Peak 281.99M) | Time:00:00.82 | Mem:0.00M, Peak:0.00M | Scene, ViewLayer | Synchronizing object | Sphere.190
Fra:1 Mem:282.01M (Peak 282.01M) | Time:00:00.82 | Mem:0.00M, Peak:0.00M | Scene, ViewLayer | Synchronizing object | Sphere.191
Fra:1 Mem:282.11M (Peak 282.11M) | Time:00:00.82 | Mem:0.00M, Peak:0.00M | Scene, ViewLayer | Synchronizing object | Sphere.192
Fra:1 Mem:282.19M (Peak 282.19M) | Time:00:00.83 | Mem:0.00M, Peak:0.00M | Scene, ViewLayer | Synchronizing object | Cylinder.459
Fra:1 Mem:282.19M (Peak 282.19M) | Time:00:00.83 | Mem:0.00M, Peak:0.00M | Scene, ViewLayer | Synchronizing object | Cylinder.460
Fra:1 Mem:282.19M (Peak 282.19M) | Time:00:00.83 | Mem:0.00M, Peak:0.00M | Scene, ViewLayer | Synchronizing object | Cylinder.461
Fra:1 Mem:282.20M (Peak 282.20M) | Time:00:00.83 | Mem:0.00M, Peak:0.00M | Scene, ViewLayer | Synchronizing object | Cylinder.462
Fra:1 Mem:282.20M (Peak 282.20M) | Time:00:00.83 | Mem:0.00M, Peak:0.00M | Scene, ViewLayer | Synchronizing object | Cylinder.463
Fra:1 Mem:282.20M (Peak 282.20M) | Time:00:00.83 | Mem:0.00M, Peak:0.00M | Scene, ViewLayer | Synchronizing object | Cylinder.464
Fra:1 Mem:282.21M (Peak 282.21M) | Time:00:00.83 | Mem:0.00M, Peak:0.00M | Scene, ViewLayer | Synchronizing object | Cylinder.465
Fra:1 Mem:282.21M (Peak 282.21M) | Time:00:00.83 | Mem:0.00M, Peak:0.00M | Scene, ViewLayer | Synchronizing object | Cylinder.466
Fra:1 Mem:282.21M (Peak 282.21M) | Time:00:00.83 | Mem:0.00M, Peak:0.00M | Scene, ViewLayer | Synchronizing object | Cylinder.467
Fra:1 Mem:282.22M (Peak 282.22M) | Time:00:00.83 | Mem:0.00M, Peak:0.00M | Scene, ViewLayer | Synchronizing object | Cylinder.468
Fra:1 Mem:282.23M (Peak 282.23M) | Time:00:00.83 | Mem:0.00M, Peak:0.00M | Scene, ViewLayer | Synchronizing object | Cylinder.469
Fra:1 Mem:282.24M (Peak 282.24M) | Time:00:00.83 | Mem:0.00M, Peak:0.00M | Scene, ViewLayer | Synchronizing object | Torus.050
Fra:1 Mem:282.27M (Peak 282.27M) | Time:00:00.83 | Mem:0.00M, Peak:0.00M | Scene, ViewLayer | Synchronizing object | Torus.051
Fra:1 Mem:282.30M (Peak 282.30M) | Time:00:00.83 | Mem:0.00M, Peak:0.00M | Scene, ViewLayer | Synchronizing object | Torus.052
Fra:1 Mem:282.33M (Peak 282.33M) | Time:00:00.83 | Mem:0.00M, Peak:0.00M | Scene, ViewLayer | Synchronizing object | Torus.053
Fra:1 Mem:282.36M (Peak 282.36M) | Time:00:00.83 | Mem:0.00M, Peak:0.00M | Scene, ViewLayer | Synchronizing object | Sphere.193
Fra:1 Mem:282.46M (Peak 282.46M) | Time:00:00.83 | Mem:0.00M, Peak:0.00M | Scene, ViewLayer | Synchronizing object | Sphere.194
Fra:1 Mem:282.56M (Peak 282.56M) | Time:00:00.83 | Mem:0.00M, Peak:0.00M | Scene, ViewLayer | Synchronizing object | Sphere.195
Fra:1 Mem:282.68M (Peak 282.68M) | Time:00:00.83 | Mem:0.00M, Peak:0.00M | Scene, ViewLayer | Synchronizing object | Cylinder.470
Fra:1 Mem:282.68M (Peak 282.68M) | Time:00:00.83 | Mem:0.00M, Peak:0.00M | Scene, ViewLayer | Synchronizing object | Cylinder.471
Fra:1 Mem:282.69M (Peak 282.69M) | Time:00:00.83 | Mem:0.00M, Peak:0.00M | Scene, ViewLayer | Synchronizing object | Cylinder.472
Fra:1 Mem:282.69M (Peak 282.69M) | Time:00:00.83 | Mem:0.00M, Peak:0.00M | Scene, ViewLayer | Synchronizing object | Cylinder.473
Fra:1 Mem:282.69M (Peak 282.69M) | Time:00:00.83 | Mem:0.00M, Peak:0.00M | Scene, ViewLayer | Synchronizing object | Cylinder.474
Fra:1 Mem:282.69M (Peak 282.69M) | Time:00:00.83 | Mem:0.00M, Peak:0.00M | Scene, ViewLayer | Synchronizing object | Cylinder.475
Fra:1 Mem:282.69M (Peak 282.69M) | Time:00:00.83 | Mem:0.00M, Peak:0.00M | Scene, ViewLayer | Synchronizing object | Cylinder.476
Fra:1 Mem:282.69M (Peak 282.69M) | Time:00:00.83 | Mem:0.00M, Peak:0.00M | Scene, ViewLayer | Synchronizing object | Cylinder.477
Fra:1 Mem:282.69M (Peak 282.69M) | Time:00:00.83 | Mem:0.00M, Peak:0.00M | Scene, ViewLayer | Synchronizing object | Cylinder.478
Fra:1 Mem:282.69M (Peak 282.69M) | Time:00:00.83 | Mem:0.00M, Peak:0.00M | Scene, ViewLayer | Synchronizing object | Cylinder.479
Fra:1 Mem:282.70M (Peak 282.70M) | Time:00:00.83 | Mem:0.00M, Peak:0.00M | Scene, ViewLayer | Synchronizing object | Sphere.196
Fra:1 Mem:282.70M (Peak 282.70M) | Time:00:00.83 | Mem:0.00M, Peak:0.00M | Scene, ViewLayer | Synchronizing object | Sphere.197
Fra:1 Mem:282.70M (Peak 282.70M) | Time:00:00.83 | Mem:0.00M, Peak:0.00M | Scene, ViewLayer | Synchronizing object | Sphere.198
Fra:1 Mem:282.70M (Peak 282.70M) | Time:00:00.83 | Mem:0.00M, Peak:0.00M | Scene, ViewLayer | Synchronizing object | Sphere.199
Fra:1 Mem:282.71M (Peak 282.71M) | Time:00:00.83 | Mem:0.00M, Peak:0.00M | Scene, ViewLayer | Synchronizing object | Sphere.200
Fra:1 Mem:282.71M (Peak 282.71M) | Time:00:00.83 | Mem:0.00M, Peak:0.00M | Scene, ViewLayer | Synchronizing object | Sphere.201
Fra:1 Mem:282.71M (Peak 282.71M) | Time:00:00.83 | Mem:0.00M, Peak:0.00M | Scene, ViewLayer | Synchronizing object | Sphere.202
Fra:1 Mem:282.71M (Peak 282.71M) | Time:00:00.83 | Mem:0.00M, Peak:0.00M | Scene, ViewLayer | Synchronizing object | Sphere.203
Fra:1 Mem:282.71M (Peak 282.71M) | Time:00:00.83 | Mem:0.00M, Peak:0.00M | Scene, ViewLayer | Synchronizing object | Sphere.204
Fra:1 Mem:282.72M (Peak 282.72M) | Time:00:00.83 | Mem:0.00M, Peak:0.00M | Scene, ViewLayer | Synchronizing object | Sphere.205
Fra:1 Mem:282.72M (Peak 282.72M) | Time:00:00.83 | Mem:0.00M, Peak:0.00M | Scene, ViewLayer | Synchronizing object | Sphere.206
Fra:1 Mem:282.72M (Peak 282.72M) | Time:00:00.83 | Mem:0.00M, Peak:0.00M | Scene, ViewLayer | Synchronizing object | Sphere.207
Fra:1 Mem:282.72M (Peak 282.72M) | Time:00:00.83 | Mem:0.00M, Peak:0.00M | Scene, ViewLayer | Synchronizing object | Sphere.208
Fra:1 Mem:282.73M (Peak 282.73M) | Time:00:00.83 | Mem:0.00M, Peak:0.00M | Scene, ViewLayer | Synchronizing object | Sphere.209
Fra:1 Mem:282.73M (Peak 282.73M) | Time:00:00.83 | Mem:0.00M, Peak:0.00M | Scene, ViewLayer | Synchronizing object | Sphere.210
Fra:1 Mem:282.73M (Peak 282.73M) | Time:00:00.83 | Mem:0.00M, Peak:0.00M | Scene, ViewLayer | Synchronizing object | Sphere.211
Fra:1 Mem:282.73M (Peak 282.73M) | Time:00:00.83 | Mem:0.00M, Peak:0.00M | Scene, ViewLayer | Synchronizing object | Sphere.212
Fra:1 Mem:282.74M (Peak 282.74M) | Time:00:00.83 | Mem:0.00M, Peak:0.00M | Scene, ViewLayer | Synchronizing object | Sphere.213
Fra:1 Mem:282.74M (Peak 282.74M) | Time:00:00.83 | Mem:0.00M, Peak:0.00M | Scene, ViewLayer | Synchronizing object | Sphere.214
Fra:1 Mem:282.74M (Peak 282.74M) | Time:00:00.83 | Mem:0.00M, Peak:0.00M | Scene, ViewLayer | Synchronizing object | Sphere.215
Fra:1 Mem:282.74M (Peak 282.74M) | Time:00:00.83 | Mem:0.00M, Peak:0.00M | Scene, ViewLayer | Synchronizing object | Sphere.216
Fra:1 Mem:282.74M (Peak 282.74M) | Time:00:00.83 | Mem:0.00M, Peak:0.00M | Scene, ViewLayer | Synchronizing object | Sphere.217
Fra:1 Mem:282.75M (Peak 282.75M) | Time:00:00.84 | Mem:0.00M, Peak:0.00M | Scene, ViewLayer | Synchronizing object | Sphere.218
Fra:1 Mem:282.75M (Peak 282.75M) | Time:00:00.84 | Mem:0.00M, Peak:0.00M | Scene, ViewLayer | Synchronizing object | Sphere.219
Fra:1 Mem:282.75M (Peak 282.75M) | Time:00:00.84 | Mem:0.00M, Peak:0.00M | Scene, ViewLayer | Synchronizing object | Sphere.220
Fra:1 Mem:282.75M (Peak 282.75M) | Time:00:00.84 | Mem:0.00M, Peak:0.00M | Scene, ViewLayer | Synchronizing object | Sphere.221
Fra:1 Mem:282.76M (Peak 282.76M) | Time:00:00.84 | Mem:0.00M, Peak:0.00M | Scene, ViewLayer | Synchronizing object | Sphere.222
Fra:1 Mem:282.76M (Peak 282.76M) | Time:00:00.84 | Mem:0.00M, Peak:0.00M | Scene, ViewLayer | Synchronizing object | Sphere.223
Fra:1 Mem:282.76M (Peak 282.76M) | Time:00:00.84 | Mem:0.00M, Peak:0.00M | Scene, ViewLayer | Synchronizing object | Sphere.224
Fra:1 Mem:282.76M (Peak 282.76M) | Time:00:00.84 | Mem:0.00M, Peak:0.00M | Scene, ViewLayer | Synchronizing object | Sphere.225
Fra:1 Mem:282.77M (Peak 282.77M) | Time:00:00.84 | Mem:0.00M, Peak:0.00M | Scene, ViewLayer | Synchronizing object | Sphere.226
Fra:1 Mem:282.77M (Peak 282.77M) | Time:00:00.84 | Mem:0.00M, Peak:0.00M | Scene, ViewLayer | Synchronizing object | Sphere.227
Fra:1 Mem:282.77M (Peak 282.77M) | Time:00:00.84 | Mem:0.00M, Peak:0.00M | Scene, ViewLayer | Synchronizing object | Sphere.228
Fra:1 Mem:282.77M (Peak 282.77M) | Time:00:00.84 | Mem:0.00M, Peak:0.00M | Scene, ViewLayer | Synchronizing object | Sphere.229
Fra:1 Mem:282.77M (Peak 282.77M) | Time:00:00.84 | Mem:0.00M, Peak:0.00M | Scene, ViewLayer | Synchronizing object | Sphere.230
Fra:1 Mem:282.78M (Peak 282.78M) | Time:00:00.84 | Mem:0.00M, Peak:0.00M | Scene, ViewLayer | Synchronizing object | Sphere.231
Fra:1 Mem:282.78M (Peak 282.78M) | Time:00:00.84 | Mem:0.00M, Peak:0.00M | Scene, ViewLayer | Synchronizing object | Sphere.232
Fra:1 Mem:282.78M (Peak 282.78M) | Time:00:00.84 | Mem:0.00M, Peak:0.00M | Scene, ViewLayer | Synchronizing object | Sphere.233
Fra:1 Mem:282.78M (Peak 282.78M) | Time:00:00.84 | Mem:0.00M, Peak:0.00M | Scene, ViewLayer | Synchronizing object | Sphere.234
Fra:1 Mem:282.79M (Peak 282.79M) | Time:00:00.84 | Mem:0.00M, Peak:0.00M | Scene, ViewLayer | Synchronizing object | Sphere.235
Fra:1 Mem:282.79M (Peak 282.79M) | Time:00:00.84 | Mem:0.00M, Peak:0.00M | Scene, ViewLayer | Synchronizing object | Sphere.236
Fra:1 Mem:282.79M (Peak 282.79M) | Time:00:00.84 | Mem:0.00M, Peak:0.00M | Scene, ViewLayer | Synchronizing object | Sphere.237
Fra:1 Mem:282.79M (Peak 282.79M) | Time:00:00.84 | Mem:0.00M, Peak:0.00M | Scene, ViewLayer | Synchronizing object | Sphere.238
Fra:1 Mem:282.80M (Peak 282.80M) | Time:00:00.84 | Mem:0.00M, Peak:0.00M | Scene, ViewLayer | Synchronizing object | Sphere.239
Fra:1 Mem:282.80M (Peak 282.80M) | Time:00:00.84 | Mem:0.00M, Peak:0.00M | Scene, ViewLayer | Synchronizing object | Sphere.240
Fra:1 Mem:282.80M (Peak 282.80M) | Time:00:00.84 | Mem:0.00M, Peak:0.00M | Scene, ViewLayer | Synchronizing object | Sphere.241
Fra:1 Mem:282.80M (Peak 282.80M) | Time:00:00.84 | Mem:0.00M, Peak:0.00M | Scene, ViewLayer | Synchronizing object | Sphere.242
Fra:1 Mem:282.80M (Peak 282.80M) | Time:00:00.84 | Mem:0.00M, Peak:0.00M | Scene, ViewLayer | Synchronizing object | Sphere.243
Fra:1 Mem:282.81M (Peak 282.81M) | Time:00:00.84 | Mem:0.00M, Peak:0.00M | Scene, ViewLayer | Synchronizing object | Sphere.244
Fra:1 Mem:282.81M (Peak 282.81M) | Time:00:00.84 | Mem:0.00M, Peak:0.00M | Scene, ViewLayer | Synchronizing object | Sphere.245
Fra:1 Mem:282.81M (Peak 282.81M) | Time:00:00.84 | Mem:0.00M, Peak:0.00M | Scene, ViewLayer | Synchronizing object | Sphere.246
Fra:1 Mem:282.81M (Peak 282.81M) | Time:00:00.84 | Mem:0.00M, Peak:0.00M | Scene, ViewLayer | Synchronizing object | Sphere.247
Fra:1 Mem:282.82M (Peak 282.82M) | Time:00:00.84 | Mem:0.00M, Peak:0.00M | Scene, ViewLayer | Synchronizing object | Sphere.248
Fra:1 Mem:282.82M (Peak 282.82M) | Time:00:00.84 | Mem:0.00M, Peak:0.00M | Scene, ViewLayer | Synchronizing object | Sphere.249
Fra:1 Mem:282.82M (Peak 282.82M) | Time:00:00.84 | Mem:0.00M, Peak:0.00M | Scene, ViewLayer | Synchronizing object | Sphere.250
Fra:1 Mem:282.82M (Peak 282.82M) | Time:00:00.84 | Mem:0.00M, Peak:0.00M | Scene, ViewLayer | Synchronizing object | Sphere.251
Fra:1 Mem:282.83M (Peak 282.83M) | Time:00:00.84 | Mem:0.00M, Peak:0.00M | Scene, ViewLayer | Synchronizing object | Sphere.252
Fra:1 Mem:282.83M (Peak 282.83M) | Time:00:00.84 | Mem:0.00M, Peak:0.00M | Scene, ViewLayer | Synchronizing object | Sphere.253
Fra:1 Mem:282.83M (Peak 282.83M) | Time:00:00.84 | Mem:0.00M, Peak:0.00M | Scene, ViewLayer | Synchronizing object | Sphere.254
Fra:1 Mem:282.83M (Peak 282.83M) | Time:00:00.84 | Mem:0.00M, Peak:0.00M | Scene, ViewLayer | Synchronizing object | Sphere.255
Fra:1 Mem:282.84M (Peak 282.84M) | Time:00:00.84 | Mem:0.00M, Peak:0.00M | Scene, ViewLayer | Synchronizing object | Cylinder.480
Fra:1 Mem:282.84M (Peak 282.84M) | Time:00:00.84 | Mem:0.00M, Peak:0.00M | Scene, ViewLayer | Synchronizing object | Cylinder.481
Fra:1 Mem:282.84M (Peak 282.84M) | Time:00:00.84 | Mem:0.00M, Peak:0.00M | Scene, ViewLayer | Synchronizing object | Cylinder.482
Fra:1 Mem:282.84M (Peak 282.84M) | Time:00:00.84 | Mem:0.00M, Peak:0.00M | Scene, ViewLayer | Synchronizing object | Cylinder.483
Fra:1 Mem:282.85M (Peak 282.85M) | Time:00:00.84 | Mem:0.00M, Peak:0.00M | Scene, ViewLayer | Synchronizing object | Cylinder.484
Fra:1 Mem:282.85M (Peak 282.85M) | Time:00:00.84 | Mem:0.00M, Peak:0.00M | Scene, ViewLayer | Synchronizing object | Cylinder.485
Fra:1 Mem:282.85M (Peak 282.85M) | Time:00:00.84 | Mem:0.00M, Peak:0.00M | Scene, ViewLayer | Synchronizing object | Cylinder.486
Fra:1 Mem:282.85M (Peak 282.85M) | Time:00:00.84 | Mem:0.00M, Peak:0.00M | Scene, ViewLayer | Synchronizing object | Cylinder.487
Fra:1 Mem:282.85M (Peak 282.85M) | Time:00:00.84 | Mem:0.00M, Peak:0.00M | Scene, ViewLayer | Synchronizing object | Cylinder.488
Fra:1 Mem:282.85M (Peak 282.85M) | Time:00:00.84 | Mem:0.00M, Peak:0.00M | Scene, ViewLayer | Synchronizing object | Cylinder.489
Fra:1 Mem:282.85M (Peak 282.85M) | Time:00:00.84 | Mem:0.00M, Peak:0.00M | Scene, ViewLayer | Synchronizing object | Cylinder.490
Fra:1 Mem:282.85M (Peak 282.85M) | Time:00:00.84 | Mem:0.00M, Peak:0.00M | Scene, ViewLayer | Synchronizing object | Sphere.256
Fra:1 Mem:282.86M (Peak 282.86M) | Time:00:00.84 | Mem:0.00M, Peak:0.00M | Scene, ViewLayer | Synchronizing object | Sphere.257
Fra:1 Mem:282.86M (Peak 282.86M) | Time:00:00.84 | Mem:0.00M, Peak:0.00M | Scene, ViewLayer | Synchronizing object | Sphere.258
Fra:1 Mem:282.86M (Peak 282.86M) | Time:00:00.84 | Mem:0.00M, Peak:0.00M | Scene, ViewLayer | Synchronizing object | Sphere.259
Fra:1 Mem:282.86M (Peak 282.86M) | Time:00:00.84 | Mem:0.00M, Peak:0.00M | Scene, ViewLayer | Synchronizing object | Sphere.260
Fra:1 Mem:282.87M (Peak 282.87M) | Time:00:00.84 | Mem:0.00M, Peak:0.00M | Scene, ViewLayer | Synchronizing object | Sphere.261
Fra:1 Mem:282.87M (Peak 282.87M) | Time:00:00.84 | Mem:0.00M, Peak:0.00M | Scene, ViewLayer | Synchronizing object | Sphere.262
Fra:1 Mem:282.87M (Peak 282.87M) | Time:00:00.84 | Mem:0.00M, Peak:0.00M | Scene, ViewLayer | Synchronizing object | Sphere.263
Fra:1 Mem:282.87M (Peak 282.87M) | Time:00:00.84 | Mem:0.00M, Peak:0.00M | Scene, ViewLayer | Synchronizing object | Sphere.264
Fra:1 Mem:282.88M (Peak 282.88M) | Time:00:00.84 | Mem:0.00M, Peak:0.00M | Scene, ViewLayer | Synchronizing object | Sphere.265
Fra:1 Mem:282.88M (Peak 282.88M) | Time:00:00.84 | Mem:0.00M, Peak:0.00M | Scene, ViewLayer | Synchronizing object | Sphere.266
Fra:1 Mem:282.88M (Peak 282.88M) | Time:00:00.84 | Mem:0.00M, Peak:0.00M | Scene, ViewLayer | Synchronizing object | Sphere.267
Fra:1 Mem:282.88M (Peak 282.88M) | Time:00:00.84 | Mem:0.00M, Peak:0.00M | Scene, ViewLayer | Synchronizing object | Sphere.268
Fra:1 Mem:282.88M (Peak 282.88M) | Time:00:00.84 | Mem:0.00M, Peak:0.00M | Scene, ViewLayer | Synchronizing object | Sphere.269
Fra:1 Mem:282.89M (Peak 282.89M) | Time:00:00.84 | Mem:0.00M, Peak:0.00M | Scene, ViewLayer | Synchronizing object | Sphere.270
Fra:1 Mem:282.89M (Peak 282.89M) | Time:00:00.84 | Mem:0.00M, Peak:0.00M | Scene, ViewLayer | Synchronizing object | Sphere.271
Fra:1 Mem:282.89M (Peak 282.89M) | Time:00:00.84 | Mem:0.00M, Peak:0.00M | Scene, ViewLayer | Synchronizing object | Sphere.272
Fra:1 Mem:282.89M (Peak 282.89M) | Time:00:00.84 | Mem:0.00M, Peak:0.00M | Scene, ViewLayer | Synchronizing object | Sphere.273
Fra:1 Mem:282.90M (Peak 282.90M) | Time:00:00.84 | Mem:0.00M, Peak:0.00M | Scene, ViewLayer | Synchronizing object | Sphere.274
Fra:1 Mem:282.90M (Peak 282.90M) | Time:00:00.84 | Mem:0.00M, Peak:0.00M | Scene, ViewLayer | Synchronizing object | Sphere.275
Fra:1 Mem:282.90M (Peak 282.90M) | Time:00:00.84 | Mem:0.00M, Peak:0.00M | Scene, ViewLayer | Synchronizing object | Sphere.276
Fra:1 Mem:282.90M (Peak 282.90M) | Time:00:00.84 | Mem:0.00M, Peak:0.00M | Scene, ViewLayer | Synchronizing object | Sphere.277
Fra:1 Mem:282.91M (Peak 282.91M) | Time:00:00.84 | Mem:0.00M, Peak:0.00M | Scene, ViewLayer | Synchronizing object | Sphere.278
Fra:1 Mem:282.91M (Peak 282.91M) | Time:00:00.84 | Mem:0.00M, Peak:0.00M | Scene, ViewLayer | Synchronizing object | Sphere.279
Fra:1 Mem:282.91M (Peak 282.91M) | Time:00:00.84 | Mem:0.00M, Peak:0.00M | Scene, ViewLayer | Synchronizing object | Sphere.280
Fra:1 Mem:282.91M (Peak 282.91M) | Time:00:00.84 | Mem:0.00M, Peak:0.00M | Scene, ViewLayer | Synchronizing object | Sphere.281
Fra:1 Mem:282.91M (Peak 282.91M) | Time:00:00.84 | Mem:0.00M, Peak:0.00M | Scene, ViewLayer | Synchronizing object | Sphere.282
Fra:1 Mem:282.92M (Peak 282.92M) | Time:00:00.84 | Mem:0.00M, Peak:0.00M | Scene, ViewLayer | Synchronizing object | Sphere.283
Fra:1 Mem:282.92M (Peak 282.92M) | Time:00:00.84 | Mem:0.00M, Peak:0.00M | Scene, ViewLayer | Synchronizing object | Sphere.284
Fra:1 Mem:282.92M (Peak 282.92M) | Time:00:00.84 | Mem:0.00M, Peak:0.00M | Scene, ViewLayer | Synchronizing object | Sphere.285
Fra:1 Mem:282.92M (Peak 282.92M) | Time:00:00.84 | Mem:0.00M, Peak:0.00M | Scene, ViewLayer | Synchronizing object | Sphere.286
Fra:1 Mem:282.93M (Peak 282.93M) | Time:00:00.84 | Mem:0.00M, Peak:0.00M | Scene, ViewLayer | Synchronizing object | Sphere.287
Fra:1 Mem:282.93M (Peak 282.93M) | Time:00:00.84 | Mem:0.00M, Peak:0.00M | Scene, ViewLayer | Synchronizing object | Sphere.288
Fra:1 Mem:282.93M (Peak 282.93M) | Time:00:00.84 | Mem:0.00M, Peak:0.00M | Scene, ViewLayer | Synchronizing object | Sphere.289
Fra:1 Mem:282.93M (Peak 282.93M) | Time:00:00.84 | Mem:0.00M, Peak:0.00M | Scene, ViewLayer | Synchronizing object | Sphere.290
Fra:1 Mem:282.94M (Peak 282.94M) | Time:00:00.84 | Mem:0.00M, Peak:0.00M | Scene, ViewLayer | Synchronizing object | Sphere.291
Fra:1 Mem:282.94M (Peak 282.94M) | Time:00:00.84 | Mem:0.00M, Peak:0.00M | Scene, ViewLayer | Synchronizing object | Sphere.292
Fra:1 Mem:282.94M (Peak 282.94M) | Time:00:00.84 | Mem:0.00M, Peak:0.00M | Scene, ViewLayer | Synchronizing object | Sphere.293
Fra:1 Mem:282.94M (Peak 282.94M) | Time:00:00.84 | Mem:0.00M, Peak:0.00M | Scene, ViewLayer | Synchronizing object | Sphere.294
Fra:1 Mem:282.94M (Peak 282.94M) | Time:00:00.84 | Mem:0.00M, Peak:0.00M | Scene, ViewLayer | Synchronizing object | Sphere.295
Fra:1 Mem:282.95M (Peak 282.95M) | Time:00:00.84 | Mem:0.00M, Peak:0.00M | Scene, ViewLayer | Synchronizing object | Sphere.296
Fra:1 Mem:282.95M (Peak 282.95M) | Time:00:00.84 | Mem:0.00M, Peak:0.00M | Scene, ViewLayer | Synchronizing object | Sphere.297
Fra:1 Mem:282.95M (Peak 282.95M) | Time:00:00.84 | Mem:0.00M, Peak:0.00M | Scene, ViewLayer | Synchronizing object | Sphere.298
Fra:1 Mem:282.95M (Peak 282.95M) | Time:00:00.84 | Mem:0.00M, Peak:0.00M | Scene, ViewLayer | Synchronizing object | Sphere.299
Fra:1 Mem:282.96M (Peak 282.96M) | Time:00:00.84 | Mem:0.00M, Peak:0.00M | Scene, ViewLayer | Synchronizing object | Sphere.300
Fra:1 Mem:282.96M (Peak 282.96M) | Time:00:00.84 | Mem:0.00M, Peak:0.00M | Scene, ViewLayer | Synchronizing object | Sphere.301
Fra:1 Mem:282.96M (Peak 282.96M) | Time:00:00.84 | Mem:0.00M, Peak:0.00M | Scene, ViewLayer | Synchronizing object | Sphere.302
Fra:1 Mem:282.96M (Peak 282.96M) | Time:00:00.84 | Mem:0.00M, Peak:0.00M | Scene, ViewLayer | Synchronizing object | Sphere.303
Fra:1 Mem:282.97M (Peak 282.97M) | Time:00:00.84 | Mem:0.00M, Peak:0.00M | Scene, ViewLayer | Synchronizing object | Sphere.304
Fra:1 Mem:282.97M (Peak 282.97M) | Time:00:00.84 | Mem:0.00M, Peak:0.00M | Scene, ViewLayer | Synchronizing object | Sphere.305
Fra:1 Mem:282.97M (Peak 282.97M) | Time:00:00.84 | Mem:0.00M, Peak:0.00M | Scene, ViewLayer | Synchronizing object | Sphere.306
Fra:1 Mem:282.97M (Peak 282.97M) | Time:00:00.84 | Mem:0.00M, Peak:0.00M | Scene, ViewLayer | Synchronizing object | Sphere.307
Fra:1 Mem:282.98M (Peak 282.98M) | Time:00:00.84 | Mem:0.00M, Peak:0.00M | Scene, ViewLayer | Synchronizing object | Sphere.308
Fra:1 Mem:282.98M (Peak 282.98M) | Time:00:00.84 | Mem:0.00M, Peak:0.00M | Scene, ViewLayer | Synchronizing object | Sphere.309
Fra:1 Mem:282.98M (Peak 282.98M) | Time:00:00.84 | Mem:0.00M, Peak:0.00M | Scene, ViewLayer | Synchronizing object | Sphere.310
Fra:1 Mem:282.98M (Peak 282.98M) | Time:00:00.84 | Mem:0.00M, Peak:0.00M | Scene, ViewLayer | Synchronizing object | Sphere.311
Fra:1 Mem:282.98M (Peak 282.98M) | Time:00:00.84 | Mem:0.00M, Peak:0.00M | Scene, ViewLayer | Synchronizing object | Sphere.312
Fra:1 Mem:282.99M (Peak 282.99M) | Time:00:00.84 | Mem:0.00M, Peak:0.00M | Scene, ViewLayer | Synchronizing object | Sphere.313
Fra:1 Mem:282.99M (Peak 282.99M) | Time:00:00.84 | Mem:0.00M, Peak:0.00M | Scene, ViewLayer | Synchronizing object | Sphere.314
Fra:1 Mem:282.99M (Peak 282.99M) | Time:00:00.84 | Mem:0.00M, Peak:0.00M | Scene, ViewLayer | Synchronizing object | Sphere.315
Fra:1 Mem:282.99M (Peak 282.99M) | Time:00:00.84 | Mem:0.00M, Peak:0.00M | Scene, ViewLayer | Synchronizing object | Sphere.316
Fra:1 Mem:283.00M (Peak 283.00M) | Time:00:00.84 | Mem:0.00M, Peak:0.00M | Scene, ViewLayer | Synchronizing object | Sphere.317
Fra:1 Mem:283.00M (Peak 283.00M) | Time:00:00.84 | Mem:0.00M, Peak:0.00M | Scene, ViewLayer | Synchronizing object | Sphere.318
Fra:1 Mem:283.00M (Peak 283.00M) | Time:00:00.84 | Mem:0.00M, Peak:0.00M | Scene, ViewLayer | Synchronizing object | Sphere.319
Fra:1 Mem:283.00M (Peak 283.00M) | Time:00:00.84 | Mem:0.00M, Peak:0.00M | Scene, ViewLayer | Synchronizing object | Sphere.320
Fra:1 Mem:283.01M (Peak 283.01M) | Time:00:00.84 | Mem:0.00M, Peak:0.00M | Scene, ViewLayer | Synchronizing object | Sphere.321
Fra:1 Mem:283.01M (Peak 283.01M) | Time:00:00.84 | Mem:0.00M, Peak:0.00M | Scene, ViewLayer | Synchronizing object | Cylinder.491
Fra:1 Mem:283.01M (Peak 283.01M) | Time:00:00.84 | Mem:0.00M, Peak:0.00M | Scene, ViewLayer | Synchronizing object | Cylinder.492
Fra:1 Mem:283.01M (Peak 283.01M) | Time:00:00.84 | Mem:0.00M, Peak:0.00M | Scene, ViewLayer | Synchronizing object | Cylinder.493
Fra:1 Mem:283.01M (Peak 283.01M) | Time:00:00.84 | Mem:0.00M, Peak:0.00M | Scene, ViewLayer | Synchronizing object | Cylinder.494
Fra:1 Mem:283.01M (Peak 283.01M) | Time:00:00.84 | Mem:0.00M, Peak:0.00M | Scene, ViewLayer | Synchronizing object | Cylinder.495
Fra:1 Mem:283.02M (Peak 283.02M) | Time:00:00.84 | Mem:0.00M, Peak:0.00M | Scene, ViewLayer | Synchronizing object | Cylinder.496
Fra:1 Mem:283.02M (Peak 283.02M) | Time:00:00.84 | Mem:0.00M, Peak:0.00M | Scene, ViewLayer | Synchronizing object | Cylinder.497
Fra:1 Mem:283.02M (Peak 283.02M) | Time:00:00.84 | Mem:0.00M, Peak:0.00M | Scene, ViewLayer | Synchronizing object | Cylinder.498
Fra:1 Mem:283.02M (Peak 283.02M) | Time:00:00.84 | Mem:0.00M, Peak:0.00M | Scene, ViewLayer | Synchronizing object | Cylinder.499
Fra:1 Mem:283.02M (Peak 283.02M) | Time:00:00.84 | Mem:0.00M, Peak:0.00M | Scene, ViewLayer | Synchronizing object | Cylinder.500
Fra:1 Mem:283.02M (Peak 283.02M) | Time:00:00.84 | Mem:0.00M, Peak:0.00M | Scene, ViewLayer | Synchronizing object | Sphere.322
Fra:1 Mem:283.03M (Peak 283.03M) | Time:00:00.84 | Mem:0.00M, Peak:0.00M | Scene, ViewLayer | Synchronizing object | Sphere.323
Fra:1 Mem:283.03M (Peak 283.03M) | Time:00:00.84 | Mem:0.00M, Peak:0.00M | Scene, ViewLayer | Synchronizing object | Sphere.324
Fra:1 Mem:283.03M (Peak 283.03M) | Time:00:00.84 | Mem:0.00M, Peak:0.00M | Scene, ViewLayer | Synchronizing object | Sphere.325
Fra:1 Mem:283.03M (Peak 283.03M) | Time:00:00.84 | Mem:0.00M, Peak:0.00M | Scene, ViewLayer | Synchronizing object | Sphere.326
Fra:1 Mem:283.03M (Peak 283.03M) | Time:00:00.84 | Mem:0.00M, Peak:0.00M | Scene, ViewLayer | Synchronizing object | Sphere.327
Fra:1 Mem:283.04M (Peak 283.04M) | Time:00:00.84 | Mem:0.00M, Peak:0.00M | Scene, ViewLayer | Synchronizing object | Sphere.328
Fra:1 Mem:283.04M (Peak 283.04M) | Time:00:00.84 | Mem:0.00M, Peak:0.00M | Scene, ViewLayer | Synchronizing object | Sphere.329
Fra:1 Mem:283.04M (Peak 283.04M) | Time:00:00.84 | Mem:0.00M, Peak:0.00M | Scene, ViewLayer | Synchronizing object | Sphere.330
Fra:1 Mem:283.04M (Peak 283.04M) | Time:00:00.84 | Mem:0.00M, Peak:0.00M | Scene, ViewLayer | Synchronizing object | Sphere.331
Fra:1 Mem:283.05M (Peak 283.05M) | Time:00:00.85 | Mem:0.00M, Peak:0.00M | Scene, ViewLayer | Synchronizing object | Sphere.332
Fra:1 Mem:283.05M (Peak 283.05M) | Time:00:00.85 | Mem:0.00M, Peak:0.00M | Scene, ViewLayer | Synchronizing object | Sphere.333
Fra:1 Mem:283.05M (Peak 283.05M) | Time:00:00.85 | Mem:0.00M, Peak:0.00M | Scene, ViewLayer | Synchronizing object | Sphere.334
Fra:1 Mem:283.05M (Peak 283.05M) | Time:00:00.85 | Mem:0.00M, Peak:0.00M | Scene, ViewLayer | Synchronizing object | Sphere.335
Fra:1 Mem:283.06M (Peak 283.06M) | Time:00:00.85 | Mem:0.00M, Peak:0.00M | Scene, ViewLayer | Synchronizing object | Sphere.336
Fra:1 Mem:283.06M (Peak 283.06M) | Time:00:00.85 | Mem:0.00M, Peak:0.00M | Scene, ViewLayer | Synchronizing object | Sphere.337
Fra:1 Mem:283.06M (Peak 283.06M) | Time:00:00.85 | Mem:0.00M, Peak:0.00M | Scene, ViewLayer | Synchronizing object | Sphere.338
Fra:1 Mem:283.06M (Peak 283.06M) | Time:00:00.85 | Mem:0.00M, Peak:0.00M | Scene, ViewLayer | Synchronizing object | Sphere.339
Fra:1 Mem:283.06M (Peak 283.06M) | Time:00:00.85 | Mem:0.00M, Peak:0.00M | Scene, ViewLayer | Synchronizing object | Sphere.340
Fra:1 Mem:283.07M (Peak 283.07M) | Time:00:00.85 | Mem:0.00M, Peak:0.00M | Scene, ViewLayer | Synchronizing object | Sphere.341
Fra:1 Mem:283.07M (Peak 283.07M) | Time:00:00.85 | Mem:0.00M, Peak:0.00M | Scene, ViewLayer | Synchronizing object | Sphere.342
Fra:1 Mem:283.07M (Peak 283.07M) | Time:00:00.85 | Mem:0.00M, Peak:0.00M | Scene, ViewLayer | Synchronizing object | Sphere.343
Fra:1 Mem:283.07M (Peak 283.07M) | Time:00:00.85 | Mem:0.00M, Peak:0.00M | Scene, ViewLayer | Synchronizing object | Sphere.344
Fra:1 Mem:283.08M (Peak 283.08M) | Time:00:00.85 | Mem:0.00M, Peak:0.00M | Scene, ViewLayer | Synchronizing object | Sphere.345
Fra:1 Mem:283.08M (Peak 283.08M) | Time:00:00.85 | Mem:0.00M, Peak:0.00M | Scene, ViewLayer | Synchronizing object | Sphere.346
Fra:1 Mem:283.08M (Peak 283.08M) | Time:00:00.85 | Mem:0.00M, Peak:0.00M | Scene, ViewLayer | Synchronizing object | Sphere.347
Fra:1 Mem:283.08M (Peak 283.08M) | Time:00:00.85 | Mem:0.00M, Peak:0.00M | Scene, ViewLayer | Synchronizing object | Sphere.348
Fra:1 Mem:283.09M (Peak 283.09M) | Time:00:00.85 | Mem:0.00M, Peak:0.00M | Scene, ViewLayer | Synchronizing object | Sphere.349
Fra:1 Mem:283.09M (Peak 283.09M) | Time:00:00.85 | Mem:0.00M, Peak:0.00M | Scene, ViewLayer | Synchronizing object | Sphere.350
Fra:1 Mem:283.09M (Peak 283.09M) | Time:00:00.85 | Mem:0.00M, Peak:0.00M | Scene, ViewLayer | Synchronizing object | Sphere.351
Fra:1 Mem:283.09M (Peak 283.09M) | Time:00:00.85 | Mem:0.00M, Peak:0.00M | Scene, ViewLayer | Synchronizing object | Sphere.352
Fra:1 Mem:283.09M (Peak 283.09M) | Time:00:00.85 | Mem:0.00M, Peak:0.00M | Scene, ViewLayer | Synchronizing object | Sphere.353
Fra:1 Mem:283.10M (Peak 283.10M) | Time:00:00.85 | Mem:0.00M, Peak:0.00M | Scene, ViewLayer | Synchronizing object | Sphere.354
Fra:1 Mem:283.10M (Peak 283.10M) | Time:00:00.85 | Mem:0.00M, Peak:0.00M | Scene, ViewLayer | Synchronizing object | Sphere.355
Fra:1 Mem:283.10M (Peak 283.10M) | Time:00:00.85 | Mem:0.00M, Peak:0.00M | Scene, ViewLayer | Synchronizing object | Sphere.356
Fra:1 Mem:283.10M (Peak 283.10M) | Time:00:00.85 | Mem:0.00M, Peak:0.00M | Scene, ViewLayer | Synchronizing object | Sphere.357
Fra:1 Mem:283.11M (Peak 283.11M) | Time:00:00.85 | Mem:0.00M, Peak:0.00M | Scene, ViewLayer | Synchronizing object | Sphere.358
Fra:1 Mem:283.11M (Peak 283.11M) | Time:00:00.85 | Mem:0.00M, Peak:0.00M | Scene, ViewLayer | Synchronizing object | Sphere.359
Fra:1 Mem:283.11M (Peak 283.11M) | Time:00:00.85 | Mem:0.00M, Peak:0.00M | Scene, ViewLayer | Synchronizing object | Sphere.360
Fra:1 Mem:283.11M (Peak 283.11M) | Time:00:00.85 | Mem:0.00M, Peak:0.00M | Scene, ViewLayer | Synchronizing object | Sphere.361
Fra:1 Mem:283.12M (Peak 283.12M) | Time:00:00.85 | Mem:0.00M, Peak:0.00M | Scene, ViewLayer | Synchronizing object | Sphere.362
Fra:1 Mem:283.12M (Peak 283.12M) | Time:00:00.85 | Mem:0.00M, Peak:0.00M | Scene, ViewLayer | Synchronizing object | Sphere.363
Fra:1 Mem:283.12M (Peak 283.12M) | Time:00:00.85 | Mem:0.00M, Peak:0.00M | Scene, ViewLayer | Synchronizing object | Sphere.364
Fra:1 Mem:283.12M (Peak 283.12M) | Time:00:00.85 | Mem:0.00M, Peak:0.00M | Scene, ViewLayer | Synchronizing object | Sphere.365
Fra:1 Mem:283.12M (Peak 283.12M) | Time:00:00.85 | Mem:0.00M, Peak:0.00M | Scene, ViewLayer | Synchronizing object | Sphere.366
Fra:1 Mem:283.13M (Peak 283.13M) | Time:00:00.85 | Mem:0.00M, Peak:0.00M | Scene, ViewLayer | Synchronizing object | Sphere.367
Fra:1 Mem:283.13M (Peak 283.13M) | Time:00:00.85 | Mem:0.00M, Peak:0.00M | Scene, ViewLayer | Synchronizing object | Sphere.368
Fra:1 Mem:283.13M (Peak 283.13M) | Time:00:00.85 | Mem:0.00M, Peak:0.00M | Scene, ViewLayer | Synchronizing object | Sphere.369
Fra:1 Mem:283.13M (Peak 283.13M) | Time:00:00.85 | Mem:0.00M, Peak:0.00M | Scene, ViewLayer | Synchronizing object | Sphere.370
Fra:1 Mem:283.14M (Peak 283.14M) | Time:00:00.85 | Mem:0.00M, Peak:0.00M | Scene, ViewLayer | Synchronizing object | Sphere.371
Fra:1 Mem:283.14M (Peak 283.14M) | Time:00:00.85 | Mem:0.00M, Peak:0.00M | Scene, ViewLayer | Synchronizing object | Sphere.372
Fra:1 Mem:283.14M (Peak 283.14M) | Time:00:00.85 | Mem:0.00M, Peak:0.00M | Scene, ViewLayer | Synchronizing object | Sphere.373
Fra:1 Mem:283.14M (Peak 283.14M) | Time:00:00.85 | Mem:0.00M, Peak:0.00M | Scene, ViewLayer | Synchronizing object | Sphere.374
Fra:1 Mem:283.15M (Peak 283.15M) | Time:00:00.85 | Mem:0.00M, Peak:0.00M | Scene, ViewLayer | Synchronizing object | Sphere.375
Fra:1 Mem:283.15M (Peak 283.15M) | Time:00:00.85 | Mem:0.00M, Peak:0.00M | Scene, ViewLayer | Synchronizing object | Sphere.376
Fra:1 Mem:283.15M (Peak 283.15M) | Time:00:00.85 | Mem:0.00M, Peak:0.00M | Scene, ViewLayer | Synchronizing object | Sphere.377
Fra:1 Mem:283.15M (Peak 283.15M) | Time:00:00.85 | Mem:0.00M, Peak:0.00M | Scene, ViewLayer | Synchronizing object | Sphere.378
Fra:1 Mem:283.15M (Peak 283.15M) | Time:00:00.85 | Mem:0.00M, Peak:0.00M | Scene, ViewLayer | Synchronizing object | Sphere.379
Fra:1 Mem:283.16M (Peak 283.16M) | Time:00:00.85 | Mem:0.00M, Peak:0.00M | Scene, ViewLayer | Synchronizing object | Sphere.380
Fra:1 Mem:283.16M (Peak 283.16M) | Time:00:00.85 | Mem:0.00M, Peak:0.00M | Scene, ViewLayer | Synchronizing object | Sphere.381
Fra:1 Mem:283.16M (Peak 283.16M) | Time:00:00.85 | Mem:0.00M, Peak:0.00M | Scene, ViewLayer | Synchronizing object | Cylinder.501
Fra:1 Mem:283.16M (Peak 283.16M) | Time:00:00.85 | Mem:0.00M, Peak:0.00M | Scene, ViewLayer | Synchronizing object | Cylinder.502
Fra:1 Mem:283.17M (Peak 283.17M) | Time:00:00.85 | Mem:0.00M, Peak:0.00M | Scene, ViewLayer | Synchronizing object | Cylinder.503
Fra:1 Mem:283.17M (Peak 283.17M) | Time:00:00.85 | Mem:0.00M, Peak:0.00M | Scene, ViewLayer | Synchronizing object | Cylinder.504
Fra:1 Mem:283.17M (Peak 283.17M) | Time:00:00.85 | Mem:0.00M, Peak:0.00M | Scene, ViewLayer | Synchronizing object | Cylinder.505
Fra:1 Mem:283.17M (Peak 283.17M) | Time:00:00.85 | Mem:0.00M, Peak:0.00M | Scene, ViewLayer | Synchronizing object | Cylinder.506
Fra:1 Mem:283.17M (Peak 283.17M) | Time:00:00.85 | Mem:0.00M, Peak:0.00M | Scene, ViewLayer | Synchronizing object | Cylinder.507
Fra:1 Mem:283.17M (Peak 283.17M) | Time:00:00.85 | Mem:0.00M, Peak:0.00M | Scene, ViewLayer | Synchronizing object | Cylinder.508
Fra:1 Mem:283.17M (Peak 283.17M) | Time:00:00.85 | Mem:0.00M, Peak:0.00M | Scene, ViewLayer | Synchronizing object | Sphere.382
Fra:1 Mem:283.18M (Peak 283.18M) | Time:00:00.85 | Mem:0.00M, Peak:0.00M | Scene, ViewLayer | Synchronizing object | Sphere.383
Fra:1 Mem:283.18M (Peak 283.18M) | Time:00:00.85 | Mem:0.00M, Peak:0.00M | Scene, ViewLayer | Synchronizing object | Sphere.384
Fra:1 Mem:283.18M (Peak 283.18M) | Time:00:00.85 | Mem:0.00M, Peak:0.00M | Scene, ViewLayer | Synchronizing object | Sphere.385
Fra:1 Mem:283.18M (Peak 283.18M) | Time:00:00.85 | Mem:0.00M, Peak:0.00M | Scene, ViewLayer | Synchronizing object | Sphere.386
Fra:1 Mem:283.19M (Peak 283.19M) | Time:00:00.85 | Mem:0.00M, Peak:0.00M | Scene, ViewLayer | Synchronizing object | Sphere.387
Fra:1 Mem:283.19M (Peak 283.19M) | Time:00:00.85 | Mem:0.00M, Peak:0.00M | Scene, ViewLayer | Synchronizing object | Sphere.388
Fra:1 Mem:283.19M (Peak 283.19M) | Time:00:00.85 | Mem:0.00M, Peak:0.00M | Scene, ViewLayer | Synchronizing object | Sphere.389
Fra:1 Mem:283.19M (Peak 283.19M) | Time:00:00.85 | Mem:0.00M, Peak:0.00M | Scene, ViewLayer | Synchronizing object | Sphere.390
Fra:1 Mem:283.19M (Peak 283.19M) | Time:00:00.85 | Mem:0.00M, Peak:0.00M | Scene, ViewLayer | Synchronizing object | Sphere.391
Fra:1 Mem:283.20M (Peak 283.20M) | Time:00:00.85 | Mem:0.00M, Peak:0.00M | Scene, ViewLayer | Synchronizing object | Sphere.392
Fra:1 Mem:283.20M (Peak 283.20M) | Time:00:00.85 | Mem:0.00M, Peak:0.00M | Scene, ViewLayer | Synchronizing object | Sphere.393
Fra:1 Mem:283.20M (Peak 283.20M) | Time:00:00.85 | Mem:0.00M, Peak:0.00M | Scene, ViewLayer | Synchronizing object | Sphere.394
Fra:1 Mem:283.20M (Peak 283.20M) | Time:00:00.85 | Mem:0.00M, Peak:0.00M | Scene, ViewLayer | Synchronizing object | Sphere.395
Fra:1 Mem:283.21M (Peak 283.21M) | Time:00:00.85 | Mem:0.00M, Peak:0.00M | Scene, ViewLayer | Synchronizing object | Sphere.396
Fra:1 Mem:283.21M (Peak 283.21M) | Time:00:00.85 | Mem:0.00M, Peak:0.00M | Scene, ViewLayer | Synchronizing object | Sphere.397
Fra:1 Mem:283.21M (Peak 283.21M) | Time:00:00.85 | Mem:0.00M, Peak:0.00M | Scene, ViewLayer | Synchronizing object | Sphere.398
Fra:1 Mem:283.21M (Peak 283.21M) | Time:00:00.85 | Mem:0.00M, Peak:0.00M | Scene, ViewLayer | Synchronizing object | Sphere.399
Fra:1 Mem:283.22M (Peak 283.22M) | Time:00:00.85 | Mem:0.00M, Peak:0.00M | Scene, ViewLayer | Synchronizing object | Sphere.400
Fra:1 Mem:283.22M (Peak 283.22M) | Time:00:00.85 | Mem:0.00M, Peak:0.00M | Scene, ViewLayer | Synchronizing object | Sphere.401
Fra:1 Mem:283.22M (Peak 283.22M) | Time:00:00.85 | Mem:0.00M, Peak:0.00M | Scene, ViewLayer | Synchronizing object | Sphere.402
Fra:1 Mem:283.22M (Peak 283.22M) | Time:00:00.85 | Mem:0.00M, Peak:0.00M | Scene, ViewLayer | Synchronizing object | Sphere.403
Fra:1 Mem:283.22M (Peak 283.22M) | Time:00:00.85 | Mem:0.00M, Peak:0.00M | Scene, ViewLayer | Synchronizing object | Sphere.404
Fra:1 Mem:283.23M (Peak 283.23M) | Time:00:00.85 | Mem:0.00M, Peak:0.00M | Scene, ViewLayer | Synchronizing object | Sphere.405
Fra:1 Mem:283.23M (Peak 283.23M) | Time:00:00.85 | Mem:0.00M, Peak:0.00M | Scene, ViewLayer | Synchronizing object | Sphere.406
Fra:1 Mem:283.23M (Peak 283.23M) | Time:00:00.85 | Mem:0.00M, Peak:0.00M | Scene, ViewLayer | Synchronizing object | Sphere.407
Fra:1 Mem:283.23M (Peak 283.23M) | Time:00:00.85 | Mem:0.00M, Peak:0.00M | Scene, ViewLayer | Synchronizing object | Sphere.408
Fra:1 Mem:283.24M (Peak 283.24M) | Time:00:00.85 | Mem:0.00M, Peak:0.00M | Scene, ViewLayer | Synchronizing object | Sphere.409
Fra:1 Mem:283.24M (Peak 283.24M) | Time:00:00.85 | Mem:0.00M, Peak:0.00M | Scene, ViewLayer | Synchronizing object | Sphere.410
Fra:1 Mem:283.24M (Peak 283.24M) | Time:00:00.85 | Mem:0.00M, Peak:0.00M | Scene, ViewLayer | Synchronizing object | Sphere.411
Fra:1 Mem:283.24M (Peak 283.24M) | Time:00:00.85 | Mem:0.00M, Peak:0.00M | Scene, ViewLayer | Synchronizing object | Sphere.412
Fra:1 Mem:283.25M (Peak 283.25M) | Time:00:00.85 | Mem:0.00M, Peak:0.00M | Scene, ViewLayer | Synchronizing object | Sphere.413
Fra:1 Mem:283.25M (Peak 283.25M) | Time:00:00.85 | Mem:0.00M, Peak:0.00M | Scene, ViewLayer | Synchronizing object | Sphere.414
Fra:1 Mem:283.25M (Peak 283.25M) | Time:00:00.85 | Mem:0.00M, Peak:0.00M | Scene, ViewLayer | Synchronizing object | Sphere.415
Fra:1 Mem:283.25M (Peak 283.25M) | Time:00:00.85 | Mem:0.00M, Peak:0.00M | Scene, ViewLayer | Synchronizing object | Sphere.416
Fra:1 Mem:283.25M (Peak 283.25M) | Time:00:00.85 | Mem:0.00M, Peak:0.00M | Scene, ViewLayer | Synchronizing object | Sphere.417
Fra:1 Mem:283.26M (Peak 283.26M) | Time:00:00.85 | Mem:0.00M, Peak:0.00M | Scene, ViewLayer | Synchronizing object | Sphere.418
Fra:1 Mem:283.26M (Peak 283.26M) | Time:00:00.85 | Mem:0.00M, Peak:0.00M | Scene, ViewLayer | Synchronizing object | Sphere.419
Fra:1 Mem:283.26M (Peak 283.26M) | Time:00:00.85 | Mem:0.00M, Peak:0.00M | Scene, ViewLayer | Synchronizing object | Sphere.420
Fra:1 Mem:283.26M (Peak 283.26M) | Time:00:00.85 | Mem:0.00M, Peak:0.00M | Scene, ViewLayer | Synchronizing object | Sphere.421
Fra:1 Mem:283.27M (Peak 283.27M) | Time:00:00.85 | Mem:0.00M, Peak:0.00M | Scene, ViewLayer | Synchronizing object | Sphere.422
Fra:1 Mem:283.27M (Peak 283.27M) | Time:00:00.86 | Mem:0.00M, Peak:0.00M | Scene, ViewLayer | Synchronizing object | Sphere.423
Fra:1 Mem:283.27M (Peak 283.27M) | Time:00:00.86 | Mem:0.00M, Peak:0.00M | Scene, ViewLayer | Synchronizing object | Sphere.424
Fra:1 Mem:283.27M (Peak 283.27M) | Time:00:00.86 | Mem:0.00M, Peak:0.00M | Scene, ViewLayer | Synchronizing object | Sphere.425
Fra:1 Mem:283.28M (Peak 283.28M) | Time:00:00.86 | Mem:0.00M, Peak:0.00M | Scene, ViewLayer | Synchronizing object | Sphere.426
Fra:1 Mem:283.28M (Peak 283.28M) | Time:00:00.86 | Mem:0.00M, Peak:0.00M | Scene, ViewLayer | Synchronizing object | Sphere.427
Fra:1 Mem:283.28M (Peak 283.28M) | Time:00:00.86 | Mem:0.00M, Peak:0.00M | Scene, ViewLayer | Synchronizing object | Sphere.428
Fra:1 Mem:283.28M (Peak 283.28M) | Time:00:00.86 | Mem:0.00M, Peak:0.00M | Scene, ViewLayer | Synchronizing object | Sphere.429
Fra:1 Mem:283.29M (Peak 283.29M) | Time:00:00.86 | Mem:0.00M, Peak:0.00M | Scene, ViewLayer | Synchronizing object | Cylinder.509
Fra:1 Mem:283.29M (Peak 283.29M) | Time:00:00.86 | Mem:0.00M, Peak:0.00M | Scene, ViewLayer | Synchronizing object | Cylinder.510
Fra:1 Mem:283.29M (Peak 283.29M) | Time:00:00.86 | Mem:0.00M, Peak:0.00M | Scene, ViewLayer | Synchronizing object | Cylinder.511
Fra:1 Mem:283.29M (Peak 283.29M) | Time:00:00.86 | Mem:0.00M, Peak:0.00M | Scene, ViewLayer | Synchronizing object | Cylinder.512
Fra:1 Mem:283.29M (Peak 283.29M) | Time:00:00.86 | Mem:0.00M, Peak:0.00M | Scene, ViewLayer | Synchronizing object | Cylinder.513
Fra:1 Mem:283.29M (Peak 283.29M) | Time:00:00.86 | Mem:0.00M, Peak:0.00M | Scene, ViewLayer | Synchronizing object | Cylinder.514
Fra:1 Mem:283.29M (Peak 283.29M) | Time:00:00.86 | Mem:0.00M, Peak:0.00M | Scene, ViewLayer | Synchronizing object | Cylinder.515
Fra:1 Mem:283.29M (Peak 283.29M) | Time:00:00.86 | Mem:0.00M, Peak:0.00M | Scene, ViewLayer | Synchronizing object | Sphere.430
Fra:1 Mem:283.30M (Peak 283.30M) | Time:00:00.86 | Mem:0.00M, Peak:0.00M | Scene, ViewLayer | Synchronizing object | Sphere.431
Fra:1 Mem:283.30M (Peak 283.30M) | Time:00:00.86 | Mem:0.00M, Peak:0.00M | Scene, ViewLayer | Synchronizing object | Sphere.432
Fra:1 Mem:283.30M (Peak 283.30M) | Time:00:00.86 | Mem:0.00M, Peak:0.00M | Scene, ViewLayer | Synchronizing object | Sphere.433
Fra:1 Mem:283.30M (Peak 283.30M) | Time:00:00.86 | Mem:0.00M, Peak:0.00M | Scene, ViewLayer | Synchronizing object | Sphere.434
Fra:1 Mem:283.31M (Peak 283.31M) | Time:00:00.86 | Mem:0.00M, Peak:0.00M | Scene, ViewLayer | Synchronizing object | Sphere.435
Fra:1 Mem:283.31M (Peak 283.31M) | Time:00:00.86 | Mem:0.00M, Peak:0.00M | Scene, ViewLayer | Synchronizing object | Sphere.436
Fra:1 Mem:283.31M (Peak 283.31M) | Time:00:00.86 | Mem:0.00M, Peak:0.00M | Scene, ViewLayer | Synchronizing object | Sphere.437
Fra:1 Mem:283.31M (Peak 283.31M) | Time:00:00.86 | Mem:0.00M, Peak:0.00M | Scene, ViewLayer | Synchronizing object | Sphere.438
Fra:1 Mem:283.32M (Peak 283.32M) | Time:00:00.86 | Mem:0.00M, Peak:0.00M | Scene, ViewLayer | Synchronizing object | Sphere.439
Fra:1 Mem:283.32M (Peak 283.32M) | Time:00:00.86 | Mem:0.00M, Peak:0.00M | Scene, ViewLayer | Synchronizing object | Sphere.440
Fra:1 Mem:283.32M (Peak 283.32M) | Time:00:00.86 | Mem:0.00M, Peak:0.00M | Scene, ViewLayer | Synchronizing object | Sphere.441
Fra:1 Mem:283.32M (Peak 283.32M) | Time:00:00.86 | Mem:0.00M, Peak:0.00M | Scene, ViewLayer | Synchronizing object | Sphere.442
Fra:1 Mem:283.33M (Peak 283.33M) | Time:00:00.86 | Mem:0.00M, Peak:0.00M | Scene, ViewLayer | Synchronizing object | Sphere.443
Fra:1 Mem:283.33M (Peak 283.33M) | Time:00:00.86 | Mem:0.00M, Peak:0.00M | Scene, ViewLayer | Synchronizing object | Sphere.444
Fra:1 Mem:283.33M (Peak 283.33M) | Time:00:00.86 | Mem:0.00M, Peak:0.00M | Scene, ViewLayer | Synchronizing object | Sphere.445
Fra:1 Mem:283.33M (Peak 283.33M) | Time:00:00.86 | Mem:0.00M, Peak:0.00M | Scene, ViewLayer | Synchronizing object | Sphere.446
Fra:1 Mem:283.33M (Peak 283.33M) | Time:00:00.86 | Mem:0.00M, Peak:0.00M | Scene, ViewLayer | Synchronizing object | Sphere.447
Fra:1 Mem:283.34M (Peak 283.34M) | Time:00:00.86 | Mem:0.00M, Peak:0.00M | Scene, ViewLayer | Synchronizing object | Sphere.448
Fra:1 Mem:283.34M (Peak 283.34M) | Time:00:00.86 | Mem:0.00M, Peak:0.00M | Scene, ViewLayer | Synchronizing object | Sphere.449
Fra:1 Mem:283.34M (Peak 283.34M) | Time:00:00.86 | Mem:0.00M, Peak:0.00M | Scene, ViewLayer | Synchronizing object | Sphere.450
Fra:1 Mem:283.34M (Peak 283.34M) | Time:00:00.86 | Mem:0.00M, Peak:0.00M | Scene, ViewLayer | Synchronizing object | Sphere.451
Fra:1 Mem:283.35M (Peak 283.35M) | Time:00:00.86 | Mem:0.00M, Peak:0.00M | Scene, ViewLayer | Synchronizing object | Sphere.452
Fra:1 Mem:283.35M (Peak 283.35M) | Time:00:00.86 | Mem:0.00M, Peak:0.00M | Scene, ViewLayer | Synchronizing object | Sphere.453
Fra:1 Mem:283.35M (Peak 283.35M) | Time:00:00.86 | Mem:0.00M, Peak:0.00M | Scene, ViewLayer | Synchronizing object | Sphere.454
Fra:1 Mem:283.35M (Peak 283.35M) | Time:00:00.86 | Mem:0.00M, Peak:0.00M | Scene, ViewLayer | Synchronizing object | Sphere.455
Fra:1 Mem:283.36M (Peak 283.36M) | Time:00:00.86 | Mem:0.00M, Peak:0.00M | Scene, ViewLayer | Synchronizing object | Sphere.456
Fra:1 Mem:283.36M (Peak 283.36M) | Time:00:00.86 | Mem:0.00M, Peak:0.00M | Scene, ViewLayer | Synchronizing object | Sphere.457
Fra:1 Mem:283.36M (Peak 283.36M) | Time:00:00.86 | Mem:0.00M, Peak:0.00M | Scene, ViewLayer | Synchronizing object | Sphere.458
Fra:1 Mem:283.36M (Peak 283.36M) | Time:00:00.86 | Mem:0.00M, Peak:0.00M | Scene, ViewLayer | Synchronizing object | Sphere.459
Fra:1 Mem:283.36M (Peak 283.36M) | Time:00:00.86 | Mem:0.00M, Peak:0.00M | Scene, ViewLayer | Synchronizing object | Sphere.460
Fra:1 Mem:283.37M (Peak 283.37M) | Time:00:00.86 | Mem:0.00M, Peak:0.00M | Scene, ViewLayer | Synchronizing object | Sphere.461
Fra:1 Mem:283.37M (Peak 283.37M) | Time:00:00.86 | Mem:0.00M, Peak:0.00M | Scene, ViewLayer | Synchronizing object | Sphere.462
Fra:1 Mem:283.37M (Peak 283.37M) | Time:00:00.86 | Mem:0.00M, Peak:0.00M | Scene, ViewLayer | Synchronizing object | Sphere.463
Fra:1 Mem:283.37M (Peak 283.37M) | Time:00:00.86 | Mem:0.00M, Peak:0.00M | Scene, ViewLayer | Synchronizing object | Sphere.464
Fra:1 Mem:283.38M (Peak 283.38M) | Time:00:00.86 | Mem:0.00M, Peak:0.00M | Scene, ViewLayer | Synchronizing object | Sphere.465
Fra:1 Mem:283.38M (Peak 283.38M) | Time:00:00.86 | Mem:0.00M, Peak:0.00M | Scene, ViewLayer | Synchronizing object | Sphere.466
Fra:1 Mem:283.38M (Peak 283.38M) | Time:00:00.86 | Mem:0.00M, Peak:0.00M | Scene, ViewLayer | Synchronizing object | Sphere.467
Fra:1 Mem:283.38M (Peak 283.38M) | Time:00:00.86 | Mem:0.00M, Peak:0.00M | Scene, ViewLayer | Synchronizing object | Sphere.468
Fra:1 Mem:283.39M (Peak 283.39M) | Time:00:00.86 | Mem:0.00M, Peak:0.00M | Scene, ViewLayer | Synchronizing object | Sphere.469
Fra:1 Mem:283.39M (Peak 283.39M) | Time:00:00.86 | Mem:0.00M, Peak:0.00M | Scene, ViewLayer | Synchronizing object | Sphere.470
Fra:1 Mem:283.39M (Peak 283.39M) | Time:00:00.86 | Mem:0.00M, Peak:0.00M | Scene, ViewLayer | Synchronizing object | Sphere.471
Fra:1 Mem:283.39M (Peak 283.39M) | Time:00:00.87 | Mem:0.00M, Peak:0.00M | Scene, ViewLayer | Synchronizing object | Cylinder.516
Fra:1 Mem:283.39M (Peak 283.39M) | Time:00:00.87 | Mem:0.00M, Peak:0.00M | Scene, ViewLayer | Synchronizing object | Cylinder.517
Fra:1 Mem:283.40M (Peak 283.40M) | Time:00:00.87 | Mem:0.00M, Peak:0.00M | Scene, ViewLayer | Synchronizing object | Cylinder.518
Fra:1 Mem:283.40M (Peak 283.40M) | Time:00:00.87 | Mem:0.00M, Peak:0.00M | Scene, ViewLayer | Synchronizing object | Cylinder.519
Fra:1 Mem:283.40M (Peak 283.40M) | Time:00:00.87 | Mem:0.00M, Peak:0.00M | Scene, ViewLayer | Synchronizing object | Cylinder.520
Fra:1 Mem:283.40M (Peak 283.40M) | Time:00:00.87 | Mem:0.00M, Peak:0.00M | Scene, ViewLayer | Synchronizing object | Cylinder.521
Fra:1 Mem:283.40M (Peak 283.40M) | Time:00:00.87 | Mem:0.00M, Peak:0.00M | Scene, ViewLayer | Synchronizing object | Cylinder.522
Fra:1 Mem:283.40M (Peak 283.40M) | Time:00:00.87 | Mem:0.00M, Peak:0.00M | Scene, ViewLayer | Synchronizing object | Cylinder.523
Fra:1 Mem:283.40M (Peak 283.40M) | Time:00:00.87 | Mem:0.00M, Peak:0.00M | Scene, ViewLayer | Synchronizing object | Cylinder.524
Fra:1 Mem:283.40M (Peak 283.40M) | Time:00:00.87 | Mem:0.00M, Peak:0.00M | Scene, ViewLayer | Synchronizing object | Cylinder.525
Fra:1 Mem:283.41M (Peak 283.41M) | Time:00:00.87 | Mem:0.00M, Peak:0.00M | Scene, ViewLayer | Synchronizing object | Cylinder.526
Fra:1 Mem:283.41M (Peak 283.41M) | Time:00:00.87 | Mem:0.00M, Peak:0.00M | Scene, ViewLayer | Synchronizing object | Cylinder.527
Fra:1 Mem:283.41M (Peak 283.41M) | Time:00:00.87 | Mem:0.00M, Peak:0.00M | Scene, ViewLayer | Synchronizing object | Cylinder.528
Fra:1 Mem:283.41M (Peak 283.41M) | Time:00:00.87 | Mem:0.00M, Peak:0.00M | Scene, ViewLayer | Synchronizing object | Cylinder.529
Fra:1 Mem:283.41M (Peak 283.41M) | Time:00:00.87 | Mem:0.00M, Peak:0.00M | Scene, ViewLayer | Synchronizing object | Cylinder.530
Fra:1 Mem:283.41M (Peak 283.41M) | Time:00:00.87 | Mem:0.00M, Peak:0.00M | Scene, ViewLayer | Synchronizing object | Cylinder.531
Fra:1 Mem:283.41M (Peak 283.41M) | Time:00:00.87 | Mem:0.00M, Peak:0.00M | Scene, ViewLayer | Synchronizing object | Cylinder.532
Fra:1 Mem:283.42M (Peak 283.42M) | Time:00:00.87 | Mem:0.00M, Peak:0.00M | Scene, ViewLayer | Synchronizing object | Cylinder.533
Fra:1 Mem:283.42M (Peak 283.42M) | Time:00:00.87 | Mem:0.00M, Peak:0.00M | Scene, ViewLayer | Synchronizing object | Cylinder.534
Fra:1 Mem:283.42M (Peak 283.42M) | Time:00:00.87 | Mem:0.00M, Peak:0.00M | Scene, ViewLayer | Synchronizing object | Cylinder.535
Fra:1 Mem:283.42M (Peak 283.42M) | Time:00:00.87 | Mem:0.00M, Peak:0.00M | Scene, ViewLayer | Synchronizing object | Cylinder.536
Fra:1 Mem:283.42M (Peak 283.42M) | Time:00:00.87 | Mem:0.00M, Peak:0.00M | Scene, ViewLayer | Synchronizing object | Cylinder.537
Fra:1 Mem:283.42M (Peak 283.42M) | Time:00:00.87 | Mem:0.00M, Peak:0.00M | Scene, ViewLayer | Synchronizing object | Cylinder.538
Fra:1 Mem:283.43M (Peak 283.43M) | Time:00:00.87 | Mem:0.00M, Peak:0.00M | Scene, ViewLayer | Synchronizing object | Cylinder.539
Fra:1 Mem:283.43M (Peak 283.43M) | Time:00:00.87 | Mem:0.00M, Peak:0.00M | Scene, ViewLayer | Synchronizing object | Cylinder.540
Fra:1 Mem:283.43M (Peak 283.43M) | Time:00:00.87 | Mem:0.00M, Peak:0.00M | Scene, ViewLayer | Synchronizing object | Cylinder.541
Fra:1 Mem:283.43M (Peak 283.43M) | Time:00:00.87 | Mem:0.00M, Peak:0.00M | Scene, ViewLayer | Synchronizing object | Cylinder.542
Fra:1 Mem:283.44M (Peak 283.44M) | Time:00:00.87 | Mem:0.00M, Peak:0.00M | Scene, ViewLayer | Synchronizing object | Cylinder.543
Fra:1 Mem:283.44M (Peak 283.44M) | Time:00:00.87 | Mem:0.00M, Peak:0.00M | Scene, ViewLayer | Synchronizing object | Cylinder.544
Fra:1 Mem:283.44M (Peak 283.44M) | Time:00:00.87 | Mem:0.00M, Peak:0.00M | Scene, ViewLayer | Synchronizing object | Cylinder.545
Fra:1 Mem:283.44M (Peak 283.44M) | Time:00:00.87 | Mem:0.00M, Peak:0.00M | Scene, ViewLayer | Synchronizing object | Cylinder.546
Fra:1 Mem:283.44M (Peak 283.44M) | Time:00:00.87 | Mem:0.00M, Peak:0.00M | Scene, ViewLayer | Synchronizing object | Cylinder.547
Fra:1 Mem:283.45M (Peak 283.45M) | Time:00:00.87 | Mem:0.00M, Peak:0.00M | Scene, ViewLayer | Synchronizing object | Cylinder.548
Fra:1 Mem:283.45M (Peak 283.45M) | Time:00:00.87 | Mem:0.00M, Peak:0.00M | Scene, ViewLayer | Synchronizing object | Cylinder.549
Fra:1 Mem:283.45M (Peak 283.45M) | Time:00:00.87 | Mem:0.00M, Peak:0.00M | Scene, ViewLayer | Synchronizing object | Cylinder.550
Fra:1 Mem:283.45M (Peak 283.45M) | Time:00:00.87 | Mem:0.00M, Peak:0.00M | Scene, ViewLayer | Synchronizing object | Cylinder.551
Fra:1 Mem:283.46M (Peak 283.46M) | Time:00:00.87 | Mem:0.00M, Peak:0.00M | Scene, ViewLayer | Synchronizing object | Cylinder.552
Fra:1 Mem:283.46M (Peak 283.46M) | Time:00:00.87 | Mem:0.00M, Peak:0.00M | Scene, ViewLayer | Synchronizing object | Cylinder.553
Fra:1 Mem:283.46M (Peak 283.46M) | Time:00:00.87 | Mem:0.00M, Peak:0.00M | Scene, ViewLayer | Synchronizing object | Cylinder.554
Fra:1 Mem:283.46M (Peak 283.46M) | Time:00:00.87 | Mem:0.00M, Peak:0.00M | Scene, ViewLayer | Synchronizing object | Cylinder.555
Fra:1 Mem:283.47M (Peak 283.47M) | Time:00:00.87 | Mem:0.00M, Peak:0.00M | Scene, ViewLayer | Synchronizing object | Cylinder.556
Fra:1 Mem:283.47M (Peak 283.47M) | Time:00:00.87 | Mem:0.00M, Peak:0.00M | Scene, ViewLayer | Synchronizing object | Cylinder.557
Fra:1 Mem:283.47M (Peak 283.47M) | Time:00:00.87 | Mem:0.00M, Peak:0.00M | Scene, ViewLayer | Synchronizing object | Cylinder.558
Fra:1 Mem:283.47M (Peak 283.47M) | Time:00:00.87 | Mem:0.00M, Peak:0.00M | Scene, ViewLayer | Synchronizing object | Cylinder.559
Fra:1 Mem:283.47M (Peak 283.47M) | Time:00:00.87 | Mem:0.00M, Peak:0.00M | Scene, ViewLayer | Synchronizing object | Cylinder.560
Fra:1 Mem:283.47M (Peak 283.47M) | Time:00:00.87 | Mem:0.00M, Peak:0.00M | Scene, ViewLayer | Synchronizing object | Cylinder.561
Fra:1 Mem:283.48M (Peak 283.48M) | Time:00:00.87 | Mem:0.00M, Peak:0.00M | Scene, ViewLayer | Synchronizing object | Cylinder.562
Fra:1 Mem:283.48M (Peak 283.48M) | Time:00:00.87 | Mem:0.00M, Peak:0.00M | Scene, ViewLayer | Synchronizing object | Cylinder.563
Fra:1 Mem:283.48M (Peak 283.48M) | Time:00:00.87 | Mem:0.00M, Peak:0.00M | Scene, ViewLayer | Synchronizing object | Cylinder.564
Fra:1 Mem:283.48M (Peak 283.48M) | Time:00:00.87 | Mem:0.00M, Peak:0.00M | Scene, ViewLayer | Synchronizing object | Cylinder.565
Fra:1 Mem:283.48M (Peak 283.48M) | Time:00:00.87 | Mem:0.00M, Peak:0.00M | Scene, ViewLayer | Synchronizing object | Cylinder.566
Fra:1 Mem:283.48M (Peak 283.48M) | Time:00:00.87 | Mem:0.00M, Peak:0.00M | Scene, ViewLayer | Synchronizing object | Cylinder.567
Fra:1 Mem:283.48M (Peak 283.48M) | Time:00:00.87 | Mem:0.00M, Peak:0.00M | Scene, ViewLayer | Synchronizing object | Cylinder.568
Fra:1 Mem:283.48M (Peak 283.48M) | Time:00:00.87 | Mem:0.00M, Peak:0.00M | Scene, ViewLayer | Synchronizing object | Cylinder.569
Fra:1 Mem:283.49M (Peak 283.49M) | Time:00:00.87 | Mem:0.00M, Peak:0.00M | Scene, ViewLayer | Synchronizing object | Cylinder.570
Fra:1 Mem:283.49M (Peak 283.49M) | Time:00:00.87 | Mem:0.00M, Peak:0.00M | Scene, ViewLayer | Synchronizing object | Cylinder.571
Fra:1 Mem:283.49M (Peak 283.49M) | Time:00:00.87 | Mem:0.00M, Peak:0.00M | Scene, ViewLayer | Synchronizing object | Cylinder.572
Fra:1 Mem:283.49M (Peak 283.49M) | Time:00:00.87 | Mem:0.00M, Peak:0.00M | Scene, ViewLayer | Synchronizing object | Cylinder.573
Fra:1 Mem:283.49M (Peak 283.49M) | Time:00:00.87 | Mem:0.00M, Peak:0.00M | Scene, ViewLayer | Synchronizing object | Cylinder.574
Fra:1 Mem:283.49M (Peak 283.49M) | Time:00:00.87 | Mem:0.00M, Peak:0.00M | Scene, ViewLayer | Synchronizing object | Cylinder.575
Fra:1 Mem:283.49M (Peak 283.49M) | Time:00:00.87 | Mem:0.00M, Peak:0.00M | Scene, ViewLayer | Synchronizing object | Cylinder.576
Fra:1 Mem:283.50M (Peak 283.50M) | Time:00:00.87 | Mem:0.00M, Peak:0.00M | Scene, ViewLayer | Synchronizing object | Cylinder.577
Fra:1 Mem:283.50M (Peak 283.50M) | Time:00:00.87 | Mem:0.00M, Peak:0.00M | Scene, ViewLayer | Synchronizing object | Cylinder.578
Fra:1 Mem:283.50M (Peak 283.50M) | Time:00:00.87 | Mem:0.00M, Peak:0.00M | Scene, ViewLayer | Synchronizing object | Cylinder.579
Fra:1 Mem:283.50M (Peak 283.50M) | Time:00:00.87 | Mem:0.00M, Peak:0.00M | Scene, ViewLayer | Synchronizing object | Cylinder.580
Fra:1 Mem:283.51M (Peak 283.51M) | Time:00:00.87 | Mem:0.00M, Peak:0.00M | Scene, ViewLayer | Synchronizing object | Cylinder.581
Fra:1 Mem:283.51M (Peak 283.51M) | Time:00:00.87 | Mem:0.00M, Peak:0.00M | Scene, ViewLayer | Synchronizing object | Cylinder.582
Fra:1 Mem:283.51M (Peak 283.51M) | Time:00:00.87 | Mem:0.00M, Peak:0.00M | Scene, ViewLayer | Synchronizing object | Cylinder.583
Fra:1 Mem:283.51M (Peak 283.51M) | Time:00:00.87 | Mem:0.00M, Peak:0.00M | Scene, ViewLayer | Synchronizing object | Cylinder.584
Fra:1 Mem:283.51M (Peak 283.51M) | Time:00:00.87 | Mem:0.00M, Peak:0.00M | Scene, ViewLayer | Synchronizing object | Cylinder.585
Fra:1 Mem:283.52M (Peak 283.52M) | Time:00:00.87 | Mem:0.00M, Peak:0.00M | Scene, ViewLayer | Synchronizing object | Cylinder.586
Fra:1 Mem:283.52M (Peak 283.52M) | Time:00:00.87 | Mem:0.00M, Peak:0.00M | Scene, ViewLayer | Synchronizing object | Cylinder.587
Fra:1 Mem:283.52M (Peak 283.52M) | Time:00:00.87 | Mem:0.00M, Peak:0.00M | Scene, ViewLayer | Synchronizing object | Cylinder.588
Fra:1 Mem:283.52M (Peak 283.52M) | Time:00:00.87 | Mem:0.00M, Peak:0.00M | Scene, ViewLayer | Synchronizing object | Cylinder.589
Fra:1 Mem:283.53M (Peak 283.53M) | Time:00:00.87 | Mem:0.00M, Peak:0.00M | Scene, ViewLayer | Synchronizing object | Cylinder.590
Fra:1 Mem:283.53M (Peak 283.53M) | Time:00:00.87 | Mem:0.00M, Peak:0.00M | Scene, ViewLayer | Synchronizing object | Cylinder.591
Fra:1 Mem:283.53M (Peak 283.53M) | Time:00:00.87 | Mem:0.00M, Peak:0.00M | Scene, ViewLayer | Synchronizing object | Cylinder.592
Fra:1 Mem:283.54M (Peak 283.54M) | Time:00:00.87 | Mem:0.00M, Peak:0.00M | Scene, ViewLayer | Synchronizing object | Cylinder.593
Fra:1 Mem:283.54M (Peak 283.54M) | Time:00:00.87 | Mem:0.00M, Peak:0.00M | Scene, ViewLayer | Synchronizing object | Cylinder.594
Fra:1 Mem:283.54M (Peak 283.54M) | Time:00:00.87 | Mem:0.00M, Peak:0.00M | Scene, ViewLayer | Synchronizing object | Cylinder.595
Fra:1 Mem:283.54M (Peak 283.54M) | Time:00:00.87 | Mem:0.00M, Peak:0.00M | Scene, ViewLayer | Synchronizing object | Cylinder.596
Fra:1 Mem:283.54M (Peak 283.54M) | Time:00:00.87 | Mem:0.00M, Peak:0.00M | Scene, ViewLayer | Synchronizing object | Cylinder.597
Fra:1 Mem:283.54M (Peak 283.54M) | Time:00:00.87 | Mem:0.00M, Peak:0.00M | Scene, ViewLayer | Synchronizing object | Cylinder.598
Fra:1 Mem:283.54M (Peak 283.54M) | Time:00:00.87 | Mem:0.00M, Peak:0.00M | Scene, ViewLayer | Synchronizing object | Cylinder.599
Fra:1 Mem:283.54M (Peak 283.54M) | Time:00:00.87 | Mem:0.00M, Peak:0.00M | Scene, ViewLayer | Synchronizing object | Cylinder.600
Fra:1 Mem:283.55M (Peak 283.55M) | Time:00:00.87 | Mem:0.00M, Peak:0.00M | Scene, ViewLayer | Synchronizing object | Cylinder.601
Fra:1 Mem:283.55M (Peak 283.55M) | Time:00:00.87 | Mem:0.00M, Peak:0.00M | Scene, ViewLayer | Synchronizing object | Cylinder.602
Fra:1 Mem:283.55M (Peak 283.55M) | Time:00:00.87 | Mem:0.00M, Peak:0.00M | Scene, ViewLayer | Synchronizing object | Cylinder.603
Fra:1 Mem:283.55M (Peak 283.55M) | Time:00:00.88 | Mem:0.00M, Peak:0.00M | Scene, ViewLayer | Synchronizing object | Cylinder.604
Fra:1 Mem:283.55M (Peak 283.55M) | Time:00:00.88 | Mem:0.00M, Peak:0.00M | Scene, ViewLayer | Synchronizing object | Cylinder.605
Fra:1 Mem:283.55M (Peak 283.55M) | Time:00:00.88 | Mem:0.00M, Peak:0.00M | Scene, ViewLayer | Synchronizing object | Cylinder.606
Fra:1 Mem:283.55M (Peak 283.55M) | Time:00:00.88 | Mem:0.00M, Peak:0.00M | Scene, ViewLayer | Synchronizing object | Cylinder.607
Fra:1 Mem:283.56M (Peak 283.56M) | Time:00:00.88 | Mem:0.00M, Peak:0.00M | Scene, ViewLayer | Synchronizing object | Cylinder.608
Fra:1 Mem:283.56M (Peak 283.56M) | Time:00:00.88 | Mem:0.00M, Peak:0.00M | Scene, ViewLayer | Synchronizing object | Cylinder.609
Fra:1 Mem:283.56M (Peak 283.56M) | Time:00:00.88 | Mem:0.00M, Peak:0.00M | Scene, ViewLayer | Synchronizing object | Cylinder.610
Fra:1 Mem:283.56M (Peak 283.56M) | Time:00:00.88 | Mem:0.00M, Peak:0.00M | Scene, ViewLayer | Synchronizing object | Cylinder.611
Fra:1 Mem:283.56M (Peak 283.56M) | Time:00:00.88 | Mem:0.00M, Peak:0.00M | Scene, ViewLayer | Synchronizing object | Cylinder.612
Fra:1 Mem:283.56M (Peak 283.56M) | Time:00:00.88 | Mem:0.00M, Peak:0.00M | Scene, ViewLayer | Synchronizing object | Cylinder.613
Fra:1 Mem:283.56M (Peak 283.56M) | Time:00:00.88 | Mem:0.00M, Peak:0.00M | Scene, ViewLayer | Synchronizing object | Cylinder.614
Fra:1 Mem:283.57M (Peak 283.57M) | Time:00:00.88 | Mem:0.00M, Peak:0.00M | Scene, ViewLayer | Synchronizing object | Cylinder.615
Fra:1 Mem:283.57M (Peak 283.57M) | Time:00:00.88 | Mem:0.00M, Peak:0.00M | Scene, ViewLayer | Synchronizing object | Cylinder.616
Fra:1 Mem:283.57M (Peak 283.57M) | Time:00:00.88 | Mem:0.00M, Peak:0.00M | Scene, ViewLayer | Synchronizing object | Cylinder.617
Fra:1 Mem:283.57M (Peak 283.57M) | Time:00:00.88 | Mem:0.00M, Peak:0.00M | Scene, ViewLayer | Synchronizing object | Cylinder.618
Fra:1 Mem:283.58M (Peak 283.58M) | Time:00:00.88 | Mem:0.00M, Peak:0.00M | Scene, ViewLayer | Synchronizing object | Cylinder.619
Fra:1 Mem:283.58M (Peak 283.58M) | Time:00:00.88 | Mem:0.00M, Peak:0.00M | Scene, ViewLayer | Synchronizing object | Cylinder.620
Fra:1 Mem:283.58M (Peak 283.58M) | Time:00:00.88 | Mem:0.00M, Peak:0.00M | Scene, ViewLayer | Synchronizing object | Cylinder.621
Fra:1 Mem:283.58M (Peak 283.58M) | Time:00:00.88 | Mem:0.00M, Peak:0.00M | Scene, ViewLayer | Synchronizing object | Cylinder.622
Fra:1 Mem:283.59M (Peak 283.59M) | Time:00:00.88 | Mem:0.00M, Peak:0.00M | Scene, ViewLayer | Synchronizing object | Cylinder.623
Fra:1 Mem:283.59M (Peak 283.59M) | Time:00:00.88 | Mem:0.00M, Peak:0.00M | Scene, ViewLayer | Synchronizing object | Cylinder.624
Fra:1 Mem:283.59M (Peak 283.59M) | Time:00:00.88 | Mem:0.00M, Peak:0.00M | Scene, ViewLayer | Synchronizing object | Cylinder.625
Fra:1 Mem:283.59M (Peak 283.59M) | Time:00:00.88 | Mem:0.00M, Peak:0.00M | Scene, ViewLayer | Synchronizing object | Cylinder.626
Fra:1 Mem:283.60M (Peak 283.60M) | Time:00:00.88 | Mem:0.00M, Peak:0.00M | Scene, ViewLayer | Synchronizing object | Cylinder.627
Fra:1 Mem:283.60M (Peak 283.60M) | Time:00:00.88 | Mem:0.00M, Peak:0.00M | Scene, ViewLayer | Synchronizing object | Cylinder.628
Fra:1 Mem:283.60M (Peak 283.60M) | Time:00:00.88 | Mem:0.00M, Peak:0.00M | Scene, ViewLayer | Synchronizing object | Cylinder.629
Fra:1 Mem:283.60M (Peak 283.60M) | Time:00:00.88 | Mem:0.00M, Peak:0.00M | Scene, ViewLayer | Synchronizing object | chao
Fra:1 Mem:284.05M (Peak 284.05M) | Time:00:00.88 | Mem:0.00M, Peak:0.00M | Scene, ViewLayer | Initializing
Fra:1 Mem:172.28M (Peak 284.05M) | Time:00:00.96 | Mem:0.00M, Peak:0.00M | Scene, ViewLayer | Waiting for render to start
Fra:1 Mem:172.28M (Peak 284.05M) | Time:00:00.96 | Mem:0.00M, Peak:0.00M | Scene, ViewLayer | Loading render kernels (may take a few minutes the first time)
Fra:1 Mem:172.28M (Peak 284.05M) | Time:00:00.96 | Mem:0.00M, Peak:0.00M | Scene, ViewLayer | Updating Scene
Fra:1 Mem:172.28M (Peak 284.05M) | Time:00:00.96 | Mem:0.00M, Peak:0.00M | Scene, ViewLayer | Updating Shaders
Fra:1 Mem:173.47M (Peak 284.05M) | Time:00:00.97 | Mem:1.11M, Peak:1.11M | Scene, ViewLayer | Updating Procedurals
Fra:1 Mem:173.47M (Peak 284.05M) | Time:00:00.97 | Mem:1.11M, Peak:1.11M | Scene, ViewLayer | Updating Background
Fra:1 Mem:173.47M (Peak 284.05M) | Time:00:00.97 | Mem:1.11M, Peak:1.11M | Scene, ViewLayer | Updating Camera
Fra:1 Mem:173.47M (Peak 284.05M) | Time:00:00.97 | Mem:1.11M, Peak:1.11M | Scene, ViewLayer | Updating Meshes Flags
Fra:1 Mem:173.47M (Peak 284.05M) | Time:00:00.97 | Mem:1.11M, Peak:1.11M | Scene, ViewLayer | Updating Objects
Fra:1 Mem:173.47M (Peak 284.05M) | Time:00:00.97 | Mem:1.11M, Peak:1.11M | Scene, ViewLayer | Updating Objects | Copying Transformations to device
Fra:1 Mem:176.07M (Peak 284.05M) | Time:00:00.98 | Mem:3.62M, Peak:3.62M | Scene, ViewLayer | Updating Objects | Applying Static Transformations
Fra:1 Mem:176.07M (Peak 284.05M) | Time:00:00.99 | Mem:3.62M, Peak:3.62M | Scene, ViewLayer | Updating Particle Systems
Fra:1 Mem:176.07M (Peak 284.05M) | Time:00:00.99 | Mem:3.62M, Peak:3.62M | Scene, ViewLayer | Updating Particle Systems | Copying Particles to device
Fra:1 Mem:176.07M (Peak 284.05M) | Time:00:00.99 | Mem:3.62M, Peak:3.62M | Scene, ViewLayer | Updating Meshes
Fra:1 Mem:179.87M (Peak 284.05M) | Time:00:01.01 | Mem:3.62M, Peak:3.62M | Scene, ViewLayer | Updating Mesh | Computing attributes
Fra:1 Mem:182.74M (Peak 284.05M) | Time:00:01.02 | Mem:3.81M, Peak:3.81M | Scene, ViewLayer | Updating Mesh | Copying Attributes to device
Fra:1 Mem:181.72M (Peak 284.05M) | Time:00:01.02 | Mem:5.47M, Peak:5.47M | Scene, ViewLayer | Updating Geometry BVH Cone 1/1562 | Building BVH
Fra:1 Mem:181.72M (Peak 284.05M) | Time:00:01.02 | Mem:5.47M, Peak:5.47M | Scene, ViewLayer | Updating Geometry BVH Cone.002 3/1562 | Building BVH
Fra:1 Mem:181.72M (Peak 284.05M) | Time:00:01.02 | Mem:5.47M, Peak:5.47M | Scene, ViewLayer | Updating Geometry BVH Cone.002 3/1562 | Building BVH 0%
Fra:1 Mem:181.72M (Peak 284.05M) | Time:00:01.02 | Mem:5.48M, Peak:5.48M | Scene, ViewLayer | Updating Geometry BVH Cone.003 4/1562 | Building BVH
Fra:1 Mem:181.72M (Peak 284.05M) | Time:00:01.02 | Mem:5.48M, Peak:5.48M | Scene, ViewLayer | Updating Geometry BVH Cone.005 6/1562 | Building BVH
Fra:1 Mem:181.72M (Peak 284.05M) | Time:00:01.02 | Mem:5.48M, Peak:5.48M | Scene, ViewLayer | Updating Geometry BVH Cone.006 7/1562 | Building BVH
Fra:1 Mem:181.72M (Peak 284.05M) | Time:00:01.02 | Mem:5.48M, Peak:5.48M | Scene, ViewLayer | Updating Geometry BVH Cone.007 8/1562 | Building BVH
Fra:1 Mem:181.72M (Peak 284.05M) | Time:00:01.02 | Mem:5.48M, Peak:5.48M | Scene, ViewLayer | Updating Geometry BVH Sphere 9/1562 | Building BVH
Fra:1 Mem:181.72M (Peak 284.05M) | Time:00:01.02 | Mem:5.48M, Peak:5.48M | Scene, ViewLayer | Updating Geometry BVH Sphere.001 10/1562 | Building BVH
Fra:1 Mem:181.72M (Peak 284.05M) | Time:00:01.02 | Mem:5.56M, Peak:5.56M | Scene, ViewLayer | Updating Geometry BVH Sphere.428 1561/1562 | Building BVH
Fra:1 Mem:181.72M (Peak 284.05M) | Time:00:01.02 | Mem:5.64M, Peak:5.64M | Scene, ViewLayer | Updating Geometry BVH Sphere.002 11/1562 | Building BVH
Fra:1 Mem:181.72M (Peak 284.05M) | Time:00:01.02 | Mem:5.62M, Peak:5.66M | Scene, ViewLayer | Updating Geometry BVH Sphere.004 13/1562 | Building BVH
Fra:1 Mem:181.72M (Peak 284.05M) | Time:00:01.02 | Mem:5.63M, Peak:5.66M | Scene, ViewLayer | Updating Geometry BVH Sphere.427 1560/1562 | Building BVH
Fra:1 Mem:181.72M (Peak 284.05M) | Time:00:01.02 | Mem:5.69M, Peak:5.69M | Scene, ViewLayer | Updating Geometry BVH Sphere.426 1559/1562 | Building BVH
Fra:1 Mem:181.72M (Peak 284.05M) | Time:00:01.02 | Mem:5.83M, Peak:5.89M | Scene, ViewLayer | Updating Geometry BVH Cone.009 16/1562 | Building BVH
Fra:1 Mem:181.72M (Peak 284.05M) | Time:00:01.02 | Mem:5.84M, Peak:5.89M | Scene, ViewLayer | Updating Geometry BVH Sphere.425 1558/1562 | Building BVH
Fra:1 Mem:181.72M (Peak 284.05M) | Time:00:01.02 | Mem:5.84M, Peak:5.89M | Scene, ViewLayer | Updating Geometry BVH Sphere.424 1557/1562 | Building BVH
Fra:1 Mem:181.72M (Peak 284.05M) | Time:00:01.02 | Mem:5.84M, Peak:5.89M | Scene, ViewLayer | Updating Geometry BVH Sphere.423 1556/1562 | Building BVH
Fra:1 Mem:181.72M (Peak 284.05M) | Time:00:01.02 | Mem:5.85M, Peak:5.89M | Scene, ViewLayer | Updating Geometry BVH Cone.010 17/1562 | Building BVH
Fra:1 Mem:181.72M (Peak 284.05M) | Time:00:01.02 | Mem:5.85M, Peak:5.89M | Scene, ViewLayer | Updating Geometry BVH Sphere.422 1555/1562 | Building BVH
Fra:1 Mem:181.72M (Peak 284.05M) | Time:00:01.02 | Mem:5.85M, Peak:5.89M | Scene, ViewLayer | Updating Geometry BVH Sphere.421 1554/1562 | Building BVH
Fra:1 Mem:181.72M (Peak 284.05M) | Time:00:01.02 | Mem:5.86M, Peak:5.89M | Scene, ViewLayer | Updating Geometry BVH Sphere.420 1553/1562 | Building BVH
Fra:1 Mem:181.72M (Peak 284.05M) | Time:00:01.02 | Mem:5.89M, Peak:5.89M | Scene, ViewLayer | Updating Geometry BVH Cone.011 18/1562 | Building BVH
Fra:1 Mem:181.72M (Peak 284.05M) | Time:00:01.02 | Mem:5.90M, Peak:5.90M | Scene, ViewLayer | Updating Geometry BVH Sphere.419 1552/1562 | Building BVH
Fra:1 Mem:181.72M (Peak 284.05M) | Time:00:01.02 | Mem:5.94M, Peak:5.94M | Scene, ViewLayer | Updating Geometry BVH Cone.012 19/1562 | Building BVH
Fra:1 Mem:181.72M (Peak 284.05M) | Time:00:01.02 | Mem:5.96M, Peak:5.96M | Scene, ViewLayer | Updating Geometry BVH Cone.013 20/1562 | Building BVH
Fra:1 Mem:181.72M (Peak 284.05M) | Time:00:01.02 | Mem:5.93M, Peak:5.96M | Scene, ViewLayer | Updating Geometry BVH Cone.015 22/1562 | Building BVH
Fra:1 Mem:181.72M (Peak 284.05M) | Time:00:01.02 | Mem:5.94M, Peak:5.96M | Scene, ViewLayer | Updating Geometry BVH Sphere.418 1551/1562 | Building BVH
Fra:1 Mem:181.72M (Peak 284.05M) | Time:00:01.02 | Mem:5.94M, Peak:5.96M | Scene, ViewLayer | Updating Geometry BVH Cone.016 23/1562 | Building BVH
Fra:1 Mem:181.72M (Peak 284.05M) | Time:00:01.02 | Mem:5.94M, Peak:5.96M | Scene, ViewLayer | Updating Geometry BVH Cone.017 24/1562 | Building BVH
Fra:1 Mem:181.72M (Peak 284.05M) | Time:00:01.02 | Mem:5.94M, Peak:5.96M | Scene, ViewLayer | Updating Geometry BVH Cone.018 25/1562 | Building BVH
Fra:1 Mem:181.72M (Peak 284.05M) | Time:00:01.02 | Mem:5.94M, Peak:5.96M | Scene, ViewLayer | Updating Geometry BVH Cone.019 26/1562 | Building BVH
Fra:1 Mem:181.72M (Peak 284.05M) | Time:00:01.02 | Mem:5.94M, Peak:5.96M | Scene, ViewLayer | Updating Geometry BVH Cone.020 27/1562 | Building BVH
Fra:1 Mem:181.72M (Peak 284.05M) | Time:00:01.02 | Mem:5.94M, Peak:5.96M | Scene, ViewLayer | Updating Geometry BVH Cone.021 28/1562 | Building BVH
Fra:1 Mem:181.72M (Peak 284.05M) | Time:00:01.02 | Mem:5.95M, Peak:5.96M | Scene, ViewLayer | Updating Geometry BVH Sphere.417 1550/1562 | Building BVH
Fra:1 Mem:181.72M (Peak 284.05M) | Time:00:01.02 | Mem:5.95M, Peak:5.96M | Scene, ViewLayer | Updating Geometry BVH Cone.022 29/1562 | Building BVH
Fra:1 Mem:181.72M (Peak 284.05M) | Time:00:01.02 | Mem:5.95M, Peak:5.96M | Scene, ViewLayer | Updating Geometry BVH Cone.023 30/1562 | Building BVH
Fra:1 Mem:181.72M (Peak 284.05M) | Time:00:01.02 | Mem:5.95M, Peak:5.96M | Scene, ViewLayer | Updating Geometry BVH Cone.024 31/1562 | Building BVH
Fra:1 Mem:181.72M (Peak 284.05M) | Time:00:01.02 | Mem:5.95M, Peak:5.96M | Scene, ViewLayer | Updating Geometry BVH Cone.025 32/1562 | Building BVH
Fra:1 Mem:181.72M (Peak 284.05M) | Time:00:01.02 | Mem:5.95M, Peak:5.96M | Scene, ViewLayer | Updating Geometry BVH Cone.026 33/1562 | Building BVH
Fra:1 Mem:181.72M (Peak 284.05M) | Time:00:01.02 | Mem:5.95M, Peak:5.96M | Scene, ViewLayer | Updating Geometry BVH Cone.028 35/1562 | Building BVH
Fra:1 Mem:181.72M (Peak 284.05M) | Time:00:01.02 | Mem:5.95M, Peak:5.96M | Scene, ViewLayer | Updating Geometry BVH Cone.029 36/1562 | Building BVH
Fra:1 Mem:181.72M (Peak 284.05M) | Time:00:01.02 | Mem:5.96M, Peak:5.96M | Scene, ViewLayer | Updating Geometry BVH Cone.030 37/1562 | Building BVH
Fra:1 Mem:181.72M (Peak 284.05M) | Time:00:01.02 | Mem:5.96M, Peak:5.96M | Scene, ViewLayer | Updating Geometry BVH Cone.031 38/1562 | Building BVH
Fra:1 Mem:181.72M (Peak 284.05M) | Time:00:01.02 | Mem:5.96M, Peak:5.96M | Scene, ViewLayer | Updating Geometry BVH Cone.032 39/1562 | Building BVH
Fra:1 Mem:181.72M (Peak 284.05M) | Time:00:01.02 | Mem:5.96M, Peak:5.96M | Scene, ViewLayer | Updating Geometry BVH Cone.033 40/1562 | Building BVH
Fra:1 Mem:181.72M (Peak 284.05M) | Time:00:01.02 | Mem:5.96M, Peak:5.96M | Scene, ViewLayer | Updating Geometry BVH Cone.034 41/1562 | Building BVH
Fra:1 Mem:181.72M (Peak 284.05M) | Time:00:01.02 | Mem:5.96M, Peak:5.96M | Scene, ViewLayer | Updating Geometry BVH Sphere.416 1549/1562 | Building BVH
Fra:1 Mem:181.72M (Peak 284.05M) | Time:00:01.02 | Mem:5.96M, Peak:5.96M | Scene, ViewLayer | Updating Geometry BVH Cone.035 42/1562 | Building BVH
Fra:1 Mem:181.72M (Peak 284.05M) | Time:00:01.02 | Mem:5.97M, Peak:5.97M | Scene, ViewLayer | Updating Geometry BVH Cone.036 43/1562 | Building BVH
Fra:1 Mem:181.72M (Peak 284.05M) | Time:00:01.02 | Mem:5.97M, Peak:5.97M | Scene, ViewLayer | Updating Geometry BVH Cone.037 44/1562 | Building BVH
Fra:1 Mem:181.72M (Peak 284.05M) | Time:00:01.02 | Mem:5.97M, Peak:5.97M | Scene, ViewLayer | Updating Geometry BVH Cone.038 45/1562 | Building BVH
Fra:1 Mem:181.72M (Peak 284.05M) | Time:00:01.02 | Mem:5.97M, Peak:5.97M | Scene, ViewLayer | Updating Geometry BVH Cone.039 46/1562 | Building BVH
Fra:1 Mem:181.72M (Peak 284.05M) | Time:00:01.02 | Mem:5.97M, Peak:5.97M | Scene, ViewLayer | Updating Geometry BVH Cone.040 47/1562 | Building BVH
Fra:1 Mem:181.72M (Peak 284.05M) | Time:00:01.02 | Mem:5.97M, Peak:5.97M | Scene, ViewLayer | Updating Geometry BVH Cone.041 48/1562 | Building BVH
Fra:1 Mem:181.72M (Peak 284.05M) | Time:00:01.02 | Mem:5.97M, Peak:5.97M | Scene, ViewLayer | Updating Geometry BVH Cone.042 49/1562 | Building BVH
Fra:1 Mem:181.72M (Peak 284.05M) | Time:00:01.02 | Mem:5.97M, Peak:5.97M | Scene, ViewLayer | Updating Geometry BVH Cone.043 50/1562 | Building BVH
Fra:1 Mem:181.72M (Peak 284.05M) | Time:00:01.02 | Mem:5.97M, Peak:5.97M | Scene, ViewLayer | Updating Geometry BVH Cone.044 51/1562 | Building BVH
Fra:1 Mem:181.72M (Peak 284.05M) | Time:00:01.02 | Mem:5.98M, Peak:5.98M | Scene, ViewLayer | Updating Geometry BVH Sphere.415 1548/1562 | Building BVH
Fra:1 Mem:181.72M (Peak 284.05M) | Time:00:01.02 | Mem:5.98M, Peak:5.98M | Scene, ViewLayer | Updating Geometry BVH Cone.045 52/1562 | Building BVH
Fra:1 Mem:181.72M (Peak 284.05M) | Time:00:01.02 | Mem:5.98M, Peak:5.98M | Scene, ViewLayer | Updating Geometry BVH Cone.046 53/1562 | Building BVH
Fra:1 Mem:181.72M (Peak 284.05M) | Time:00:01.02 | Mem:5.98M, Peak:5.98M | Scene, ViewLayer | Updating Geometry BVH Cone.047 54/1562 | Building BVH
Fra:1 Mem:181.72M (Peak 284.05M) | Time:00:01.02 | Mem:5.98M, Peak:5.98M | Scene, ViewLayer | Updating Geometry BVH Cylinder 55/1562 | Building BVH
Fra:1 Mem:181.72M (Peak 284.05M) | Time:00:01.02 | Mem:5.98M, Peak:5.98M | Scene, ViewLayer | Updating Geometry BVH Cylinder.001 56/1562 | Building BVH
Fra:1 Mem:181.72M (Peak 284.05M) | Time:00:01.02 | Mem:5.98M, Peak:5.98M | Scene, ViewLayer | Updating Geometry BVH Cylinder.002 57/1562 | Building BVH
Fra:1 Mem:181.72M (Peak 284.05M) | Time:00:01.02 | Mem:5.99M, Peak:5.99M | Scene, ViewLayer | Updating Geometry BVH Sphere.414 1547/1562 | Building BVH
Fra:1 Mem:181.72M (Peak 284.05M) | Time:00:01.02 | Mem:5.99M, Peak:5.99M | Scene, ViewLayer | Updating Geometry BVH Cylinder.003 58/1562 | Building BVH
Fra:1 Mem:181.72M (Peak 284.05M) | Time:00:01.02 | Mem:5.99M, Peak:5.99M | Scene, ViewLayer | Updating Geometry BVH Cylinder.004 59/1562 | Building BVH
Fra:1 Mem:181.72M (Peak 284.05M) | Time:00:01.02 | Mem:5.99M, Peak:5.99M | Scene, ViewLayer | Updating Geometry BVH Cylinder.005 60/1562 | Building BVH
Fra:1 Mem:181.72M (Peak 284.05M) | Time:00:01.03 | Mem:5.99M, Peak:5.99M | Scene, ViewLayer | Updating Geometry BVH Cylinder.006 61/1562 | Building BVH
Fra:1 Mem:181.72M (Peak 284.05M) | Time:00:01.03 | Mem:5.99M, Peak:5.99M | Scene, ViewLayer | Updating Geometry BVH Cone.048 62/1562 | Building BVH
Fra:1 Mem:181.72M (Peak 284.05M) | Time:00:01.03 | Mem:6.00M, Peak:6.00M | Scene, ViewLayer | Updating Geometry BVH Cone.049 63/1562 | Building BVH
Fra:1 Mem:181.72M (Peak 284.05M) | Time:00:01.03 | Mem:6.00M, Peak:6.00M | Scene, ViewLayer | Updating Geometry BVH Cone.050 64/1562 | Building BVH
Fra:1 Mem:181.72M (Peak 284.05M) | Time:00:01.03 | Mem:6.00M, Peak:6.00M | Scene, ViewLayer | Updating Geometry BVH Cone.051 65/1562 | Building BVH
Fra:1 Mem:181.72M (Peak 284.05M) | Time:00:01.03 | Mem:6.01M, Peak:6.01M | Scene, ViewLayer | Updating Geometry BVH Cone.052 66/1562 | Building BVH
Fra:1 Mem:181.72M (Peak 284.05M) | Time:00:01.03 | Mem:6.01M, Peak:6.01M | Scene, ViewLayer | Updating Geometry BVH Sphere.413 1546/1562 | Building BVH
Fra:1 Mem:181.72M (Peak 284.05M) | Time:00:01.03 | Mem:6.01M, Peak:6.02M | Scene, ViewLayer | Updating Geometry BVH Sphere.007 69/1562 | Building BVH
Fra:1 Mem:181.72M (Peak 284.05M) | Time:00:01.03 | Mem:6.02M, Peak:6.03M | Scene, ViewLayer | Updating Geometry BVH Sphere.009 71/1562 | Building BVH
Fra:1 Mem:181.72M (Peak 284.05M) | Time:00:01.03 | Mem:6.03M, Peak:6.03M | Scene, ViewLayer | Updating Geometry BVH Sphere.412 1545/1562 | Building BVH
Fra:1 Mem:181.72M (Peak 284.05M) | Time:00:01.03 | Mem:6.03M, Peak:6.03M | Scene, ViewLayer | Updating Geometry BVH Sphere.010 72/1562 | Building BVH
Fra:1 Mem:181.72M (Peak 284.05M) | Time:00:01.03 | Mem:6.03M, Peak:6.04M | Scene, ViewLayer | Updating Geometry BVH Sphere.011 73/1562 | Building BVH
Fra:1 Mem:181.72M (Peak 284.05M) | Time:00:01.03 | Mem:6.04M, Peak:6.04M | Scene, ViewLayer | Updating Geometry BVH Sphere.012 74/1562 | Building BVH
Fra:1 Mem:181.72M (Peak 284.05M) | Time:00:01.03 | Mem:6.05M, Peak:6.05M | Scene, ViewLayer | Updating Geometry BVH Sphere.013 75/1562 | Building BVH
Fra:1 Mem:181.72M (Peak 284.05M) | Time:00:01.03 | Mem:6.05M, Peak:6.06M | Scene, ViewLayer | Updating Geometry BVH Sphere.014 76/1562 | Building BVH
Fra:1 Mem:181.72M (Peak 284.05M) | Time:00:01.03 | Mem:6.05M, Peak:6.06M | Scene, ViewLayer | Updating Geometry BVH Sphere.410 1543/1562 | Building BVH
Fra:1 Mem:181.72M (Peak 284.05M) | Time:00:01.03 | Mem:6.06M, Peak:6.06M | Scene, ViewLayer | Updating Geometry BVH Sphere.015 77/1562 | Building BVH
Fra:1 Mem:181.72M (Peak 284.05M) | Time:00:01.03 | Mem:6.06M, Peak:6.06M | Scene, ViewLayer | Updating Geometry BVH Sphere.409 1542/1562 | Building BVH
Fra:1 Mem:181.72M (Peak 284.05M) | Time:00:01.03 | Mem:6.07M, Peak:6.07M | Scene, ViewLayer | Updating Geometry BVH Sphere.016 78/1562 | Building BVH
Fra:1 Mem:181.72M (Peak 284.05M) | Time:00:01.03 | Mem:6.08M, Peak:6.08M | Scene, ViewLayer | Updating Geometry BVH Sphere.018 80/1562 | Building BVH
Fra:1 Mem:181.72M (Peak 284.05M) | Time:00:01.03 | Mem:6.08M, Peak:6.08M | Scene, ViewLayer | Updating Geometry BVH Sphere.019 81/1562 | Building BVH
Fra:1 Mem:181.72M (Peak 284.05M) | Time:00:01.03 | Mem:6.08M, Peak:6.08M | Scene, ViewLayer | Updating Geometry BVH Sphere.408 1541/1562 | Building BVH
Fra:1 Mem:181.72M (Peak 284.05M) | Time:00:01.03 | Mem:6.09M, Peak:6.09M | Scene, ViewLayer | Updating Geometry BVH Sphere.020 82/1562 | Building BVH
Fra:1 Mem:181.72M (Peak 284.05M) | Time:00:01.03 | Mem:6.10M, Peak:6.10M | Scene, ViewLayer | Updating Geometry BVH Sphere.407 1540/1562 | Building BVH
Fra:1 Mem:181.72M (Peak 284.05M) | Time:00:01.03 | Mem:6.10M, Peak:6.10M | Scene, ViewLayer | Updating Geometry BVH Sphere.021 83/1562 | Building BVH
Fra:1 Mem:181.72M (Peak 284.05M) | Time:00:01.03 | Mem:6.10M, Peak:6.10M | Scene, ViewLayer | Updating Geometry BVH Sphere.406 1539/1562 | Building BVH
Fra:1 Mem:181.72M (Peak 284.05M) | Time:00:01.03 | Mem:6.11M, Peak:6.11M | Scene, ViewLayer | Updating Geometry BVH Sphere.022 84/1562 | Building BVH
Fra:1 Mem:181.72M (Peak 284.05M) | Time:00:01.03 | Mem:6.11M, Peak:6.11M | Scene, ViewLayer | Updating Geometry BVH Sphere.023 85/1562 | Building BVH
Fra:1 Mem:181.72M (Peak 284.05M) | Time:00:01.03 | Mem:6.11M, Peak:6.11M | Scene, ViewLayer | Updating Geometry BVH Sphere.405 1538/1562 | Building BVH
Fra:1 Mem:181.72M (Peak 284.05M) | Time:00:01.03 | Mem:6.12M, Peak:6.12M | Scene, ViewLayer | Updating Geometry BVH Sphere.404 1537/1562 | Building BVH
Fra:1 Mem:181.72M (Peak 284.05M) | Time:00:01.03 | Mem:6.13M, Peak:6.13M | Scene, ViewLayer | Updating Geometry BVH Cube.013 88/1562 | Building BVH
Fra:1 Mem:181.72M (Peak 284.05M) | Time:00:01.03 | Mem:6.13M, Peak:6.13M | Scene, ViewLayer | Updating Geometry BVH Sphere.403 1536/1562 | Building BVH
Fra:1 Mem:181.72M (Peak 284.05M) | Time:00:01.03 | Mem:6.14M, Peak:6.14M | Scene, ViewLayer | Updating Geometry BVH Cube.014 89/1562 | Building BVH
Fra:1 Mem:181.72M (Peak 284.05M) | Time:00:01.03 | Mem:6.16M, Peak:6.16M | Scene, ViewLayer | Updating Geometry BVH Cube.015 90/1562 | Building BVH
Fra:1 Mem:181.72M (Peak 284.05M) | Time:00:01.03 | Mem:6.17M, Peak:6.18M | Scene, ViewLayer | Updating Geometry BVH Cube.016 91/1562 | Building BVH
Fra:1 Mem:181.72M (Peak 284.05M) | Time:00:01.03 | Mem:6.20M, Peak:6.20M | Scene, ViewLayer | Updating Geometry BVH Sphere.401 1534/1562 | Building BVH
Fra:1 Mem:181.72M (Peak 284.05M) | Time:00:01.03 | Mem:6.20M, Peak:6.20M | Scene, ViewLayer | Updating Geometry BVH Cone.056 94/1562 | Building BVH
Fra:1 Mem:181.72M (Peak 284.05M) | Time:00:01.03 | Mem:6.20M, Peak:6.20M | Scene, ViewLayer | Updating Geometry BVH Sphere.400 1533/1562 | Building BVH
Fra:1 Mem:181.72M (Peak 284.05M) | Time:00:01.03 | Mem:6.20M, Peak:6.20M | Scene, ViewLayer | Updating Geometry BVH Sphere.399 1532/1562 | Building BVH
Fra:1 Mem:181.72M (Peak 284.05M) | Time:00:01.03 | Mem:6.21M, Peak:6.21M | Scene, ViewLayer | Updating Geometry BVH Cylinder.040 95/1562 | Building BVH
Fra:1 Mem:181.72M (Peak 284.05M) | Time:00:01.03 | Mem:6.21M, Peak:6.21M | Scene, ViewLayer | Updating Geometry BVH Sphere.398 1531/1562 | Building BVH
Fra:1 Mem:181.72M (Peak 284.05M) | Time:00:01.03 | Mem:6.21M, Peak:6.21M | Scene, ViewLayer | Updating Geometry BVH Cylinder.041 96/1562 | Building BVH
Fra:1 Mem:181.72M (Peak 284.05M) | Time:00:01.03 | Mem:6.21M, Peak:6.22M | Scene, ViewLayer | Updating Geometry BVH Cylinder.042 97/1562 | Building BVH
Fra:1 Mem:181.72M (Peak 284.05M) | Time:00:01.03 | Mem:6.22M, Peak:6.22M | Scene, ViewLayer | Updating Geometry BVH Sphere.397 1530/1562 | Building BVH
Fra:1 Mem:181.72M (Peak 284.05M) | Time:00:01.03 | Mem:6.22M, Peak:6.22M | Scene, ViewLayer | Updating Geometry BVH Sphere.396 1529/1562 | Building BVH
Fra:1 Mem:181.72M (Peak 284.05M) | Time:00:01.03 | Mem:6.22M, Peak:6.23M | Scene, ViewLayer | Updating Geometry BVH Sphere.395 1528/1562 | Building BVH
Fra:1 Mem:181.72M (Peak 284.05M) | Time:00:01.03 | Mem:6.23M, Peak:6.23M | Scene, ViewLayer | Updating Geometry BVH Cylinder.043 98/1562 | Building BVH
Fra:1 Mem:181.72M (Peak 284.05M) | Time:00:01.03 | Mem:6.23M, Peak:6.23M | Scene, ViewLayer | Updating Geometry BVH Sphere.394 1527/1562 | Building BVH
Fra:1 Mem:181.72M (Peak 284.05M) | Time:00:01.03 | Mem:6.23M, Peak:6.23M | Scene, ViewLayer | Updating Geometry BVH Cylinder.044 99/1562 | Building BVH
Fra:1 Mem:181.72M (Peak 284.05M) | Time:00:01.03 | Mem:6.23M, Peak:6.23M | Scene, ViewLayer | Updating Geometry BVH Sphere.393 1526/1562 | Building BVH
Fra:1 Mem:181.72M (Peak 284.05M) | Time:00:01.03 | Mem:6.24M, Peak:6.24M | Scene, ViewLayer | Updating Geometry BVH Sphere.392 1525/1562 | Building BVH
Fra:1 Mem:181.72M (Peak 284.05M) | Time:00:01.03 | Mem:6.24M, Peak:6.24M | Scene, ViewLayer | Updating Geometry BVH Cylinder.045 100/1562 | Building BVH
Fra:1 Mem:181.72M (Peak 284.05M) | Time:00:01.03 | Mem:6.24M, Peak:6.24M | Scene, ViewLayer | Updating Geometry BVH Sphere.042 101/1562 | Building BVH
Fra:1 Mem:181.72M (Peak 284.05M) | Time:00:01.03 | Mem:6.24M, Peak:6.24M | Scene, ViewLayer | Updating Geometry BVH Sphere.391 1524/1562 | Building BVH
Fra:1 Mem:181.72M (Peak 284.05M) | Time:00:01.03 | Mem:6.25M, Peak:6.25M | Scene, ViewLayer | Updating Geometry BVH Sphere.390 1523/1562 | Building BVH
Fra:1 Mem:181.72M (Peak 284.05M) | Time:00:01.03 | Mem:6.25M, Peak:6.25M | Scene, ViewLayer | Updating Geometry BVH Torus 102/1562 | Building BVH
Fra:1 Mem:181.72M (Peak 284.05M) | Time:00:01.03 | Mem:6.25M, Peak:6.25M | Scene, ViewLayer | Updating Geometry BVH Sphere.389 1522/1562 | Building BVH
Fra:1 Mem:181.72M (Peak 284.05M) | Time:00:01.03 | Mem:6.25M, Peak:6.25M | Scene, ViewLayer | Updating Geometry BVH Sphere.388 1521/1562 | Building BVH
Fra:1 Mem:181.72M (Peak 284.05M) | Time:00:01.03 | Mem:6.27M, Peak:6.27M | Scene, ViewLayer | Updating Geometry BVH Sphere.387 1520/1562 | Building BVH
Fra:1 Mem:181.72M (Peak 284.05M) | Time:00:01.03 | Mem:6.29M, Peak:6.29M | Scene, ViewLayer | Updating Geometry BVH Cube.091 103/1562 | Building BVH
Fra:1 Mem:181.72M (Peak 284.05M) | Time:00:01.03 | Mem:6.28M, Peak:6.29M | Scene, ViewLayer | Updating Geometry BVH Cube.092 104/1562 | Building BVH
Fra:1 Mem:181.72M (Peak 284.05M) | Time:00:01.03 | Mem:6.29M, Peak:6.29M | Scene, ViewLayer | Updating Geometry BVH Sphere.386 1519/1562 | Building BVH
Fra:1 Mem:181.72M (Peak 284.05M) | Time:00:01.03 | Mem:6.34M, Peak:6.34M | Scene, ViewLayer | Updating Geometry BVH Cube.093 105/1562 | Building BVH
Fra:1 Mem:181.72M (Peak 284.05M) | Time:00:01.03 | Mem:6.37M, Peak:6.37M | Scene, ViewLayer | Updating Geometry BVH Sphere.385 1518/1562 | Building BVH
Fra:1 Mem:181.72M (Peak 284.05M) | Time:00:01.03 | Mem:6.39M, Peak:6.39M | Scene, ViewLayer | Updating Geometry BVH Cube.095 107/1562 | Building BVH
Fra:1 Mem:181.72M (Peak 284.05M) | Time:00:01.03 | Mem:6.41M, Peak:6.41M | Scene, ViewLayer | Updating Geometry BVH Sphere.384 1517/1562 | Building BVH
Fra:1 Mem:181.72M (Peak 284.05M) | Time:00:01.03 | Mem:6.43M, Peak:6.43M | Scene, ViewLayer | Updating Geometry BVH Cube.096 108/1562 | Building BVH
Fra:1 Mem:181.72M (Peak 284.05M) | Time:00:01.03 | Mem:6.46M, Peak:6.47M | Scene, ViewLayer | Updating Geometry BVH Cube.097 109/1562 | Building BVH
Fra:1 Mem:181.72M (Peak 284.05M) | Time:00:01.03 | Mem:6.48M, Peak:6.48M | Scene, ViewLayer | Updating Geometry BVH Cube.098 110/1562 | Building BVH
Fra:1 Mem:181.72M (Peak 284.05M) | Time:00:01.03 | Mem:6.52M, Peak:6.52M | Scene, ViewLayer | Updating Geometry BVH Cube.099 111/1562 | Building BVH
Fra:1 Mem:181.72M (Peak 284.05M) | Time:00:01.03 | Mem:6.48M, Peak:6.52M | Scene, ViewLayer | Updating Geometry BVH Cube.101 113/1562 | Building BVH
Fra:1 Mem:181.72M (Peak 284.05M) | Time:00:01.03 | Mem:6.50M, Peak:6.52M | Scene, ViewLayer | Updating Geometry BVH Cube.102 114/1562 | Building BVH
Fra:1 Mem:181.72M (Peak 284.05M) | Time:00:01.03 | Mem:6.51M, Peak:6.52M | Scene, ViewLayer | Updating Geometry BVH Cube.104 116/1562 | Building BVH
Fra:1 Mem:181.72M (Peak 284.05M) | Time:00:01.03 | Mem:6.52M, Peak:6.52M | Scene, ViewLayer | Updating Geometry BVH Cylinder.508 1514/1562 | Building BVH
Fra:1 Mem:181.72M (Peak 284.05M) | Time:00:01.03 | Mem:6.52M, Peak:6.52M | Scene, ViewLayer | Updating Geometry BVH Cube.105 117/1562 | Building BVH
Fra:1 Mem:181.72M (Peak 284.05M) | Time:00:01.03 | Mem:6.53M, Peak:6.53M | Scene, ViewLayer | Updating Geometry BVH Cube.106 118/1562 | Building BVH
Fra:1 Mem:181.72M (Peak 284.05M) | Time:00:01.03 | Mem:6.53M, Peak:6.53M | Scene, ViewLayer | Updating Geometry BVH Cylinder.507 1513/1562 | Building BVH
Fra:1 Mem:181.72M (Peak 284.05M) | Time:00:01.03 | Mem:6.53M, Peak:6.53M | Scene, ViewLayer | Updating Geometry BVH Cylinder.506 1512/1562 | Building BVH
Fra:1 Mem:181.72M (Peak 284.05M) | Time:00:01.03 | Mem:6.53M, Peak:6.53M | Scene, ViewLayer | Updating Geometry BVH Cylinder.505 1511/1562 | Building BVH
Fra:1 Mem:181.72M (Peak 284.05M) | Time:00:01.03 | Mem:6.54M, Peak:6.55M | Scene, ViewLayer | Updating Geometry BVH Cube.107 119/1562 | Building BVH
Fra:1 Mem:181.72M (Peak 284.05M) | Time:00:01.03 | Mem:6.55M, Peak:6.56M | Scene, ViewLayer | Updating Geometry BVH Cube.108 120/1562 | Building BVH
Fra:1 Mem:181.72M (Peak 284.05M) | Time:00:01.03 | Mem:6.56M, Peak:6.56M | Scene, ViewLayer | Updating Geometry BVH Cylinder.504 1510/1562 | Building BVH
Fra:1 Mem:181.72M (Peak 284.05M) | Time:00:01.03 | Mem:6.56M, Peak:6.56M | Scene, ViewLayer | Updating Geometry BVH Cylinder.503 1509/1562 | Building BVH
Fra:1 Mem:181.72M (Peak 284.05M) | Time:00:01.03 | Mem:6.57M, Peak:6.57M | Scene, ViewLayer | Updating Geometry BVH Cylinder.502 1508/1562 | Building BVH
Fra:1 Mem:181.72M (Peak 284.05M) | Time:00:01.03 | Mem:6.57M, Peak:6.57M | Scene, ViewLayer | Updating Geometry BVH Cube.109 121/1562 | Building BVH
Fra:1 Mem:181.72M (Peak 284.05M) | Time:00:01.03 | Mem:6.57M, Peak:6.57M | Scene, ViewLayer | Updating Geometry BVH Cylinder.501 1507/1562 | Building BVH
Fra:1 Mem:181.72M (Peak 284.05M) | Time:00:01.03 | Mem:6.58M, Peak:6.58M | Scene, ViewLayer | Updating Geometry BVH Sphere.381 1506/1562 | Building BVH
Fra:1 Mem:181.72M (Peak 284.05M) | Time:00:01.03 | Mem:6.59M, Peak:6.59M | Scene, ViewLayer | Updating Geometry BVH Cube.111 123/1562 | Building BVH
Fra:1 Mem:181.72M (Peak 284.05M) | Time:00:01.03 | Mem:6.61M, Peak:6.61M | Scene, ViewLayer | Updating Geometry BVH Cube.112 124/1562 | Building BVH
Fra:1 Mem:181.72M (Peak 284.05M) | Time:00:01.03 | Mem:6.62M, Peak:6.63M | Scene, ViewLayer | Updating Geometry BVH Cube.114 126/1562 | Building BVH
Fra:1 Mem:181.72M (Peak 284.05M) | Time:00:01.03 | Mem:6.64M, Peak:6.65M | Scene, ViewLayer | Updating Geometry BVH Cube.115 127/1562 | Building BVH
Fra:1 Mem:181.72M (Peak 284.05M) | Time:00:01.03 | Mem:6.64M, Peak:6.65M | Scene, ViewLayer | Updating Geometry BVH Cube.116 128/1562 | Building BVH
Fra:1 Mem:181.72M (Peak 284.05M) | Time:00:01.03 | Mem:6.66M, Peak:6.66M | Scene, ViewLayer | Updating Geometry BVH Cube.117 129/1562 | Building BVH
Fra:1 Mem:181.72M (Peak 284.05M) | Time:00:01.03 | Mem:6.67M, Peak:6.68M | Scene, ViewLayer | Updating Geometry BVH Cube.119 131/1562 | Building BVH
Fra:1 Mem:181.72M (Peak 284.05M) | Time:00:01.03 | Mem:6.70M, Peak:6.70M | Scene, ViewLayer | Updating Geometry BVH Cube.120 132/1562 | Building BVH
Fra:1 Mem:181.72M (Peak 284.05M) | Time:00:01.03 | Mem:6.71M, Peak:6.71M | Scene, ViewLayer | Updating Geometry BVH Cube.122 134/1562 | Building BVH
Fra:1 Mem:181.72M (Peak 284.05M) | Time:00:01.03 | Mem:6.72M, Peak:6.72M | Scene, ViewLayer | Updating Geometry BVH Cube.123 135/1562 | Building BVH
Fra:1 Mem:181.72M (Peak 284.05M) | Time:00:01.03 | Mem:6.73M, Peak:6.73M | Scene, ViewLayer | Updating Geometry BVH Cube.124 136/1562 | Building BVH
Fra:1 Mem:181.72M (Peak 284.05M) | Time:00:01.03 | Mem:6.74M, Peak:6.74M | Scene, ViewLayer | Updating Geometry BVH Sphere.377 1502/1562 | Building BVH
Fra:1 Mem:181.72M (Peak 284.05M) | Time:00:01.03 | Mem:6.75M, Peak:6.75M | Scene, ViewLayer | Updating Geometry BVH Cube.126 138/1562 | Building BVH
Fra:1 Mem:181.72M (Peak 284.05M) | Time:00:01.03 | Mem:6.76M, Peak:6.76M | Scene, ViewLayer | Updating Geometry BVH Sphere.376 1501/1562 | Building BVH
Fra:1 Mem:181.72M (Peak 284.05M) | Time:00:01.03 | Mem:6.77M, Peak:6.78M | Scene, ViewLayer | Updating Geometry BVH Cube.128 140/1562 | Building BVH
Fra:1 Mem:181.72M (Peak 284.05M) | Time:00:01.03 | Mem:6.78M, Peak:6.78M | Scene, ViewLayer | Updating Geometry BVH Sphere.375 1500/1562 | Building BVH
Fra:1 Mem:181.72M (Peak 284.05M) | Time:00:01.03 | Mem:6.78M, Peak:6.78M | Scene, ViewLayer | Updating Geometry BVH Sphere.374 1499/1562 | Building BVH
Fra:1 Mem:181.72M (Peak 284.05M) | Time:00:01.03 | Mem:6.78M, Peak:6.78M | Scene, ViewLayer | Updating Geometry BVH Sphere.373 1498/1562 | Building BVH
Fra:1 Mem:181.72M (Peak 284.05M) | Time:00:01.03 | Mem:6.79M, Peak:6.80M | Scene, ViewLayer | Updating Geometry BVH Cube.129 141/1562 | Building BVH
Fra:1 Mem:181.72M (Peak 284.05M) | Time:00:01.03 | Mem:6.80M, Peak:6.80M | Scene, ViewLayer | Updating Geometry BVH Sphere.372 1497/1562 | Building BVH
Fra:1 Mem:181.72M (Peak 284.05M) | Time:00:01.03 | Mem:6.80M, Peak:6.80M | Scene, ViewLayer | Updating Geometry BVH Sphere.371 1496/1562 | Building BVH
Fra:1 Mem:181.72M (Peak 284.05M) | Time:00:01.03 | Mem:6.81M, Peak:6.81M | Scene, ViewLayer | Updating Geometry BVH Cube.130 142/1562 | Building BVH
Fra:1 Mem:181.72M (Peak 284.05M) | Time:00:01.03 | Mem:6.81M, Peak:6.81M | Scene, ViewLayer | Updating Geometry BVH Sphere.370 1495/1562 | Building BVH
Fra:1 Mem:181.72M (Peak 284.05M) | Time:00:01.03 | Mem:6.82M, Peak:6.82M | Scene, ViewLayer | Updating Geometry BVH Sphere.369 1494/1562 | Building BVH
Fra:1 Mem:181.72M (Peak 284.05M) | Time:00:01.03 | Mem:6.83M, Peak:6.83M | Scene, ViewLayer | Updating Geometry BVH Cube.131 143/1562 | Building BVH
Fra:1 Mem:181.72M (Peak 284.05M) | Time:00:01.03 | Mem:6.83M, Peak:6.83M | Scene, ViewLayer | Updating Geometry BVH Sphere.368 1493/1562 | Building BVH
Fra:1 Mem:181.72M (Peak 284.05M) | Time:00:01.03 | Mem:6.84M, Peak:6.84M | Scene, ViewLayer | Updating Geometry BVH Cube.132 144/1562 | Building BVH
Fra:1 Mem:181.72M (Peak 284.05M) | Time:00:01.03 | Mem:6.84M, Peak:6.84M | Scene, ViewLayer | Updating Geometry BVH Sphere.367 1492/1562 | Building BVH
Fra:1 Mem:181.72M (Peak 284.05M) | Time:00:01.03 | Mem:6.87M, Peak:6.87M | Scene, ViewLayer | Updating Geometry BVH Sphere.366 1491/1562 | Building BVH
Fra:1 Mem:181.72M (Peak 284.05M) | Time:00:01.03 | Mem:6.87M, Peak:6.87M | Scene, ViewLayer | Updating Geometry BVH Cube.134 146/1562 | Building BVH
Fra:1 Mem:181.72M (Peak 284.05M) | Time:00:01.03 | Mem:6.87M, Peak:6.87M | Scene, ViewLayer | Updating Geometry BVH Sphere.365 1490/1562 | Building BVH
Fra:1 Mem:181.72M (Peak 284.05M) | Time:00:01.03 | Mem:6.89M, Peak:6.89M | Scene, ViewLayer | Updating Geometry BVH Cube.135 147/1562 | Building BVH
Fra:1 Mem:181.72M (Peak 284.05M) | Time:00:01.03 | Mem:6.89M, Peak:6.89M | Scene, ViewLayer | Updating Geometry BVH Sphere.364 1489/1562 | Building BVH
Fra:1 Mem:181.72M (Peak 284.05M) | Time:00:01.03 | Mem:6.92M, Peak:6.92M | Scene, ViewLayer | Updating Geometry BVH Sphere.363 1488/1562 | Building BVH
Fra:1 Mem:181.72M (Peak 284.05M) | Time:00:01.03 | Mem:6.92M, Peak:6.92M | Scene, ViewLayer | Updating Geometry BVH Cube.138 150/1562 | Building BVH
Fra:1 Mem:181.72M (Peak 284.05M) | Time:00:01.03 | Mem:6.92M, Peak:6.92M | Scene, ViewLayer | Updating Geometry BVH Sphere.362 1487/1562 | Building BVH
Fra:1 Mem:181.72M (Peak 284.05M) | Time:00:01.03 | Mem:6.93M, Peak:6.93M | Scene, ViewLayer | Updating Geometry BVH Cube.139 151/1562 | Building BVH
Fra:1 Mem:181.72M (Peak 284.05M) | Time:00:01.03 | Mem:6.95M, Peak:6.95M | Scene, ViewLayer | Updating Geometry BVH Cube.140 152/1562 | Building BVH
Fra:1 Mem:181.72M (Peak 284.05M) | Time:00:01.03 | Mem:6.96M, Peak:6.96M | Scene, ViewLayer | Updating Geometry BVH Sphere.361 1486/1562 | Building BVH
Fra:1 Mem:181.72M (Peak 284.05M) | Time:00:01.03 | Mem:6.96M, Peak:6.96M | Scene, ViewLayer | Updating Geometry BVH Cube.142 154/1562 | Building BVH
Fra:1 Mem:181.72M (Peak 284.05M) | Time:00:01.03 | Mem:6.97M, Peak:6.97M | Scene, ViewLayer | Updating Geometry BVH Cube.143 155/1562 | Building BVH
Fra:1 Mem:181.72M (Peak 284.05M) | Time:00:01.03 | Mem:6.98M, Peak:6.98M | Scene, ViewLayer | Updating Geometry BVH Sphere.360 1485/1562 | Building BVH
Fra:1 Mem:181.72M (Peak 284.05M) | Time:00:01.03 | Mem:6.98M, Peak:6.99M | Scene, ViewLayer | Updating Geometry BVH Cube.144 156/1562 | Building BVH
Fra:1 Mem:181.72M (Peak 284.05M) | Time:00:01.03 | Mem:6.99M, Peak:7.00M | Scene, ViewLayer | Updating Geometry BVH Cube.145 157/1562 | Building BVH
Fra:1 Mem:181.72M (Peak 284.05M) | Time:00:01.03 | Mem:7.00M, Peak:7.00M | Scene, ViewLayer | Updating Geometry BVH Sphere.359 1484/1562 | Building BVH
Fra:1 Mem:181.72M (Peak 284.05M) | Time:00:01.03 | Mem:7.02M, Peak:7.02M | Scene, ViewLayer | Updating Geometry BVH Cube.146 158/1562 | Building BVH
Fra:1 Mem:181.72M (Peak 284.05M) | Time:00:01.03 | Mem:7.02M, Peak:7.02M | Scene, ViewLayer | Updating Geometry BVH Sphere.358 1483/1562 | Building BVH
Fra:1 Mem:181.72M (Peak 284.05M) | Time:00:01.04 | Mem:7.05M, Peak:7.05M | Scene, ViewLayer | Updating Geometry BVH Cube.148 160/1562 | Building BVH
Fra:1 Mem:181.72M (Peak 284.05M) | Time:00:01.04 | Mem:7.05M, Peak:7.06M | Scene, ViewLayer | Updating Geometry BVH Cube.150 162/1562 | Building BVH
Fra:1 Mem:181.72M (Peak 284.05M) | Time:00:01.04 | Mem:7.06M, Peak:7.07M | Scene, ViewLayer | Updating Geometry BVH Cube.151 163/1562 | Building BVH
Fra:1 Mem:181.72M (Peak 284.05M) | Time:00:01.04 | Mem:7.07M, Peak:7.07M | Scene, ViewLayer | Updating Geometry BVH Sphere.356 1481/1562 | Building BVH
Fra:1 Mem:181.72M (Peak 284.05M) | Time:00:01.04 | Mem:7.08M, Peak:7.08M | Scene, ViewLayer | Updating Geometry BVH Cube.152 164/1562 | Building BVH
Fra:1 Mem:181.72M (Peak 284.05M) | Time:00:01.04 | Mem:7.09M, Peak:7.09M | Scene, ViewLayer | Updating Geometry BVH Cube.153 165/1562 | Building BVH
Fra:1 Mem:181.72M (Peak 284.05M) | Time:00:01.04 | Mem:7.09M, Peak:7.09M | Scene, ViewLayer | Updating Geometry BVH Sphere.355 1480/1562 | Building BVH
Fra:1 Mem:181.72M (Peak 284.05M) | Time:00:01.04 | Mem:7.10M, Peak:7.11M | Scene, ViewLayer | Updating Geometry BVH Cube.154 166/1562 | Building BVH
Fra:1 Mem:181.72M (Peak 284.05M) | Time:00:01.04 | Mem:7.11M, Peak:7.11M | Scene, ViewLayer | Updating Geometry BVH Cube.155 167/1562 | Building BVH
Fra:1 Mem:181.72M (Peak 284.05M) | Time:00:01.04 | Mem:7.12M, Peak:7.12M | Scene, ViewLayer | Updating Geometry BVH Cube.156 168/1562 | Building BVH
Fra:1 Mem:181.72M (Peak 284.05M) | Time:00:01.04 | Mem:7.12M, Peak:7.12M | Scene, ViewLayer | Updating Geometry BVH Sphere.354 1479/1562 | Building BVH
Fra:1 Mem:181.72M (Peak 284.05M) | Time:00:01.04 | Mem:7.14M, Peak:7.15M | Scene, ViewLayer | Updating Geometry BVH Cube.157 169/1562 | Building BVH
Fra:1 Mem:181.72M (Peak 284.05M) | Time:00:01.04 | Mem:7.14M, Peak:7.15M | Scene, ViewLayer | Updating Geometry BVH Cube.158 170/1562 | Building BVH
Fra:1 Mem:181.72M (Peak 284.05M) | Time:00:01.04 | Mem:7.16M, Peak:7.17M | Scene, ViewLayer | Updating Geometry BVH Cube.160 172/1562 | Building BVH
Fra:1 Mem:181.72M (Peak 284.05M) | Time:00:01.04 | Mem:7.16M, Peak:7.17M | Scene, ViewLayer | Updating Geometry BVH Cube.159 171/1562 | Building BVH
Fra:1 Mem:181.72M (Peak 284.05M) | Time:00:01.04 | Mem:7.17M, Peak:7.17M | Scene, ViewLayer | Updating Geometry BVH Sphere.353 1478/1562 | Building BVH
Fra:1 Mem:181.72M (Peak 284.05M) | Time:00:01.04 | Mem:7.18M, Peak:7.18M | Scene, ViewLayer | Updating Geometry BVH Cube.161 173/1562 | Building BVH
Fra:1 Mem:181.72M (Peak 284.05M) | Time:00:01.04 | Mem:7.18M, Peak:7.18M | Scene, ViewLayer | Updating Geometry BVH Sphere.352 1477/1562 | Building BVH
Fra:1 Mem:181.72M (Peak 284.05M) | Time:00:01.04 | Mem:7.19M, Peak:7.19M | Scene, ViewLayer | Updating Geometry BVH Cube.162 174/1562 | Building BVH
Fra:1 Mem:181.72M (Peak 284.05M) | Time:00:01.04 | Mem:7.20M, Peak:7.20M | Scene, ViewLayer | Updating Geometry BVH Cube.163 175/1562 | Building BVH
Fra:1 Mem:181.72M (Peak 284.05M) | Time:00:01.04 | Mem:7.22M, Peak:7.22M | Scene, ViewLayer | Updating Geometry BVH Cube.164 176/1562 | Building BVH
Fra:1 Mem:181.72M (Peak 284.05M) | Time:00:01.04 | Mem:7.22M, Peak:7.23M | Scene, ViewLayer | Updating Geometry BVH Cube.165 177/1562 | Building BVH
Fra:1 Mem:181.72M (Peak 284.05M) | Time:00:01.04 | Mem:7.24M, Peak:7.24M | Scene, ViewLayer | Updating Geometry BVH Cube.166 178/1562 | Building BVH
Fra:1 Mem:181.72M (Peak 284.05M) | Time:00:01.04 | Mem:7.25M, Peak:7.25M | Scene, ViewLayer | Updating Geometry BVH Cube.168 180/1562 | Building BVH
Fra:1 Mem:181.72M (Peak 284.05M) | Time:00:01.04 | Mem:7.26M, Peak:7.26M | Scene, ViewLayer | Updating Geometry BVH Cube.169 181/1562 | Building BVH
Fra:1 Mem:181.72M (Peak 284.05M) | Time:00:01.04 | Mem:7.27M, Peak:7.27M | Scene, ViewLayer | Updating Geometry BVH Cube.170 182/1562 | Building BVH
Fra:1 Mem:181.72M (Peak 284.05M) | Time:00:01.04 | Mem:7.28M, Peak:7.29M | Scene, ViewLayer | Updating Geometry BVH Sphere.350 1475/1562 | Building BVH
Fra:1 Mem:181.72M (Peak 284.05M) | Time:00:01.04 | Mem:7.28M, Peak:7.29M | Scene, ViewLayer | Updating Geometry BVH Cube.171 183/1562 | Building BVH
Fra:1 Mem:181.72M (Peak 284.05M) | Time:00:01.04 | Mem:7.29M, Peak:7.29M | Scene, ViewLayer | Updating Geometry BVH Sphere.349 1474/1562 | Building BVH
Fra:1 Mem:181.72M (Peak 284.05M) | Time:00:01.04 | Mem:7.31M, Peak:7.31M | Scene, ViewLayer | Updating Geometry BVH Cube.173 185/1562 | Building BVH
Fra:1 Mem:181.72M (Peak 284.05M) | Time:00:01.04 | Mem:7.31M, Peak:7.31M | Scene, ViewLayer | Updating Geometry BVH Sphere.348 1473/1562 | Building BVH
Fra:1 Mem:181.72M (Peak 284.05M) | Time:00:01.04 | Mem:7.32M, Peak:7.32M | Scene, ViewLayer | Updating Geometry BVH Cube.174 186/1562 | Building BVH
Fra:1 Mem:181.72M (Peak 284.05M) | Time:00:01.04 | Mem:7.33M, Peak:7.33M | Scene, ViewLayer | Updating Geometry BVH Cube.175 187/1562 | Building BVH
Fra:1 Mem:181.72M (Peak 284.05M) | Time:00:01.04 | Mem:7.34M, Peak:7.34M | Scene, ViewLayer | Updating Geometry BVH Cube.176 188/1562 | Building BVH
Fra:1 Mem:181.72M (Peak 284.05M) | Time:00:01.04 | Mem:7.35M, Peak:7.35M | Scene, ViewLayer | Updating Geometry BVH Cube.177 189/1562 | Building BVH
Fra:1 Mem:181.72M (Peak 284.05M) | Time:00:01.04 | Mem:7.36M, Peak:7.36M | Scene, ViewLayer | Updating Geometry BVH Sphere.347 1472/1562 | Building BVH
Fra:1 Mem:181.72M (Peak 284.05M) | Time:00:01.04 | Mem:7.36M, Peak:7.37M | Scene, ViewLayer | Updating Geometry BVH Cube.178 190/1562 | Building BVH
Fra:1 Mem:181.72M (Peak 284.05M) | Time:00:01.04 | Mem:7.37M, Peak:7.38M | Scene, ViewLayer | Updating Geometry BVH Cube.179 191/1562 | Building BVH
Fra:1 Mem:181.72M (Peak 284.05M) | Time:00:01.04 | Mem:7.38M, Peak:7.38M | Scene, ViewLayer | Updating Geometry BVH Sphere.346 1471/1562 | Building BVH
Fra:1 Mem:181.72M (Peak 284.05M) | Time:00:01.04 | Mem:7.40M, Peak:7.40M | Scene, ViewLayer | Updating Geometry BVH Cube.180 192/1562 | Building BVH
Fra:1 Mem:181.72M (Peak 284.05M) | Time:00:01.04 | Mem:7.40M, Peak:7.40M | Scene, ViewLayer | Updating Geometry BVH Sphere.345 1470/1562 | Building BVH
Fra:1 Mem:181.72M (Peak 284.05M) | Time:00:01.04 | Mem:7.41M, Peak:7.41M | Scene, ViewLayer | Updating Geometry BVH Cube.182 194/1562 | Building BVH
Fra:1 Mem:181.72M (Peak 284.05M) | Time:00:01.04 | Mem:7.42M, Peak:7.42M | Scene, ViewLayer | Updating Geometry BVH Cube.183 195/1562 | Building BVH
Fra:1 Mem:181.72M (Peak 284.05M) | Time:00:01.04 | Mem:7.42M, Peak:7.42M | Scene, ViewLayer | Updating Geometry BVH Sphere.344 1469/1562 | Building BVH
Fra:1 Mem:181.72M (Peak 284.05M) | Time:00:01.04 | Mem:7.43M, Peak:7.44M | Scene, ViewLayer | Updating Geometry BVH Cube.184 196/1562 | Building BVH
Fra:1 Mem:181.72M (Peak 284.05M) | Time:00:01.04 | Mem:7.44M, Peak:7.44M | Scene, ViewLayer | Updating Geometry BVH Sphere.343 1468/1562 | Building BVH
Fra:1 Mem:181.72M (Peak 284.05M) | Time:00:01.04 | Mem:7.45M, Peak:7.45M | Scene, ViewLayer | Updating Geometry BVH Cube.185 197/1562 | Building BVH
Fra:1 Mem:181.72M (Peak 284.05M) | Time:00:01.04 | Mem:7.46M, Peak:7.46M | Scene, ViewLayer | Updating Geometry BVH Cube.186 198/1562 | Building BVH
Fra:1 Mem:181.72M (Peak 284.05M) | Time:00:01.04 | Mem:7.48M, Peak:7.48M | Scene, ViewLayer | Updating Geometry BVH Cube.187 199/1562 | Building BVH
Fra:1 Mem:181.72M (Peak 284.05M) | Time:00:01.04 | Mem:7.48M, Peak:7.48M | Scene, ViewLayer | Updating Geometry BVH Cube.188 200/1562 | Building BVH
Fra:1 Mem:181.72M (Peak 284.05M) | Time:00:01.04 | Mem:7.50M, Peak:7.50M | Scene, ViewLayer | Updating Geometry BVH Cube.189 201/1562 | Building BVH
Fra:1 Mem:181.72M (Peak 284.05M) | Time:00:01.04 | Mem:7.51M, Peak:7.51M | Scene, ViewLayer | Updating Geometry BVH Cube.191 203/1562 | Building BVH
Fra:1 Mem:181.72M (Peak 284.05M) | Time:00:01.04 | Mem:7.53M, Peak:7.53M | Scene, ViewLayer | Updating Geometry BVH Cube.192 204/1562 | Building BVH
Fra:1 Mem:181.72M (Peak 284.05M) | Time:00:01.04 | Mem:7.53M, Peak:7.53M | Scene, ViewLayer | Updating Geometry BVH Cube.193 205/1562 | Building BVH
Fra:1 Mem:181.72M (Peak 284.05M) | Time:00:01.04 | Mem:7.55M, Peak:7.55M | Scene, ViewLayer | Updating Geometry BVH Sphere.342 1467/1562 | Building BVH
Fra:1 Mem:181.72M (Peak 284.05M) | Time:00:01.04 | Mem:7.56M, Peak:7.56M | Scene, ViewLayer | Updating Geometry BVH Cube.195 207/1562 | Building BVH
Fra:1 Mem:181.72M (Peak 284.05M) | Time:00:01.04 | Mem:7.56M, Peak:7.56M | Scene, ViewLayer | Updating Geometry BVH Cube.196 208/1562 | Building BVH
Fra:1 Mem:181.72M (Peak 284.05M) | Time:00:01.04 | Mem:7.56M, Peak:7.56M | Scene, ViewLayer | Updating Geometry BVH Sphere.341 1466/1562 | Building BVH
Fra:1 Mem:181.72M (Peak 284.05M) | Time:00:01.04 | Mem:7.58M, Peak:7.58M | Scene, ViewLayer | Updating Geometry BVH Cube.197 209/1562 | Building BVH
Fra:1 Mem:181.72M (Peak 284.05M) | Time:00:01.04 | Mem:7.58M, Peak:7.58M | Scene, ViewLayer | Updating Geometry BVH Cube.198 210/1562 | Building BVH
Fra:1 Mem:181.72M (Peak 284.05M) | Time:00:01.04 | Mem:7.60M, Peak:7.60M | Scene, ViewLayer | Updating Geometry BVH Cube.199 211/1562 | Building BVH
Fra:1 Mem:181.72M (Peak 284.05M) | Time:00:01.04 | Mem:7.60M, Peak:7.61M | Scene, ViewLayer | Updating Geometry BVH Cube.200 212/1562 | Building BVH
Fra:1 Mem:181.72M (Peak 284.05M) | Time:00:01.04 | Mem:7.61M, Peak:7.62M | Scene, ViewLayer | Updating Geometry BVH Cube.201 213/1562 | Building BVH
Fra:1 Mem:181.72M (Peak 284.05M) | Time:00:01.04 | Mem:7.64M, Peak:7.64M | Scene, ViewLayer | Updating Geometry BVH Cube.202 214/1562 | Building BVH
Fra:1 Mem:181.72M (Peak 284.05M) | Time:00:01.04 | Mem:7.63M, Peak:7.64M | Scene, ViewLayer | Updating Geometry BVH Cube.203 215/1562 | Building BVH
Fra:1 Mem:181.72M (Peak 284.05M) | Time:00:01.04 | Mem:7.65M, Peak:7.65M | Scene, ViewLayer | Updating Geometry BVH Sphere.339 1464/1562 | Building BVH
Fra:1 Mem:181.72M (Peak 284.05M) | Time:00:01.04 | Mem:7.66M, Peak:7.66M | Scene, ViewLayer | Updating Geometry BVH Cube.205 217/1562 | Building BVH
Fra:1 Mem:181.72M (Peak 284.05M) | Time:00:01.04 | Mem:7.67M, Peak:7.67M | Scene, ViewLayer | Updating Geometry BVH Sphere.338 1463/1562 | Building BVH
Fra:1 Mem:181.72M (Peak 284.05M) | Time:00:01.04 | Mem:7.67M, Peak:7.67M | Scene, ViewLayer | Updating Geometry BVH Cube.206 218/1562 | Building BVH
Fra:1 Mem:181.72M (Peak 284.05M) | Time:00:01.04 | Mem:7.67M, Peak:7.67M | Scene, ViewLayer | Updating Geometry BVH Sphere.337 1462/1562 | Building BVH
Fra:1 Mem:181.72M (Peak 284.05M) | Time:00:01.04 | Mem:7.68M, Peak:7.69M | Scene, ViewLayer | Updating Geometry BVH Cube.207 219/1562 | Building BVH
Fra:1 Mem:181.72M (Peak 284.05M) | Time:00:01.04 | Mem:7.69M, Peak:7.70M | Scene, ViewLayer | Updating Geometry BVH Cube.208 220/1562 | Building BVH
Fra:1 Mem:181.72M (Peak 284.05M) | Time:00:01.04 | Mem:7.72M, Peak:7.72M | Scene, ViewLayer | Updating Geometry BVH Cube.209 221/1562 | Building BVH
Fra:1 Mem:181.72M (Peak 284.05M) | Time:00:01.04 | Mem:7.71M, Peak:7.72M | Scene, ViewLayer | Updating Geometry BVH Cube.210 222/1562 | Building BVH
Fra:1 Mem:181.72M (Peak 284.05M) | Time:00:01.04 | Mem:7.72M, Peak:7.73M | Scene, ViewLayer | Updating Geometry BVH Cube.211 223/1562 | Building BVH
Fra:1 Mem:181.72M (Peak 284.05M) | Time:00:01.04 | Mem:7.74M, Peak:7.74M | Scene, ViewLayer | Updating Geometry BVH Cube.212 224/1562 | Building BVH
Fra:1 Mem:181.72M (Peak 284.05M) | Time:00:01.04 | Mem:7.75M, Peak:7.76M | Scene, ViewLayer | Updating Geometry BVH Cube.214 226/1562 | Building BVH
Fra:1 Mem:181.72M (Peak 284.05M) | Time:00:01.04 | Mem:7.76M, Peak:7.76M | Scene, ViewLayer | Updating Geometry BVH Sphere.336 1461/1562 | Building BVH
Fra:1 Mem:181.72M (Peak 284.05M) | Time:00:01.04 | Mem:7.77M, Peak:7.77M | Scene, ViewLayer | Updating Geometry BVH Cube.215 227/1562 | Building BVH
Fra:1 Mem:181.72M (Peak 284.05M) | Time:00:01.04 | Mem:7.78M, Peak:7.78M | Scene, ViewLayer | Updating Geometry BVH Cube.216 228/1562 | Building BVH
Fra:1 Mem:181.72M (Peak 284.05M) | Time:00:01.04 | Mem:7.79M, Peak:7.79M | Scene, ViewLayer | Updating Geometry BVH Cube.217 229/1562 | Building BVH
Fra:1 Mem:181.72M (Peak 284.05M) | Time:00:01.04 | Mem:7.80M, Peak:7.80M | Scene, ViewLayer | Updating Geometry BVH Cube.218 230/1562 | Building BVH
Fra:1 Mem:181.72M (Peak 284.05M) | Time:00:01.04 | Mem:7.80M, Peak:7.80M | Scene, ViewLayer | Updating Geometry BVH Sphere.335 1460/1562 | Building BVH
Fra:1 Mem:181.72M (Peak 284.05M) | Time:00:01.04 | Mem:7.81M, Peak:7.81M | Scene, ViewLayer | Updating Geometry BVH Cube.219 231/1562 | Building BVH
Fra:1 Mem:181.72M (Peak 284.05M) | Time:00:01.04 | Mem:7.82M, Peak:7.82M | Scene, ViewLayer | Updating Geometry BVH Sphere.334 1459/1562 | Building BVH
Fra:1 Mem:181.72M (Peak 284.05M) | Time:00:01.04 | Mem:7.83M, Peak:7.84M | Scene, ViewLayer | Updating Geometry BVH Cube.221 233/1562 | Building BVH
Fra:1 Mem:181.72M (Peak 284.05M) | Time:00:01.04 | Mem:7.84M, Peak:7.84M | Scene, ViewLayer | Updating Geometry BVH Sphere.333 1458/1562 | Building BVH
Fra:1 Mem:181.72M (Peak 284.05M) | Time:00:01.04 | Mem:7.84M, Peak:7.84M | Scene, ViewLayer | Updating Geometry BVH Sphere.332 1457/1562 | Building BVH
Fra:1 Mem:181.72M (Peak 284.05M) | Time:00:01.04 | Mem:7.85M, Peak:7.85M | Scene, ViewLayer | Updating Geometry BVH Cube.222 234/1562 | Building BVH
Fra:1 Mem:181.72M (Peak 284.05M) | Time:00:01.04 | Mem:7.86M, Peak:7.86M | Scene, ViewLayer | Updating Geometry BVH Cube.223 235/1562 | Building BVH
Fra:1 Mem:181.72M (Peak 284.05M) | Time:00:01.04 | Mem:7.86M, Peak:7.86M | Scene, ViewLayer | Updating Geometry BVH Sphere.331 1456/1562 | Building BVH
Fra:1 Mem:181.72M (Peak 284.05M) | Time:00:01.04 | Mem:7.87M, Peak:7.87M | Scene, ViewLayer | Updating Geometry BVH Cube.224 236/1562 | Building BVH
Fra:1 Mem:181.72M (Peak 284.05M) | Time:00:01.04 | Mem:7.88M, Peak:7.88M | Scene, ViewLayer | Updating Geometry BVH Cube.225 237/1562 | Building BVH
Fra:1 Mem:181.72M (Peak 284.05M) | Time:00:01.04 | Mem:7.89M, Peak:7.89M | Scene, ViewLayer | Updating Geometry BVH Cube.226 238/1562 | Building BVH
Fra:1 Mem:181.72M (Peak 284.05M) | Time:00:01.04 | Mem:7.91M, Peak:7.91M | Scene, ViewLayer | Updating Geometry BVH Sphere.330 1455/1562 | Building BVH
Fra:1 Mem:181.72M (Peak 284.05M) | Time:00:01.04 | Mem:7.92M, Peak:7.93M | Scene, ViewLayer | Updating Geometry BVH Cube.229 241/1562 | Building BVH
Fra:1 Mem:181.72M (Peak 284.05M) | Time:00:01.04 | Mem:7.93M, Peak:7.93M | Scene, ViewLayer | Updating Geometry BVH Sphere.329 1454/1562 | Building BVH
Fra:1 Mem:181.72M (Peak 284.05M) | Time:00:01.04 | Mem:7.94M, Peak:7.94M | Scene, ViewLayer | Updating Geometry BVH Cube.230 242/1562 | Building BVH
Fra:1 Mem:181.72M (Peak 284.05M) | Time:00:01.04 | Mem:7.95M, Peak:7.95M | Scene, ViewLayer | Updating Geometry BVH Cube.231 243/1562 | Building BVH
Fra:1 Mem:181.72M (Peak 284.05M) | Time:00:01.04 | Mem:7.95M, Peak:7.95M | Scene, ViewLayer | Updating Geometry BVH Sphere.328 1453/1562 | Building BVH
Fra:1 Mem:181.72M (Peak 284.05M) | Time:00:01.04 | Mem:7.95M, Peak:7.95M | Scene, ViewLayer | Updating Geometry BVH Sphere.327 1452/1562 | Building BVH
Fra:1 Mem:181.72M (Peak 284.05M) | Time:00:01.04 | Mem:7.96M, Peak:7.97M | Scene, ViewLayer | Updating Geometry BVH Cube.232 244/1562 | Building BVH
Fra:1 Mem:181.72M (Peak 284.05M) | Time:00:01.04 | Mem:7.97M, Peak:7.97M | Scene, ViewLayer | Updating Geometry BVH Sphere.326 1451/1562 | Building BVH
Fra:1 Mem:181.72M (Peak 284.05M) | Time:00:01.04 | Mem:7.98M, Peak:7.98M | Scene, ViewLayer | Updating Geometry BVH Cube.233 245/1562 | Building BVH
Fra:1 Mem:181.72M (Peak 284.05M) | Time:00:01.04 | Mem:7.98M, Peak:7.98M | Scene, ViewLayer | Updating Geometry BVH Sphere.325 1450/1562 | Building BVH
Fra:1 Mem:181.72M (Peak 284.05M) | Time:00:01.04 | Mem:7.99M, Peak:7.99M | Scene, ViewLayer | Updating Geometry BVH Cube.234 246/1562 | Building BVH
Fra:1 Mem:181.72M (Peak 284.05M) | Time:00:01.04 | Mem:7.99M, Peak:7.99M | Scene, ViewLayer | Updating Geometry BVH Sphere.324 1449/1562 | Building BVH
Fra:1 Mem:181.72M (Peak 284.05M) | Time:00:01.04 | Mem:8.00M, Peak:8.00M | Scene, ViewLayer | Updating Geometry BVH Sphere.323 1448/1562 | Building BVH
Fra:1 Mem:181.72M (Peak 284.05M) | Time:00:01.04 | Mem:8.00M, Peak:8.00M | Scene, ViewLayer | Updating Geometry BVH Sphere.322 1447/1562 | Building BVH
Fra:1 Mem:181.72M (Peak 284.05M) | Time:00:01.04 | Mem:8.02M, Peak:8.02M | Scene, ViewLayer | Updating Geometry BVH Cube.235 247/1562 | Building BVH
Fra:1 Mem:181.72M (Peak 284.05M) | Time:00:01.04 | Mem:8.02M, Peak:8.02M | Scene, ViewLayer | Updating Geometry BVH Cube.236 248/1562 | Building BVH
Fra:1 Mem:181.72M (Peak 284.05M) | Time:00:01.04 | Mem:8.02M, Peak:8.02M | Scene, ViewLayer | Updating Geometry BVH Cylinder.500 1446/1562 | Building BVH
Fra:1 Mem:181.72M (Peak 284.05M) | Time:00:01.04 | Mem:8.03M, Peak:8.04M | Scene, ViewLayer | Updating Geometry BVH Cube.237 249/1562 | Building BVH
Fra:1 Mem:181.72M (Peak 284.05M) | Time:00:01.04 | Mem:8.04M, Peak:8.05M | Scene, ViewLayer | Updating Geometry BVH Cube.238 250/1562 | Building BVH
Fra:1 Mem:181.72M (Peak 284.05M) | Time:00:01.04 | Mem:8.05M, Peak:8.06M | Scene, ViewLayer | Updating Geometry BVH Cube.239 251/1562 | Building BVH
Fra:1 Mem:181.72M (Peak 284.05M) | Time:00:01.04 | Mem:8.06M, Peak:8.07M | Scene, ViewLayer | Updating Geometry BVH Cube.240 252/1562 | Building BVH
Fra:1 Mem:181.72M (Peak 284.05M) | Time:00:01.04 | Mem:8.07M, Peak:8.08M | Scene, ViewLayer | Updating Geometry BVH Cube.241 253/1562 | Building BVH
Fra:1 Mem:181.72M (Peak 284.05M) | Time:00:01.04 | Mem:8.08M, Peak:8.09M | Scene, ViewLayer | Updating Geometry BVH Cube.242 254/1562 | Building BVH
Fra:1 Mem:181.72M (Peak 284.05M) | Time:00:01.04 | Mem:8.09M, Peak:8.09M | Scene, ViewLayer | Updating Geometry BVH Cylinder.498 1444/1562 | Building BVH
Fra:1 Mem:181.72M (Peak 284.05M) | Time:00:01.04 | Mem:8.10M, Peak:8.11M | Scene, ViewLayer | Updating Geometry BVH Cube.244 256/1562 | Building BVH
Fra:1 Mem:181.72M (Peak 284.05M) | Time:00:01.04 | Mem:8.12M, Peak:8.12M | Scene, ViewLayer | Updating Geometry BVH Cube.245 257/1562 | Building BVH
Fra:1 Mem:181.72M (Peak 284.05M) | Time:00:01.04 | Mem:8.13M, Peak:8.13M | Scene, ViewLayer | Updating Geometry BVH Cube.246 258/1562 | Building BVH
Fra:1 Mem:181.72M (Peak 284.05M) | Time:00:01.04 | Mem:8.13M, Peak:8.14M | Scene, ViewLayer | Updating Geometry BVH Cube.247 259/1562 | Building BVH
Fra:1 Mem:181.72M (Peak 284.05M) | Time:00:01.04 | Mem:8.13M, Peak:8.14M | Scene, ViewLayer | Updating Geometry BVH Cylinder.497 1443/1562 | Building BVH
Fra:1 Mem:181.72M (Peak 284.05M) | Time:00:01.04 | Mem:8.16M, Peak:8.16M | Scene, ViewLayer | Updating Geometry BVH Cube.248 260/1562 | Building BVH
Fra:1 Mem:181.72M (Peak 284.05M) | Time:00:01.04 | Mem:8.16M, Peak:8.16M | Scene, ViewLayer | Updating Geometry BVH Cube.249 261/1562 | Building BVH
Fra:1 Mem:181.72M (Peak 284.05M) | Time:00:01.04 | Mem:8.17M, Peak:8.17M | Scene, ViewLayer | Updating Geometry BVH Cube.250 262/1562 | Building BVH
Fra:1 Mem:181.72M (Peak 284.05M) | Time:00:01.04 | Mem:8.18M, Peak:8.18M | Scene, ViewLayer | Updating Geometry BVH Cube.251 263/1562 | Building BVH
Fra:1 Mem:181.72M (Peak 284.05M) | Time:00:01.04 | Mem:8.19M, Peak:8.19M | Scene, ViewLayer | Updating Geometry BVH Cube.252 264/1562 | Building BVH
Fra:1 Mem:181.72M (Peak 284.05M) | Time:00:01.04 | Mem:8.20M, Peak:8.20M | Scene, ViewLayer | Updating Geometry BVH Cube.253 265/1562 | Building BVH
Fra:1 Mem:181.72M (Peak 284.05M) | Time:00:01.04 | Mem:8.21M, Peak:8.21M | Scene, ViewLayer | Updating Geometry BVH Cube.254 266/1562 | Building BVH
Fra:1 Mem:181.72M (Peak 284.05M) | Time:00:01.04 | Mem:8.22M, Peak:8.22M | Scene, ViewLayer | Updating Geometry BVH Cube.255 267/1562 | Building BVH
Fra:1 Mem:181.72M (Peak 284.05M) | Time:00:01.04 | Mem:8.23M, Peak:8.23M | Scene, ViewLayer | Updating Geometry BVH Cube.256 268/1562 | Building BVH
Fra:1 Mem:181.72M (Peak 284.05M) | Time:00:01.04 | Mem:8.24M, Peak:8.24M | Scene, ViewLayer | Updating Geometry BVH Cube.257 269/1562 | Building BVH
Fra:1 Mem:181.72M (Peak 284.05M) | Time:00:01.04 | Mem:8.25M, Peak:8.25M | Scene, ViewLayer | Updating Geometry BVH Cube.258 270/1562 | Building BVH
Fra:1 Mem:181.72M (Peak 284.05M) | Time:00:01.04 | Mem:8.26M, Peak:8.26M | Scene, ViewLayer | Updating Geometry BVH Cube.259 271/1562 | Building BVH
Fra:1 Mem:181.72M (Peak 284.05M) | Time:00:01.04 | Mem:8.26M, Peak:8.26M | Scene, ViewLayer | Updating Geometry BVH Cylinder.494 1440/1562 | Building BVH
Fra:1 Mem:181.72M (Peak 284.05M) | Time:00:01.05 | Mem:8.27M, Peak:8.27M | Scene, ViewLayer | Updating Geometry BVH Cube.260 272/1562 | Building BVH
Fra:1 Mem:181.72M (Peak 284.05M) | Time:00:01.05 | Mem:8.28M, Peak:8.28M | Scene, ViewLayer | Updating Geometry BVH Cube.261 273/1562 | Building BVH
Fra:1 Mem:181.72M (Peak 284.05M) | Time:00:01.05 | Mem:8.30M, Peak:8.30M | Scene, ViewLayer | Updating Geometry BVH Cube.262 274/1562 | Building BVH
Fra:1 Mem:181.72M (Peak 284.05M) | Time:00:01.05 | Mem:8.31M, Peak:8.31M | Scene, ViewLayer | Updating Geometry BVH Cube.264 276/1562 | Building BVH
Fra:1 Mem:181.72M (Peak 284.05M) | Time:00:01.05 | Mem:8.33M, Peak:8.33M | Scene, ViewLayer | Updating Geometry BVH Cube.266 278/1562 | Building BVH
Fra:1 Mem:181.72M (Peak 284.05M) | Time:00:01.05 | Mem:8.35M, Peak:8.35M | Scene, ViewLayer | Updating Geometry BVH Cylinder.492 1438/1562 | Building BVH
Fra:1 Mem:181.72M (Peak 284.05M) | Time:00:01.05 | Mem:8.36M, Peak:8.36M | Scene, ViewLayer | Updating Geometry BVH Cube.268 280/1562 | Building BVH
Fra:1 Mem:181.72M (Peak 284.05M) | Time:00:01.05 | Mem:8.36M, Peak:8.36M | Scene, ViewLayer | Updating Geometry BVH Cube.269 281/1562 | Building BVH
Fra:1 Mem:181.72M (Peak 284.05M) | Time:00:01.05 | Mem:8.36M, Peak:8.36M | Scene, ViewLayer | Updating Geometry BVH Cylinder.491 1437/1562 | Building BVH
Fra:1 Mem:181.72M (Peak 284.05M) | Time:00:01.05 | Mem:8.37M, Peak:8.37M | Scene, ViewLayer | Updating Geometry BVH Cube.270 282/1562 | Building BVH
Fra:1 Mem:181.72M (Peak 284.05M) | Time:00:01.05 | Mem:8.38M, Peak:8.38M | Scene, ViewLayer | Updating Geometry BVH Cube.271 283/1562 | Building BVH
Fra:1 Mem:181.72M (Peak 284.05M) | Time:00:01.05 | Mem:8.39M, Peak:8.39M | Scene, ViewLayer | Updating Geometry BVH Cube.272 284/1562 | Building BVH
Fra:1 Mem:181.72M (Peak 284.05M) | Time:00:01.05 | Mem:8.40M, Peak:8.40M | Scene, ViewLayer | Updating Geometry BVH Sphere.321 1436/1562 | Building BVH
Fra:1 Mem:181.72M (Peak 284.05M) | Time:00:01.05 | Mem:8.40M, Peak:8.40M | Scene, ViewLayer | Updating Geometry BVH Cube.273 285/1562 | Building BVH
Fra:1 Mem:181.72M (Peak 284.05M) | Time:00:01.05 | Mem:8.41M, Peak:8.41M | Scene, ViewLayer | Updating Geometry BVH Cube.274 286/1562 | Building BVH
Fra:1 Mem:181.72M (Peak 284.05M) | Time:00:01.05 | Mem:8.43M, Peak:8.43M | Scene, ViewLayer | Updating Geometry BVH Sphere.320 1435/1562 | Building BVH
Fra:1 Mem:181.72M (Peak 284.05M) | Time:00:01.05 | Mem:8.43M, Peak:8.44M | Scene, ViewLayer | Updating Geometry BVH Cube.276 288/1562 | Building BVH
Fra:1 Mem:181.72M (Peak 284.05M) | Time:00:01.05 | Mem:8.44M, Peak:8.45M | Scene, ViewLayer | Updating Geometry BVH Cube.277 289/1562 | Building BVH
Fra:1 Mem:181.72M (Peak 284.05M) | Time:00:01.05 | Mem:8.45M, Peak:8.45M | Scene, ViewLayer | Updating Geometry BVH Sphere.319 1434/1562 | Building BVH
Fra:1 Mem:181.72M (Peak 284.05M) | Time:00:01.05 | Mem:8.46M, Peak:8.46M | Scene, ViewLayer | Updating Geometry BVH Cube.278 290/1562 | Building BVH
Fra:1 Mem:181.72M (Peak 284.05M) | Time:00:01.05 | Mem:8.46M, Peak:8.46M | Scene, ViewLayer | Updating Geometry BVH Sphere.318 1433/1562 | Building BVH
Fra:1 Mem:181.72M (Peak 284.05M) | Time:00:01.05 | Mem:8.46M, Peak:8.46M | Scene, ViewLayer | Updating Geometry BVH Sphere.317 1432/1562 | Building BVH
Fra:1 Mem:181.72M (Peak 284.05M) | Time:00:01.05 | Mem:8.47M, Peak:8.48M | Scene, ViewLayer | Updating Geometry BVH Cube.279 291/1562 | Building BVH
Fra:1 Mem:181.72M (Peak 284.05M) | Time:00:01.05 | Mem:8.49M, Peak:8.50M | Scene, ViewLayer | Updating Geometry BVH Cube.281 293/1562 | Building BVH
Fra:1 Mem:181.72M (Peak 284.05M) | Time:00:01.05 | Mem:8.51M, Peak:8.51M | Scene, ViewLayer | Updating Geometry BVH Cube.282 294/1562 | Building BVH
Fra:1 Mem:181.72M (Peak 284.05M) | Time:00:01.05 | Mem:8.52M, Peak:8.52M | Scene, ViewLayer | Updating Geometry BVH Sphere.315 1430/1562 | Building BVH
Fra:1 Mem:181.72M (Peak 284.05M) | Time:00:01.05 | Mem:8.52M, Peak:8.52M | Scene, ViewLayer | Updating Geometry BVH Cube.283 295/1562 | Building BVH
Fra:1 Mem:181.72M (Peak 284.05M) | Time:00:01.05 | Mem:8.53M, Peak:8.53M | Scene, ViewLayer | Updating Geometry BVH Cube.284 296/1562 | Building BVH
Fra:1 Mem:181.72M (Peak 284.05M) | Time:00:01.05 | Mem:8.55M, Peak:8.55M | Scene, ViewLayer | Updating Geometry BVH Cube.285 297/1562 | Building BVH
Fra:1 Mem:181.72M (Peak 284.05M) | Time:00:01.05 | Mem:8.55M, Peak:8.55M | Scene, ViewLayer | Updating Geometry BVH Cube.286 298/1562 | Building BVH
Fra:1 Mem:181.72M (Peak 284.05M) | Time:00:01.05 | Mem:8.56M, Peak:8.57M | Scene, ViewLayer | Updating Geometry BVH Cube.287 299/1562 | Building BVH
Fra:1 Mem:181.72M (Peak 284.05M) | Time:00:01.05 | Mem:8.57M, Peak:8.58M | Scene, ViewLayer | Updating Geometry BVH Cube.288 300/1562 | Building BVH
Fra:1 Mem:181.72M (Peak 284.05M) | Time:00:01.05 | Mem:8.58M, Peak:8.58M | Scene, ViewLayer | Updating Geometry BVH Sphere.312 1427/1562 | Building BVH
Fra:1 Mem:181.72M (Peak 284.05M) | Time:00:01.05 | Mem:8.58M, Peak:8.58M | Scene, ViewLayer | Updating Geometry BVH Sphere.311 1426/1562 | Building BVH
Fra:1 Mem:181.72M (Peak 284.05M) | Time:00:01.05 | Mem:8.60M, Peak:8.60M | Scene, ViewLayer | Updating Geometry BVH Cube.289 301/1562 | Building BVH
Fra:1 Mem:181.72M (Peak 284.05M) | Time:00:01.05 | Mem:8.60M, Peak:8.61M | Scene, ViewLayer | Updating Geometry BVH Cube.290 302/1562 | Building BVH
Fra:1 Mem:181.72M (Peak 284.05M) | Time:00:01.05 | Mem:8.62M, Peak:8.62M | Scene, ViewLayer | Updating Geometry BVH Sphere.309 1424/1562 | Building BVH
Fra:1 Mem:181.72M (Peak 284.05M) | Time:00:01.05 | Mem:8.63M, Peak:8.63M | Scene, ViewLayer | Updating Geometry BVH Cube.292 304/1562 | Building BVH
Fra:1 Mem:181.72M (Peak 284.05M) | Time:00:01.05 | Mem:8.63M, Peak:8.63M | Scene, ViewLayer | Updating Geometry BVH Sphere.308 1423/1562 | Building BVH
Fra:1 Mem:181.72M (Peak 284.05M) | Time:00:01.05 | Mem:8.63M, Peak:8.63M | Scene, ViewLayer | Updating Geometry BVH Sphere.307 1422/1562 | Building BVH
Fra:1 Mem:181.72M (Peak 284.05M) | Time:00:01.05 | Mem:8.64M, Peak:8.64M | Scene, ViewLayer | Updating Geometry BVH Sphere.306 1421/1562 | Building BVH
Fra:1 Mem:181.72M (Peak 284.05M) | Time:00:01.05 | Mem:8.64M, Peak:8.64M | Scene, ViewLayer | Updating Geometry BVH Sphere.305 1420/1562 | Building BVH
Fra:1 Mem:181.72M (Peak 284.05M) | Time:00:01.05 | Mem:8.65M, Peak:8.65M | Scene, ViewLayer | Updating Geometry BVH Cube.293 305/1562 | Building BVH
Fra:1 Mem:181.72M (Peak 284.05M) | Time:00:01.05 | Mem:8.66M, Peak:8.66M | Scene, ViewLayer | Updating Geometry BVH Cube.294 306/1562 | Building BVH
Fra:1 Mem:181.72M (Peak 284.05M) | Time:00:01.05 | Mem:8.67M, Peak:8.67M | Scene, ViewLayer | Updating Geometry BVH Sphere.304 1419/1562 | Building BVH
Fra:1 Mem:181.72M (Peak 284.05M) | Time:00:01.05 | Mem:8.69M, Peak:8.69M | Scene, ViewLayer | Updating Geometry BVH Cube.295 307/1562 | Building BVH
Fra:1 Mem:181.72M (Peak 284.05M) | Time:00:01.05 | Mem:8.69M, Peak:8.69M | Scene, ViewLayer | Updating Geometry BVH Cube.296 308/1562 | Building BVH
Fra:1 Mem:181.72M (Peak 284.05M) | Time:00:01.05 | Mem:8.69M, Peak:8.69M | Scene, ViewLayer | Updating Geometry BVH Sphere.303 1418/1562 | Building BVH
Fra:1 Mem:181.72M (Peak 284.05M) | Time:00:01.05 | Mem:8.70M, Peak:8.70M | Scene, ViewLayer | Updating Geometry BVH Cube.297 309/1562 | Building BVH
Fra:1 Mem:181.72M (Peak 284.05M) | Time:00:01.05 | Mem:8.72M, Peak:8.72M | Scene, ViewLayer | Updating Geometry BVH Cube.299 311/1562 | Building BVH
Fra:1 Mem:181.72M (Peak 284.05M) | Time:00:01.05 | Mem:8.72M, Peak:8.72M | Scene, ViewLayer | Updating Geometry BVH Sphere.302 1417/1562 | Building BVH
Fra:1 Mem:181.72M (Peak 284.05M) | Time:00:01.05 | Mem:8.74M, Peak:8.74M | Scene, ViewLayer | Updating Geometry BVH Cube.301 313/1562 | Building BVH
Fra:1 Mem:181.72M (Peak 284.05M) | Time:00:01.05 | Mem:8.75M, Peak:8.75M | Scene, ViewLayer | Updating Geometry BVH Sphere.301 1416/1562 | Building BVH
Fra:1 Mem:181.72M (Peak 284.05M) | Time:00:01.05 | Mem:8.76M, Peak:8.77M | Scene, ViewLayer | Updating Geometry BVH Cube.303 315/1562 | Building BVH
Fra:1 Mem:181.72M (Peak 284.05M) | Time:00:01.05 | Mem:8.78M, Peak:8.78M | Scene, ViewLayer | Updating Geometry BVH Cube.304 316/1562 | Building BVH
Fra:1 Mem:181.72M (Peak 284.05M) | Time:00:01.05 | Mem:8.78M, Peak:8.79M | Scene, ViewLayer | Updating Geometry BVH Cube.305 317/1562 | Building BVH
Fra:1 Mem:181.72M (Peak 284.05M) | Time:00:01.05 | Mem:8.79M, Peak:8.79M | Scene, ViewLayer | Updating Geometry BVH Sphere.300 1415/1562 | Building BVH
Fra:1 Mem:181.72M (Peak 284.05M) | Time:00:01.05 | Mem:8.80M, Peak:8.80M | Scene, ViewLayer | Updating Geometry BVH Cube.306 318/1562 | Building BVH
Fra:1 Mem:181.72M (Peak 284.05M) | Time:00:01.05 | Mem:8.80M, Peak:8.80M | Scene, ViewLayer | Updating Geometry BVH Sphere.299 1414/1562 | Building BVH
Fra:1 Mem:181.72M (Peak 284.05M) | Time:00:01.05 | Mem:8.80M, Peak:8.80M | Scene, ViewLayer | Updating Geometry BVH Sphere.298 1413/1562 | Building BVH
Fra:1 Mem:181.72M (Peak 284.05M) | Time:00:01.05 | Mem:8.82M, Peak:8.82M | Scene, ViewLayer | Updating Geometry BVH Sphere.297 1412/1562 | Building BVH
Fra:1 Mem:181.72M (Peak 284.05M) | Time:00:01.05 | Mem:8.82M, Peak:8.82M | Scene, ViewLayer | Updating Geometry BVH Cube.307 319/1562 | Building BVH
Fra:1 Mem:181.72M (Peak 284.05M) | Time:00:01.05 | Mem:8.82M, Peak:8.82M | Scene, ViewLayer | Updating Geometry BVH Sphere.296 1411/1562 | Building BVH
Fra:1 Mem:181.72M (Peak 284.05M) | Time:00:01.05 | Mem:8.82M, Peak:8.82M | Scene, ViewLayer | Updating Geometry BVH Sphere.295 1410/1562 | Building BVH
Fra:1 Mem:181.72M (Peak 284.05M) | Time:00:01.05 | Mem:8.82M, Peak:8.83M | Scene, ViewLayer | Updating Geometry BVH Sphere.294 1409/1562 | Building BVH
Fra:1 Mem:181.72M (Peak 284.05M) | Time:00:01.05 | Mem:8.84M, Peak:8.84M | Scene, ViewLayer | Updating Geometry BVH Cube.308 320/1562 | Building BVH
Fra:1 Mem:181.72M (Peak 284.05M) | Time:00:01.05 | Mem:8.85M, Peak:8.85M | Scene, ViewLayer | Updating Geometry BVH Sphere.293 1408/1562 | Building BVH
Fra:1 Mem:181.72M (Peak 284.05M) | Time:00:01.05 | Mem:8.85M, Peak:8.85M | Scene, ViewLayer | Updating Geometry BVH Cube.309 321/1562 | Building BVH
Fra:1 Mem:181.72M (Peak 284.05M) | Time:00:01.05 | Mem:8.86M, Peak:8.86M | Scene, ViewLayer | Updating Geometry BVH Cube.310 322/1562 | Building BVH
Fra:1 Mem:181.72M (Peak 284.05M) | Time:00:01.05 | Mem:8.87M, Peak:8.87M | Scene, ViewLayer | Updating Geometry BVH Cube.311 323/1562 | Building BVH
Fra:1 Mem:181.72M (Peak 284.05M) | Time:00:01.05 | Mem:8.89M, Peak:8.89M | Scene, ViewLayer | Updating Geometry BVH Sphere.292 1407/1562 | Building BVH
Fra:1 Mem:181.72M (Peak 284.05M) | Time:00:01.05 | Mem:8.89M, Peak:8.89M | Scene, ViewLayer | Updating Geometry BVH Cube.313 325/1562 | Building BVH
Fra:1 Mem:181.72M (Peak 284.05M) | Time:00:01.05 | Mem:8.89M, Peak:8.89M | Scene, ViewLayer | Updating Geometry BVH Sphere.291 1406/1562 | Building BVH
Fra:1 Mem:181.72M (Peak 284.05M) | Time:00:01.05 | Mem:8.90M, Peak:8.90M | Scene, ViewLayer | Updating Geometry BVH Sphere.290 1405/1562 | Building BVH
Fra:1 Mem:181.72M (Peak 284.05M) | Time:00:01.05 | Mem:8.91M, Peak:8.91M | Scene, ViewLayer | Updating Geometry BVH Cube.314 326/1562 | Building BVH
Fra:1 Mem:181.72M (Peak 284.05M) | Time:00:01.05 | Mem:8.92M, Peak:8.92M | Scene, ViewLayer | Updating Geometry BVH Cube.315 327/1562 | Building BVH
Fra:1 Mem:181.72M (Peak 284.05M) | Time:00:01.05 | Mem:8.93M, Peak:8.93M | Scene, ViewLayer | Updating Geometry BVH Cube.316 328/1562 | Building BVH
Fra:1 Mem:181.72M (Peak 284.05M) | Time:00:01.05 | Mem:8.94M, Peak:8.94M | Scene, ViewLayer | Updating Geometry BVH Cube.317 329/1562 | Building BVH
Fra:1 Mem:181.72M (Peak 284.05M) | Time:00:01.05 | Mem:8.95M, Peak:8.95M | Scene, ViewLayer | Updating Geometry BVH Cube.318 330/1562 | Building BVH
Fra:1 Mem:181.72M (Peak 284.05M) | Time:00:01.05 | Mem:8.97M, Peak:8.97M | Scene, ViewLayer | Updating Geometry BVH Cube.320 332/1562 | Building BVH
Fra:1 Mem:181.72M (Peak 284.05M) | Time:00:01.05 | Mem:8.97M, Peak:8.97M | Scene, ViewLayer | Updating Geometry BVH Sphere.289 1404/1562 | Building BVH
Fra:1 Mem:181.72M (Peak 284.05M) | Time:00:01.05 | Mem:8.99M, Peak:8.99M | Scene, ViewLayer | Updating Geometry BVH Cube.321 333/1562 | Building BVH
Fra:1 Mem:181.72M (Peak 284.05M) | Time:00:01.05 | Mem:9.00M, Peak:9.00M | Scene, ViewLayer | Updating Geometry BVH Cube.323 335/1562 | Building BVH
Fra:1 Mem:181.72M (Peak 284.05M) | Time:00:01.05 | Mem:9.00M, Peak:9.00M | Scene, ViewLayer | Updating Geometry BVH Sphere.288 1403/1562 | Building BVH
Fra:1 Mem:181.72M (Peak 284.05M) | Time:00:01.05 | Mem:9.02M, Peak:9.02M | Scene, ViewLayer | Updating Geometry BVH Sphere.287 1402/1562 | Building BVH
Fra:1 Mem:181.72M (Peak 284.05M) | Time:00:01.05 | Mem:9.03M, Peak:9.03M | Scene, ViewLayer | Updating Geometry BVH Cube.325 337/1562 | Building BVH
Fra:1 Mem:181.72M (Peak 284.05M) | Time:00:01.05 | Mem:9.03M, Peak:9.03M | Scene, ViewLayer | Updating Geometry BVH Sphere.286 1401/1562 | Building BVH
Fra:1 Mem:181.72M (Peak 284.05M) | Time:00:01.05 | Mem:9.03M, Peak:9.03M | Scene, ViewLayer | Updating Geometry BVH Sphere.285 1400/1562 | Building BVH
Fra:1 Mem:181.72M (Peak 284.05M) | Time:00:01.05 | Mem:9.04M, Peak:9.05M | Scene, ViewLayer | Updating Geometry BVH Cube.326 338/1562 | Building BVH
Fra:1 Mem:181.72M (Peak 284.05M) | Time:00:01.05 | Mem:9.05M, Peak:9.05M | Scene, ViewLayer | Updating Geometry BVH Sphere.284 1399/1562 | Building BVH
Fra:1 Mem:181.72M (Peak 284.05M) | Time:00:01.05 | Mem:9.06M, Peak:9.06M | Scene, ViewLayer | Updating Geometry BVH Cube.327 339/1562 | Building BVH
Fra:1 Mem:181.72M (Peak 284.05M) | Time:00:01.05 | Mem:9.06M, Peak:9.06M | Scene, ViewLayer | Updating Geometry BVH Sphere.283 1398/1562 | Building BVH
Fra:1 Mem:181.72M (Peak 284.05M) | Time:00:01.05 | Mem:9.08M, Peak:9.08M | Scene, ViewLayer | Updating Geometry BVH Cube.328 340/1562 | Building BVH
Fra:1 Mem:181.72M (Peak 284.05M) | Time:00:01.05 | Mem:9.08M, Peak:9.09M | Scene, ViewLayer | Updating Geometry BVH Cube.329 341/1562 | Building BVH
Fra:1 Mem:181.72M (Peak 284.05M) | Time:00:01.05 | Mem:9.10M, Peak:9.11M | Scene, ViewLayer | Updating Geometry BVH Cube.330 342/1562 | Building BVH
Fra:1 Mem:181.72M (Peak 284.05M) | Time:00:01.05 | Mem:9.11M, Peak:9.11M | Scene, ViewLayer | Updating Geometry BVH Cube.331 343/1562 | Building BVH
Fra:1 Mem:181.72M (Peak 284.05M) | Time:00:01.05 | Mem:9.11M, Peak:9.11M | Scene, ViewLayer | Updating Geometry BVH Cube.332 344/1562 | Building BVH
Fra:1 Mem:181.72M (Peak 284.05M) | Time:00:01.05 | Mem:9.12M, Peak:9.12M | Scene, ViewLayer | Updating Geometry BVH Cube.333 345/1562 | Building BVH
Fra:1 Mem:181.72M (Peak 284.05M) | Time:00:01.05 | Mem:9.13M, Peak:9.13M | Scene, ViewLayer | Updating Geometry BVH Cube.334 346/1562 | Building BVH
Fra:1 Mem:181.72M (Peak 284.05M) | Time:00:01.05 | Mem:9.15M, Peak:9.15M | Scene, ViewLayer | Updating Geometry BVH Cube.335 347/1562 | Building BVH
Fra:1 Mem:181.72M (Peak 284.05M) | Time:00:01.05 | Mem:9.16M, Peak:9.17M | Scene, ViewLayer | Updating Geometry BVH Cube.337 349/1562 | Building BVH
Fra:1 Mem:181.72M (Peak 284.05M) | Time:00:01.05 | Mem:9.18M, Peak:9.19M | Scene, ViewLayer | Updating Geometry BVH Cube.338 350/1562 | Building BVH
Fra:1 Mem:181.72M (Peak 284.05M) | Time:00:01.05 | Mem:9.20M, Peak:9.20M | Scene, ViewLayer | Updating Geometry BVH Cube.340 352/1562 | Building BVH
Fra:1 Mem:181.72M (Peak 284.05M) | Time:00:01.05 | Mem:9.21M, Peak:9.22M | Scene, ViewLayer | Updating Geometry BVH Sphere.279 1394/1562 | Building BVH
Fra:1 Mem:181.72M (Peak 284.05M) | Time:00:01.05 | Mem:9.23M, Peak:9.23M | Scene, ViewLayer | Updating Geometry BVH Cube.343 355/1562 | Building BVH
Fra:1 Mem:181.72M (Peak 284.05M) | Time:00:01.05 | Mem:9.24M, Peak:9.24M | Scene, ViewLayer | Updating Geometry BVH Sphere.278 1393/1562 | Building BVH
Fra:1 Mem:181.72M (Peak 284.05M) | Time:00:01.05 | Mem:9.24M, Peak:9.25M | Scene, ViewLayer | Updating Geometry BVH Cube.344 356/1562 | Building BVH
Fra:1 Mem:181.72M (Peak 284.05M) | Time:00:01.05 | Mem:9.25M, Peak:9.25M | Scene, ViewLayer | Updating Geometry BVH Sphere.277 1392/1562 | Building BVH
Fra:1 Mem:181.72M (Peak 284.05M) | Time:00:01.05 | Mem:9.25M, Peak:9.25M | Scene, ViewLayer | Updating Geometry BVH Sphere.276 1391/1562 | Building BVH
Fra:1 Mem:181.72M (Peak 284.05M) | Time:00:01.05 | Mem:9.26M, Peak:9.26M | Scene, ViewLayer | Updating Geometry BVH Cube.345 357/1562 | Building BVH
Fra:1 Mem:181.72M (Peak 284.05M) | Time:00:01.05 | Mem:9.29M, Peak:9.29M | Scene, ViewLayer | Updating Geometry BVH Sphere.275 1390/1562 | Building BVH
Fra:1 Mem:181.72M (Peak 284.05M) | Time:00:01.05 | Mem:9.29M, Peak:9.30M | Scene, ViewLayer | Updating Geometry BVH Cube.348 360/1562 | Building BVH
Fra:1 Mem:181.72M (Peak 284.05M) | Time:00:01.05 | Mem:9.30M, Peak:9.30M | Scene, ViewLayer | Updating Geometry BVH Sphere.274 1389/1562 | Building BVH
Fra:1 Mem:181.72M (Peak 284.05M) | Time:00:01.05 | Mem:9.31M, Peak:9.31M | Scene, ViewLayer | Updating Geometry BVH Cube.349 361/1562 | Building BVH
Fra:1 Mem:181.72M (Peak 284.05M) | Time:00:01.05 | Mem:9.33M, Peak:9.33M | Scene, ViewLayer | Updating Geometry BVH Sphere.273 1388/1562 | Building BVH
Fra:1 Mem:181.72M (Peak 284.05M) | Time:00:01.05 | Mem:9.33M, Peak:9.33M | Scene, ViewLayer | Updating Geometry BVH Cube.351 363/1562 | Building BVH
Fra:1 Mem:181.72M (Peak 284.05M) | Time:00:01.05 | Mem:9.33M, Peak:9.33M | Scene, ViewLayer | Updating Geometry BVH Sphere.272 1387/1562 | Building BVH
Fra:1 Mem:181.72M (Peak 284.05M) | Time:00:01.05 | Mem:9.34M, Peak:9.34M | Scene, ViewLayer | Updating Geometry BVH Sphere.271 1386/1562 | Building BVH
Fra:1 Mem:181.72M (Peak 284.05M) | Time:00:01.05 | Mem:9.35M, Peak:9.35M | Scene, ViewLayer | Updating Geometry BVH Cube.352 364/1562 | Building BVH
Fra:1 Mem:181.72M (Peak 284.05M) | Time:00:01.05 | Mem:9.35M, Peak:9.35M | Scene, ViewLayer | Updating Geometry BVH Sphere.270 1385/1562 | Building BVH
Fra:1 Mem:181.72M (Peak 284.05M) | Time:00:01.05 | Mem:9.36M, Peak:9.37M | Scene, ViewLayer | Updating Geometry BVH Cube.353 365/1562 | Building BVH
Fra:1 Mem:181.72M (Peak 284.05M) | Time:00:01.05 | Mem:9.36M, Peak:9.37M | Scene, ViewLayer | Updating Geometry BVH Sphere.269 1384/1562 | Building BVH
Fra:1 Mem:181.72M (Peak 284.05M) | Time:00:01.05 | Mem:9.38M, Peak:9.38M | Scene, ViewLayer | Updating Geometry BVH Cube.354 366/1562 | Building BVH
Fra:1 Mem:181.72M (Peak 284.05M) | Time:00:01.05 | Mem:9.38M, Peak:9.39M | Scene, ViewLayer | Updating Geometry BVH Cube.355 367/1562 | Building BVH
Fra:1 Mem:181.72M (Peak 284.05M) | Time:00:01.05 | Mem:9.39M, Peak:9.40M | Scene, ViewLayer | Updating Geometry BVH Cube.356 368/1562 | Building BVH
Fra:1 Mem:181.72M (Peak 284.05M) | Time:00:01.05 | Mem:9.40M, Peak:9.40M | Scene, ViewLayer | Updating Geometry BVH Sphere.268 1383/1562 | Building BVH
Fra:1 Mem:181.72M (Peak 284.05M) | Time:00:01.05 | Mem:9.42M, Peak:9.42M | Scene, ViewLayer | Updating Geometry BVH Cube.357 369/1562 | Building BVH
Fra:1 Mem:181.72M (Peak 284.05M) | Time:00:01.05 | Mem:9.43M, Peak:9.43M | Scene, ViewLayer | Updating Geometry BVH Cube.359 371/1562 | Building BVH
Fra:1 Mem:181.72M (Peak 284.05M) | Time:00:01.05 | Mem:9.45M, Peak:9.45M | Scene, ViewLayer | Updating Geometry BVH Cube.360 372/1562 | Building BVH
Fra:1 Mem:181.72M (Peak 284.05M) | Time:00:01.05 | Mem:9.46M, Peak:9.47M | Scene, ViewLayer | Updating Geometry BVH Cube.362 374/1562 | Building BVH
Fra:1 Mem:181.72M (Peak 284.05M) | Time:00:01.05 | Mem:9.47M, Peak:9.47M | Scene, ViewLayer | Updating Geometry BVH Cube.363 375/1562 | Building BVH
Fra:1 Mem:181.72M (Peak 284.05M) | Time:00:01.05 | Mem:9.47M, Peak:9.47M | Scene, ViewLayer | Updating Geometry BVH Sphere.265 1380/1562 | Building BVH
Fra:1 Mem:181.72M (Peak 284.05M) | Time:00:01.05 | Mem:9.48M, Peak:9.48M | Scene, ViewLayer | Updating Geometry BVH Sphere.264 1379/1562 | Building BVH
Fra:1 Mem:181.72M (Peak 284.05M) | Time:00:01.05 | Mem:9.49M, Peak:9.49M | Scene, ViewLayer | Updating Geometry BVH Cube.364 376/1562 | Building BVH
Fra:1 Mem:181.72M (Peak 284.05M) | Time:00:01.05 | Mem:9.49M, Peak:9.49M | Scene, ViewLayer | Updating Geometry BVH Sphere.263 1378/1562 | Building BVH
Fra:1 Mem:181.72M (Peak 284.05M) | Time:00:01.05 | Mem:9.50M, Peak:9.50M | Scene, ViewLayer | Updating Geometry BVH Sphere.262 1377/1562 | Building BVH
Fra:1 Mem:181.72M (Peak 284.05M) | Time:00:01.05 | Mem:9.52M, Peak:9.53M | Scene, ViewLayer | Updating Geometry BVH Cube.367 379/1562 | Building BVH
Fra:1 Mem:181.72M (Peak 284.05M) | Time:00:01.05 | Mem:9.55M, Peak:9.55M | Scene, ViewLayer | Updating Geometry BVH Sphere.261 1376/1562 | Building BVH
Fra:1 Mem:181.72M (Peak 284.05M) | Time:00:01.06 | Mem:9.56M, Peak:9.56M | Scene, ViewLayer | Updating Geometry BVH Cube.370 382/1562 | Building BVH
Fra:1 Mem:181.72M (Peak 284.05M) | Time:00:01.06 | Mem:9.58M, Peak:9.58M | Scene, ViewLayer | Updating Geometry BVH Cube.371 383/1562 | Building BVH
Fra:1 Mem:181.72M (Peak 284.05M) | Time:00:01.06 | Mem:9.59M, Peak:9.59M | Scene, ViewLayer | Updating Geometry BVH Cube.372 384/1562 | Building BVH
Fra:1 Mem:181.72M (Peak 284.05M) | Time:00:01.06 | Mem:9.62M, Peak:9.62M | Scene, ViewLayer | Updating Geometry BVH Cube.374 386/1562 | Building BVH
Fra:1 Mem:181.72M (Peak 284.05M) | Time:00:01.06 | Mem:9.62M, Peak:9.63M | Scene, ViewLayer | Updating Geometry BVH Cube.376 388/1562 | Building BVH
Fra:1 Mem:181.72M (Peak 284.05M) | Time:00:01.06 | Mem:9.65M, Peak:9.65M | Scene, ViewLayer | Updating Geometry BVH Cube.377 389/1562 | Building BVH
Fra:1 Mem:181.72M (Peak 284.05M) | Time:00:01.06 | Mem:9.66M, Peak:9.66M | Scene, ViewLayer | Updating Geometry BVH Cube.379 391/1562 | Building BVH
Fra:1 Mem:181.72M (Peak 284.05M) | Time:00:01.06 | Mem:9.67M, Peak:9.67M | Scene, ViewLayer | Updating Geometry BVH Cube.380 392/1562 | Building BVH
Fra:1 Mem:181.72M (Peak 284.05M) | Time:00:01.06 | Mem:9.69M, Peak:9.69M | Scene, ViewLayer | Updating Geometry BVH Cube.382 394/1562 | Building BVH
Fra:1 Mem:181.72M (Peak 284.05M) | Time:00:01.06 | Mem:9.71M, Peak:9.72M | Scene, ViewLayer | Updating Geometry BVH Cube.383 395/1562 | Building BVH
Fra:1 Mem:181.72M (Peak 284.05M) | Time:00:01.06 | Mem:9.72M, Peak:9.72M | Scene, ViewLayer | Updating Geometry BVH Sphere.256 1371/1562 | Building BVH
Fra:1 Mem:181.72M (Peak 284.05M) | Time:00:01.06 | Mem:9.74M, Peak:9.75M | Scene, ViewLayer | Updating Geometry BVH Cube.386 398/1562 | Building BVH
Fra:1 Mem:181.72M (Peak 284.05M) | Time:00:01.06 | Mem:9.75M, Peak:9.76M | Scene, ViewLayer | Updating Geometry BVH Cube.388 400/1562 | Building BVH
Fra:1 Mem:181.72M (Peak 284.05M) | Time:00:01.06 | Mem:9.77M, Peak:9.78M | Scene, ViewLayer | Updating Geometry BVH Cube.389 401/1562 | Building BVH
Fra:1 Mem:181.72M (Peak 284.05M) | Time:00:01.06 | Mem:9.78M, Peak:9.78M | Scene, ViewLayer | Updating Geometry BVH Cylinder.489 1369/1562 | Building BVH
Fra:1 Mem:181.72M (Peak 284.05M) | Time:00:01.06 | Mem:9.78M, Peak:9.78M | Scene, ViewLayer | Updating Geometry BVH Cylinder.488 1368/1562 | Building BVH
Fra:1 Mem:181.72M (Peak 284.05M) | Time:00:01.06 | Mem:9.80M, Peak:9.80M | Scene, ViewLayer | Updating Geometry BVH Cube.392 404/1562 | Building BVH
Fra:1 Mem:181.72M (Peak 284.05M) | Time:00:01.06 | Mem:9.80M, Peak:9.80M | Scene, ViewLayer | Updating Geometry BVH Cylinder.487 1367/1562 | Building BVH
Fra:1 Mem:181.72M (Peak 284.05M) | Time:00:01.06 | Mem:9.81M, Peak:9.81M | Scene, ViewLayer | Updating Geometry BVH Cube.393 405/1562 | Building BVH
Fra:1 Mem:181.73M (Peak 284.05M) | Time:00:01.06 | Mem:9.81M, Peak:9.81M | Scene, ViewLayer | Updating Geometry BVH Cylinder.486 1366/1562 | Building BVH
Fra:1 Mem:181.73M (Peak 284.05M) | Time:00:01.06 | Mem:9.82M, Peak:9.82M | Scene, ViewLayer | Updating Geometry BVH Cube.394 406/1562 | Building BVH
Fra:1 Mem:181.73M (Peak 284.05M) | Time:00:01.06 | Mem:9.84M, Peak:9.84M | Scene, ViewLayer | Updating Geometry BVH Cube.396 408/1562 | Building BVH
Fra:1 Mem:181.73M (Peak 284.05M) | Time:00:01.06 | Mem:9.85M, Peak:9.85M | Scene, ViewLayer | Updating Geometry BVH Cube.397 409/1562 | Building BVH
Fra:1 Mem:181.73M (Peak 284.05M) | Time:00:01.06 | Mem:9.86M, Peak:9.86M | Scene, ViewLayer | Updating Geometry BVH Cube.398 410/1562 | Building BVH
Fra:1 Mem:181.73M (Peak 284.05M) | Time:00:01.06 | Mem:9.87M, Peak:9.87M | Scene, ViewLayer | Updating Geometry BVH Cube.399 411/1562 | Building BVH
Fra:1 Mem:181.73M (Peak 284.05M) | Time:00:01.06 | Mem:9.87M, Peak:9.87M | Scene, ViewLayer | Updating Geometry BVH Cylinder.485 1365/1562 | Building BVH
Fra:1 Mem:181.73M (Peak 284.05M) | Time:00:01.06 | Mem:9.89M, Peak:9.89M | Scene, ViewLayer | Updating Geometry BVH Cube.400 412/1562 | Building BVH
Fra:1 Mem:181.73M (Peak 284.05M) | Time:00:01.06 | Mem:9.89M, Peak:9.89M | Scene, ViewLayer | Updating Geometry BVH Cylinder.484 1364/1562 | Building BVH
Fra:1 Mem:181.73M (Peak 284.05M) | Time:00:01.06 | Mem:9.91M, Peak:9.91M | Scene, ViewLayer | Updating Geometry BVH Cube.402 414/1562 | Building BVH
Fra:1 Mem:181.73M (Peak 284.05M) | Time:00:01.06 | Mem:9.92M, Peak:9.92M | Scene, ViewLayer | Updating Geometry BVH Cube.404 416/1562 | Building BVH
Fra:1 Mem:181.73M (Peak 284.05M) | Time:00:01.06 | Mem:9.92M, Peak:9.92M | Scene, ViewLayer | Updating Geometry BVH Cylinder.483 1363/1562 | Building BVH
Fra:1 Mem:181.73M (Peak 284.05M) | Time:00:01.06 | Mem:9.92M, Peak:9.92M | Scene, ViewLayer | Updating Geometry BVH Cylinder.482 1362/1562 | Building BVH
Fra:1 Mem:181.73M (Peak 284.05M) | Time:00:01.06 | Mem:9.93M, Peak:9.93M | Scene, ViewLayer | Updating Geometry BVH Cube.405 417/1562 | Building BVH
Fra:1 Mem:181.73M (Peak 284.05M) | Time:00:01.06 | Mem:9.93M, Peak:9.93M | Scene, ViewLayer | Updating Geometry BVH Cylinder.481 1361/1562 | Building BVH
Fra:1 Mem:181.73M (Peak 284.05M) | Time:00:01.06 | Mem:9.94M, Peak:9.94M | Scene, ViewLayer | Updating Geometry BVH Cylinder.480 1360/1562 | Building BVH
Fra:1 Mem:181.73M (Peak 284.05M) | Time:00:01.06 | Mem:9.94M, Peak:9.95M | Scene, ViewLayer | Updating Geometry BVH Cube.406 418/1562 | Building BVH
Fra:1 Mem:181.73M (Peak 284.05M) | Time:00:01.06 | Mem:9.94M, Peak:9.95M | Scene, ViewLayer | Updating Geometry BVH Sphere.255 1359/1562 | Building BVH
Fra:1 Mem:181.73M (Peak 284.05M) | Time:00:01.06 | Mem:9.95M, Peak:9.96M | Scene, ViewLayer | Updating Geometry BVH Cube.407 419/1562 | Building BVH
Fra:1 Mem:181.73M (Peak 284.05M) | Time:00:01.06 | Mem:9.96M, Peak:9.97M | Scene, ViewLayer | Updating Geometry BVH Cube.408 420/1562 | Building BVH
Fra:1 Mem:181.73M (Peak 284.05M) | Time:00:01.06 | Mem:9.97M, Peak:9.97M | Scene, ViewLayer | Updating Geometry BVH Sphere.254 1358/1562 | Building BVH
Fra:1 Mem:181.73M (Peak 284.05M) | Time:00:01.06 | Mem:9.97M, Peak:9.97M | Scene, ViewLayer | Updating Geometry BVH Sphere.253 1357/1562 | Building BVH
Fra:1 Mem:181.73M (Peak 284.05M) | Time:00:01.06 | Mem:9.98M, Peak:9.98M | Scene, ViewLayer | Updating Geometry BVH Cube.409 421/1562 | Building BVH
Fra:1 Mem:181.73M (Peak 284.05M) | Time:00:01.06 | Mem:9.98M, Peak:9.98M | Scene, ViewLayer | Updating Geometry BVH Sphere.252 1356/1562 | Building BVH
Fra:1 Mem:181.73M (Peak 284.05M) | Time:00:01.06 | Mem:9.99M, Peak:9.99M | Scene, ViewLayer | Updating Geometry BVH Sphere.251 1355/1562 | Building BVH
Fra:1 Mem:181.73M (Peak 284.05M) | Time:00:01.06 | Mem:10.00M, Peak:10.00M | Scene, ViewLayer | Updating Geometry BVH Cube.410 422/1562 | Building BVH
Fra:1 Mem:181.73M (Peak 284.05M) | Time:00:01.06 | Mem:10.00M, Peak:10.00M | Scene, ViewLayer | Updating Geometry BVH Sphere.250 1354/1562 | Building BVH
Fra:1 Mem:181.73M (Peak 284.05M) | Time:00:01.06 | Mem:10.01M, Peak:10.01M | Scene, ViewLayer | Updating Geometry BVH Cube.411 423/1562 | Building BVH
Fra:1 Mem:181.73M (Peak 284.05M) | Time:00:01.06 | Mem:10.01M, Peak:10.01M | Scene, ViewLayer | Updating Geometry BVH Sphere.249 1353/1562 | Building BVH
Fra:1 Mem:181.73M (Peak 284.05M) | Time:00:01.06 | Mem:10.02M, Peak:10.03M | Scene, ViewLayer | Updating Geometry BVH Cube.412 424/1562 | Building BVH
Fra:1 Mem:181.73M (Peak 284.05M) | Time:00:01.06 | Mem:10.03M, Peak:10.03M | Scene, ViewLayer | Updating Geometry BVH Sphere.248 1352/1562 | Building BVH
Fra:1 Mem:181.73M (Peak 284.05M) | Time:00:01.06 | Mem:10.04M, Peak:10.04M | Scene, ViewLayer | Updating Geometry BVH Sphere.247 1351/1562 | Building BVH
Fra:1 Mem:181.73M (Peak 284.05M) | Time:00:01.06 | Mem:10.05M, Peak:10.05M | Scene, ViewLayer | Updating Geometry BVH Cube.414 426/1562 | Building BVH
Fra:1 Mem:181.73M (Peak 284.05M) | Time:00:01.06 | Mem:10.05M, Peak:10.05M | Scene, ViewLayer | Updating Geometry BVH Sphere.246 1350/1562 | Building BVH
Fra:1 Mem:181.73M (Peak 284.05M) | Time:00:01.06 | Mem:10.07M, Peak:10.07M | Scene, ViewLayer | Updating Geometry BVH Sphere.245 1349/1562 | Building BVH
Fra:1 Mem:181.73M (Peak 284.05M) | Time:00:01.06 | Mem:10.07M, Peak:10.07M | Scene, ViewLayer | Updating Geometry BVH Cube.415 427/1562 | Building BVH
Fra:1 Mem:181.73M (Peak 284.05M) | Time:00:01.06 | Mem:10.08M, Peak:10.08M | Scene, ViewLayer | Updating Geometry BVH Cube.416 428/1562 | Building BVH
Fra:1 Mem:181.73M (Peak 284.05M) | Time:00:01.06 | Mem:10.08M, Peak:10.08M | Scene, ViewLayer | Updating Geometry BVH Sphere.244 1348/1562 | Building BVH
Fra:1 Mem:181.73M (Peak 284.05M) | Time:00:01.06 | Mem:10.09M, Peak:10.10M | Scene, ViewLayer | Updating Geometry BVH Cube.417 429/1562 | Building BVH
Fra:1 Mem:181.73M (Peak 284.05M) | Time:00:01.06 | Mem:10.12M, Peak:10.12M | Scene, ViewLayer | Updating Geometry BVH Cube.418 430/1562 | Building BVH
Fra:1 Mem:181.73M (Peak 284.05M) | Time:00:01.06 | Mem:10.12M, Peak:10.12M | Scene, ViewLayer | Updating Geometry BVH Cube.420 432/1562 | Building BVH
Fra:1 Mem:181.73M (Peak 284.05M) | Time:00:01.06 | Mem:10.13M, Peak:10.13M | Scene, ViewLayer | Updating Geometry BVH Cube.421 433/1562 | Building BVH
Fra:1 Mem:181.73M (Peak 284.05M) | Time:00:01.06 | Mem:10.13M, Peak:10.13M | Scene, ViewLayer | Updating Geometry BVH Sphere.243 1347/1562 | Building BVH
Fra:1 Mem:181.73M (Peak 284.05M) | Time:00:01.06 | Mem:10.15M, Peak:10.15M | Scene, ViewLayer | Updating Geometry BVH Cube.422 434/1562 | Building BVH
Fra:1 Mem:181.73M (Peak 284.05M) | Time:00:01.06 | Mem:10.16M, Peak:10.16M | Scene, ViewLayer | Updating Geometry BVH Sphere.242 1346/1562 | Building BVH
Fra:1 Mem:181.73M (Peak 284.05M) | Time:00:01.06 | Mem:10.16M, Peak:10.16M | Scene, ViewLayer | Updating Geometry BVH Cube.423 435/1562 | Building BVH
Fra:1 Mem:181.73M (Peak 284.05M) | Time:00:01.06 | Mem:10.17M, Peak:10.17M | Scene, ViewLayer | Updating Geometry BVH Cube.424 436/1562 | Building BVH
Fra:1 Mem:181.73M (Peak 284.05M) | Time:00:01.06 | Mem:10.18M, Peak:10.18M | Scene, ViewLayer | Updating Geometry BVH Sphere.241 1345/1562 | Building BVH
Fra:1 Mem:181.73M (Peak 284.05M) | Time:00:01.06 | Mem:10.18M, Peak:10.18M | Scene, ViewLayer | Updating Geometry BVH Cube.425 437/1562 | Building BVH
Fra:1 Mem:181.73M (Peak 284.05M) | Time:00:01.06 | Mem:10.19M, Peak:10.19M | Scene, ViewLayer | Updating Geometry BVH Cube.426 438/1562 | Building BVH
Fra:1 Mem:181.73M (Peak 284.05M) | Time:00:01.06 | Mem:10.19M, Peak:10.19M | Scene, ViewLayer | Updating Geometry BVH Sphere.240 1344/1562 | Building BVH
Fra:1 Mem:181.73M (Peak 284.05M) | Time:00:01.06 | Mem:10.19M, Peak:10.20M | Scene, ViewLayer | Updating Geometry BVH Sphere.239 1343/1562 | Building BVH
Fra:1 Mem:181.73M (Peak 284.05M) | Time:00:01.06 | Mem:10.20M, Peak:10.20M | Scene, ViewLayer | Updating Geometry BVH Sphere.238 1342/1562 | Building BVH
Fra:1 Mem:181.73M (Peak 284.05M) | Time:00:01.06 | Mem:10.21M, Peak:10.21M | Scene, ViewLayer | Updating Geometry BVH Cube.427 439/1562 | Building BVH
Fra:1 Mem:181.73M (Peak 284.05M) | Time:00:01.06 | Mem:10.23M, Peak:10.23M | Scene, ViewLayer | Updating Geometry BVH Sphere.236 1340/1562 | Building BVH
Fra:1 Mem:181.73M (Peak 284.05M) | Time:00:01.06 | Mem:10.23M, Peak:10.24M | Scene, ViewLayer | Updating Geometry BVH Cube.429 441/1562 | Building BVH
Fra:1 Mem:181.73M (Peak 284.05M) | Time:00:01.06 | Mem:10.26M, Peak:10.26M | Scene, ViewLayer | Updating Geometry BVH Cube.430 442/1562 | Building BVH
Fra:1 Mem:181.73M (Peak 284.05M) | Time:00:01.06 | Mem:10.26M, Peak:10.26M | Scene, ViewLayer | Updating Geometry BVH Cube.431 443/1562 | Building BVH
Fra:1 Mem:181.73M (Peak 284.05M) | Time:00:01.06 | Mem:10.27M, Peak:10.27M | Scene, ViewLayer | Updating Geometry BVH Cube.432 444/1562 | Building BVH
Fra:1 Mem:181.73M (Peak 284.05M) | Time:00:01.06 | Mem:10.28M, Peak:10.28M | Scene, ViewLayer | Updating Geometry BVH Cube.433 445/1562 | Building BVH
Fra:1 Mem:181.73M (Peak 284.05M) | Time:00:01.06 | Mem:10.29M, Peak:10.29M | Scene, ViewLayer | Updating Geometry BVH Cube.434 446/1562 | Building BVH
Fra:1 Mem:181.73M (Peak 284.05M) | Time:00:01.06 | Mem:10.30M, Peak:10.30M | Scene, ViewLayer | Updating Geometry BVH Cube.435 447/1562 | Building BVH
Fra:1 Mem:181.73M (Peak 284.05M) | Time:00:01.06 | Mem:10.31M, Peak:10.31M | Scene, ViewLayer | Updating Geometry BVH Cube.436 448/1562 | Building BVH
Fra:1 Mem:181.73M (Peak 284.05M) | Time:00:01.06 | Mem:10.31M, Peak:10.31M | Scene, ViewLayer | Updating Geometry BVH Sphere.234 1338/1562 | Building BVH
Fra:1 Mem:181.73M (Peak 284.05M) | Time:00:01.06 | Mem:10.33M, Peak:10.33M | Scene, ViewLayer | Updating Geometry BVH Cube.437 449/1562 | Building BVH
Fra:1 Mem:181.73M (Peak 284.05M) | Time:00:01.06 | Mem:10.33M, Peak:10.34M | Scene, ViewLayer | Updating Geometry BVH Cube.438 450/1562 | Building BVH
Fra:1 Mem:181.73M (Peak 284.05M) | Time:00:01.06 | Mem:10.34M, Peak:10.35M | Scene, ViewLayer | Updating Geometry BVH Cube.439 451/1562 | Building BVH
Fra:1 Mem:181.73M (Peak 284.05M) | Time:00:01.06 | Mem:10.35M, Peak:10.35M | Scene, ViewLayer | Updating Geometry BVH Sphere.232 1336/1562 | Building BVH
Fra:1 Mem:181.73M (Peak 284.05M) | Time:00:01.06 | Mem:10.38M, Peak:10.38M | Scene, ViewLayer | Updating Geometry BVH Sphere.231 1335/1562 | Building BVH
Fra:1 Mem:181.73M (Peak 284.05M) | Time:00:01.06 | Mem:10.38M, Peak:10.38M | Scene, ViewLayer | Updating Geometry BVH Cube.440 452/1562 | Building BVH
Fra:1 Mem:181.73M (Peak 284.05M) | Time:00:01.06 | Mem:10.38M, Peak:10.38M | Scene, ViewLayer | Updating Geometry BVH Cube.442 454/1562 | Building BVH
Fra:1 Mem:181.73M (Peak 284.05M) | Time:00:01.06 | Mem:10.38M, Peak:10.38M | Scene, ViewLayer | Updating Geometry BVH Sphere.230 1334/1562 | Building BVH
Fra:1 Mem:181.73M (Peak 284.05M) | Time:00:01.06 | Mem:10.39M, Peak:10.40M | Scene, ViewLayer | Updating Geometry BVH Cube.443 455/1562 | Building BVH
Fra:1 Mem:181.73M (Peak 284.05M) | Time:00:01.06 | Mem:10.43M, Peak:10.43M | Scene, ViewLayer | Updating Geometry BVH Cube.444 456/1562 | Building BVH
Fra:1 Mem:181.73M (Peak 284.05M) | Time:00:01.06 | Mem:10.43M, Peak:10.43M | Scene, ViewLayer | Updating Geometry BVH Cube.446 458/1562 | Building BVH
Fra:1 Mem:181.73M (Peak 284.05M) | Time:00:01.06 | Mem:10.44M, Peak:10.44M | Scene, ViewLayer | Updating Geometry BVH Cube.447 459/1562 | Building BVH
Fra:1 Mem:181.73M (Peak 284.05M) | Time:00:01.06 | Mem:10.44M, Peak:10.44M | Scene, ViewLayer | Updating Geometry BVH Sphere.228 1332/1562 | Building BVH
Fra:1 Mem:181.73M (Peak 284.05M) | Time:00:01.06 | Mem:10.45M, Peak:10.45M | Scene, ViewLayer | Updating Geometry BVH Cube.448 460/1562 | Building BVH
Fra:1 Mem:181.73M (Peak 284.05M) | Time:00:01.06 | Mem:10.48M, Peak:10.48M | Scene, ViewLayer | Updating Geometry BVH Cube.449 461/1562 | Building BVH
Fra:1 Mem:181.73M (Peak 284.05M) | Time:00:01.06 | Mem:10.48M, Peak:10.48M | Scene, ViewLayer | Updating Geometry BVH Cube.451 463/1562 | Building BVH
Fra:1 Mem:181.73M (Peak 284.05M) | Time:00:01.06 | Mem:10.49M, Peak:10.49M | Scene, ViewLayer | Updating Geometry BVH Sphere.226 1330/1562 | Building BVH
Fra:1 Mem:181.73M (Peak 284.05M) | Time:00:01.06 | Mem:10.49M, Peak:10.50M | Scene, ViewLayer | Updating Geometry BVH Cube.452 464/1562 | Building BVH
Fra:1 Mem:181.73M (Peak 284.05M) | Time:00:01.06 | Mem:10.50M, Peak:10.50M | Scene, ViewLayer | Updating Geometry BVH Sphere.225 1329/1562 | Building BVH
Fra:1 Mem:181.73M (Peak 284.05M) | Time:00:01.06 | Mem:10.52M, Peak:10.52M | Scene, ViewLayer | Updating Geometry BVH Cube.453 465/1562 | Building BVH
Fra:1 Mem:181.73M (Peak 284.05M) | Time:00:01.06 | Mem:10.52M, Peak:10.52M | Scene, ViewLayer | Updating Geometry BVH Cube.454 466/1562 | Building BVH
Fra:1 Mem:181.73M (Peak 284.05M) | Time:00:01.06 | Mem:10.54M, Peak:10.54M | Scene, ViewLayer | Updating Geometry BVH Cube.455 467/1562 | Building BVH
Fra:1 Mem:181.73M (Peak 284.05M) | Time:00:01.06 | Mem:10.54M, Peak:10.54M | Scene, ViewLayer | Updating Geometry BVH Cube.456 468/1562 | Building BVH
Fra:1 Mem:181.73M (Peak 284.05M) | Time:00:01.06 | Mem:10.54M, Peak:10.55M | Scene, ViewLayer | Updating Geometry BVH Sphere.223 1327/1562 | Building BVH
Fra:1 Mem:181.73M (Peak 284.05M) | Time:00:01.06 | Mem:10.55M, Peak:10.55M | Scene, ViewLayer | Updating Geometry BVH Sphere.222 1326/1562 | Building BVH
Fra:1 Mem:181.73M (Peak 284.05M) | Time:00:01.06 | Mem:10.55M, Peak:10.55M | Scene, ViewLayer | Updating Geometry BVH Sphere.221 1325/1562 | Building BVH
Fra:1 Mem:181.73M (Peak 284.05M) | Time:00:01.06 | Mem:10.56M, Peak:10.56M | Scene, ViewLayer | Updating Geometry BVH Cube.457 469/1562 | Building BVH
Fra:1 Mem:181.73M (Peak 284.05M) | Time:00:01.06 | Mem:10.57M, Peak:10.57M | Scene, ViewLayer | Updating Geometry BVH Cube.458 470/1562 | Building BVH
Fra:1 Mem:181.73M (Peak 284.05M) | Time:00:01.06 | Mem:10.57M, Peak:10.57M | Scene, ViewLayer | Updating Geometry BVH Sphere.220 1324/1562 | Building BVH
Fra:1 Mem:181.73M (Peak 284.05M) | Time:00:01.06 | Mem:10.58M, Peak:10.58M | Scene, ViewLayer | Updating Geometry BVH Sphere.219 1323/1562 | Building BVH
Fra:1 Mem:181.73M (Peak 284.05M) | Time:00:01.06 | Mem:10.59M, Peak:10.59M | Scene, ViewLayer | Updating Geometry BVH Cube.459 471/1562 | Building BVH
Fra:1 Mem:181.73M (Peak 284.05M) | Time:00:01.06 | Mem:10.60M, Peak:10.60M | Scene, ViewLayer | Updating Geometry BVH Cube.460 472/1562 | Building BVH
Fra:1 Mem:181.73M (Peak 284.05M) | Time:00:01.06 | Mem:10.60M, Peak:10.60M | Scene, ViewLayer | Updating Geometry BVH Sphere.218 1322/1562 | Building BVH
Fra:1 Mem:181.73M (Peak 284.05M) | Time:00:01.06 | Mem:10.62M, Peak:10.62M | Scene, ViewLayer | Updating Geometry BVH Cube.461 473/1562 | Building BVH
Fra:1 Mem:181.73M (Peak 284.05M) | Time:00:01.06 | Mem:10.62M, Peak:10.62M | Scene, ViewLayer | Updating Geometry BVH Cube.462 474/1562 | Building BVH
Fra:1 Mem:181.73M (Peak 284.05M) | Time:00:01.06 | Mem:10.62M, Peak:10.62M | Scene, ViewLayer | Updating Geometry BVH Sphere.217 1321/1562 | Building BVH
Fra:1 Mem:181.73M (Peak 284.05M) | Time:00:01.06 | Mem:10.64M, Peak:10.64M | Scene, ViewLayer | Updating Geometry BVH Cube.463 475/1562 | Building BVH
Fra:1 Mem:181.73M (Peak 284.05M) | Time:00:01.06 | Mem:10.64M, Peak:10.65M | Scene, ViewLayer | Updating Geometry BVH Cube.464 476/1562 | Building BVH
Fra:1 Mem:181.73M (Peak 284.05M) | Time:00:01.06 | Mem:10.66M, Peak:10.66M | Scene, ViewLayer | Updating Geometry BVH Cube.465 477/1562 | Building BVH
Fra:1 Mem:181.73M (Peak 284.05M) | Time:00:01.06 | Mem:10.66M, Peak:10.67M | Scene, ViewLayer | Updating Geometry BVH Cube.466 478/1562 | Building BVH
Fra:1 Mem:181.73M (Peak 284.05M) | Time:00:01.06 | Mem:10.67M, Peak:10.68M | Scene, ViewLayer | Updating Geometry BVH Cube.467 479/1562 | Building BVH
Fra:1 Mem:181.73M (Peak 284.05M) | Time:00:01.06 | Mem:10.69M, Peak:10.70M | Scene, ViewLayer | Updating Geometry BVH Cube.468 480/1562 | Building BVH
Fra:1 Mem:181.73M (Peak 284.05M) | Time:00:01.06 | Mem:10.71M, Peak:10.71M | Scene, ViewLayer | Updating Geometry BVH Cube.470 482/1562 | Building BVH
Fra:1 Mem:181.73M (Peak 284.05M) | Time:00:01.06 | Mem:10.72M, Peak:10.72M | Scene, ViewLayer | Updating Geometry BVH Cube.471 483/1562 | Building BVH
Fra:1 Mem:181.73M (Peak 284.05M) | Time:00:01.06 | Mem:10.73M, Peak:10.73M | Scene, ViewLayer | Updating Geometry BVH Cube.472 484/1562 | Building BVH
Fra:1 Mem:181.73M (Peak 284.05M) | Time:00:01.06 | Mem:10.74M, Peak:10.74M | Scene, ViewLayer | Updating Geometry BVH Cube.473 485/1562 | Building BVH
Fra:1 Mem:181.73M (Peak 284.05M) | Time:00:01.06 | Mem:10.75M, Peak:10.75M | Scene, ViewLayer | Updating Geometry BVH Cube.474 486/1562 | Building BVH
Fra:1 Mem:181.73M (Peak 284.05M) | Time:00:01.06 | Mem:10.76M, Peak:10.76M | Scene, ViewLayer | Updating Geometry BVH Cube.475 487/1562 | Building BVH
Fra:1 Mem:181.73M (Peak 284.05M) | Time:00:01.06 | Mem:10.79M, Peak:10.79M | Scene, ViewLayer | Updating Geometry BVH Cube.476 488/1562 | Building BVH
Fra:1 Mem:181.73M (Peak 284.05M) | Time:00:01.07 | Mem:10.79M, Peak:10.79M | Scene, ViewLayer | Updating Geometry BVH Sphere.214 1318/1562 | Building BVH
Fra:1 Mem:181.73M (Peak 284.05M) | Time:00:01.07 | Mem:10.82M, Peak:10.82M | Scene, ViewLayer | Updating Geometry BVH Sphere.213 1317/1562 | Building BVH
Fra:1 Mem:181.73M (Peak 284.05M) | Time:00:01.07 | Mem:10.81M, Peak:10.82M | Scene, ViewLayer | Updating Geometry BVH Cube.480 492/1562 | Building BVH
Fra:1 Mem:181.73M (Peak 284.05M) | Time:00:01.07 | Mem:10.82M, Peak:10.82M | Scene, ViewLayer | Updating Geometry BVH Sphere.212 1316/1562 | Building BVH
Fra:1 Mem:181.73M (Peak 284.05M) | Time:00:01.07 | Mem:10.83M, Peak:10.83M | Scene, ViewLayer | Updating Geometry BVH Cube.481 493/1562 | Building BVH
Fra:1 Mem:181.73M (Peak 284.05M) | Time:00:01.07 | Mem:10.84M, Peak:10.84M | Scene, ViewLayer | Updating Geometry BVH Cube.482 494/1562 | Building BVH
Fra:1 Mem:181.73M (Peak 284.05M) | Time:00:01.07 | Mem:10.84M, Peak:10.84M | Scene, ViewLayer | Updating Geometry BVH Sphere.211 1315/1562 | Building BVH
Fra:1 Mem:181.73M (Peak 284.05M) | Time:00:01.07 | Mem:10.85M, Peak:10.85M | Scene, ViewLayer | Updating Geometry BVH Sphere.210 1314/1562 | Building BVH
Fra:1 Mem:181.73M (Peak 284.05M) | Time:00:01.07 | Mem:10.85M, Peak:10.86M | Scene, ViewLayer | Updating Geometry BVH Cube.483 495/1562 | Building BVH
Fra:1 Mem:181.73M (Peak 284.05M) | Time:00:01.07 | Mem:10.86M, Peak:10.87M | Scene, ViewLayer | Updating Geometry BVH Cube.484 496/1562 | Building BVH
Fra:1 Mem:181.73M (Peak 284.05M) | Time:00:01.07 | Mem:10.89M, Peak:10.89M | Scene, ViewLayer | Updating Geometry BVH Cube.485 497/1562 | Building BVH
Fra:1 Mem:181.73M (Peak 284.05M) | Time:00:01.07 | Mem:10.90M, Peak:10.90M | Scene, ViewLayer | Updating Geometry BVH Cube.486 498/1562 | Building BVH
Fra:1 Mem:181.73M (Peak 284.05M) | Time:00:01.07 | Mem:10.90M, Peak:10.90M | Scene, ViewLayer | Updating Geometry BVH Cube.487 499/1562 | Building BVH
Fra:1 Mem:181.73M (Peak 284.05M) | Time:00:01.07 | Mem:10.92M, Peak:10.92M | Scene, ViewLayer | Updating Geometry BVH Cube.488 500/1562 | Building BVH
Fra:1 Mem:181.73M (Peak 284.05M) | Time:00:01.07 | Mem:10.92M, Peak:10.92M | Scene, ViewLayer | Updating Geometry BVH Cube.489 501/1562 | Building BVH
Fra:1 Mem:181.73M (Peak 284.05M) | Time:00:01.07 | Mem:10.92M, Peak:10.92M | Scene, ViewLayer | Updating Geometry BVH Sphere.208 1312/1562 | Building BVH
Fra:1 Mem:181.73M (Peak 284.05M) | Time:00:01.07 | Mem:10.94M, Peak:10.94M | Scene, ViewLayer | Updating Geometry BVH Cube.490 502/1562 | Building BVH
Fra:1 Mem:181.73M (Peak 284.05M) | Time:00:01.07 | Mem:10.94M, Peak:10.94M | Scene, ViewLayer | Updating Geometry BVH Cube.491 503/1562 | Building BVH
Fra:1 Mem:181.73M (Peak 284.05M) | Time:00:01.07 | Mem:10.95M, Peak:10.95M | Scene, ViewLayer | Updating Geometry BVH Cube.492 504/1562 | Building BVH
Fra:1 Mem:181.73M (Peak 284.05M) | Time:00:01.07 | Mem:10.96M, Peak:10.97M | Scene, ViewLayer | Updating Geometry BVH Cube.493 505/1562 | Building BVH
Fra:1 Mem:181.73M (Peak 284.05M) | Time:00:01.07 | Mem:10.98M, Peak:10.98M | Scene, ViewLayer | Updating Geometry BVH Sphere.206 1310/1562 | Building BVH
Fra:1 Mem:181.73M (Peak 284.05M) | Time:00:01.07 | Mem:10.99M, Peak:10.99M | Scene, ViewLayer | Updating Geometry BVH Cube.495 507/1562 | Building BVH
Fra:1 Mem:181.73M (Peak 284.05M) | Time:00:01.07 | Mem:10.99M, Peak:10.99M | Scene, ViewLayer | Updating Geometry BVH Sphere.205 1309/1562 | Building BVH
Fra:1 Mem:181.73M (Peak 284.05M) | Time:00:01.07 | Mem:10.99M, Peak:10.99M | Scene, ViewLayer | Updating Geometry BVH Sphere.204 1308/1562 | Building BVH
Fra:1 Mem:181.73M (Peak 284.05M) | Time:00:01.07 | Mem:11.01M, Peak:11.01M | Scene, ViewLayer | Updating Geometry BVH Cube.496 508/1562 | Building BVH
Fra:1 Mem:181.73M (Peak 284.05M) | Time:00:01.07 | Mem:11.02M, Peak:11.02M | Scene, ViewLayer | Updating Geometry BVH Sphere.203 1307/1562 | Building BVH
Fra:1 Mem:181.73M (Peak 284.05M) | Time:00:01.07 | Mem:11.02M, Peak:11.02M | Scene, ViewLayer | Updating Geometry BVH Cube.497 509/1562 | Building BVH
Fra:1 Mem:181.73M (Peak 284.05M) | Time:00:01.07 | Mem:11.03M, Peak:11.03M | Scene, ViewLayer | Updating Geometry BVH Cube.498 510/1562 | Building BVH
Fra:1 Mem:181.73M (Peak 284.05M) | Time:00:01.07 | Mem:11.03M, Peak:11.03M | Scene, ViewLayer | Updating Geometry BVH Sphere.202 1306/1562 | Building BVH
Fra:1 Mem:181.73M (Peak 284.05M) | Time:00:01.07 | Mem:11.04M, Peak:11.05M | Scene, ViewLayer | Updating Geometry BVH Cube.499 511/1562 | Building BVH
Fra:1 Mem:181.73M (Peak 284.05M) | Time:00:01.07 | Mem:11.06M, Peak:11.06M | Scene, ViewLayer | Updating Geometry BVH Cube.500 512/1562 | Building BVH
Fra:1 Mem:181.73M (Peak 284.05M) | Time:00:01.07 | Mem:11.07M, Peak:11.07M | Scene, ViewLayer | Updating Geometry BVH Cube.502 514/1562 | Building BVH
Fra:1 Mem:181.73M (Peak 284.05M) | Time:00:01.07 | Mem:11.09M, Peak:11.09M | Scene, ViewLayer | Updating Geometry BVH Cube.503 515/1562 | Building BVH
Fra:1 Mem:181.73M (Peak 284.05M) | Time:00:01.07 | Mem:11.09M, Peak:11.10M | Scene, ViewLayer | Updating Geometry BVH Cube.504 516/1562 | Building BVH
Fra:1 Mem:181.73M (Peak 284.05M) | Time:00:01.07 | Mem:11.10M, Peak:11.11M | Scene, ViewLayer | Updating Geometry BVH Cube.505 517/1562 | Building BVH
Fra:1 Mem:181.73M (Peak 284.05M) | Time:00:01.07 | Mem:11.12M, Peak:11.12M | Scene, ViewLayer | Updating Geometry BVH Cube.506 518/1562 | Building BVH
Fra:1 Mem:181.73M (Peak 284.05M) | Time:00:01.07 | Mem:11.12M, Peak:11.13M | Scene, ViewLayer | Updating Geometry BVH Cube.507 519/1562 | Building BVH
Fra:1 Mem:181.73M (Peak 284.05M) | Time:00:01.07 | Mem:11.13M, Peak:11.14M | Scene, ViewLayer | Updating Geometry BVH Cube.508 520/1562 | Building BVH
Fra:1 Mem:181.73M (Peak 284.05M) | Time:00:01.07 | Mem:11.15M, Peak:11.15M | Scene, ViewLayer | Updating Geometry BVH Cube.509 521/1562 | Building BVH
Fra:1 Mem:181.73M (Peak 284.05M) | Time:00:01.07 | Mem:11.15M, Peak:11.16M | Scene, ViewLayer | Updating Geometry BVH Cube.510 522/1562 | Building BVH
Fra:1 Mem:181.73M (Peak 284.05M) | Time:00:01.07 | Mem:11.16M, Peak:11.16M | Scene, ViewLayer | Updating Geometry BVH Sphere.199 1303/1562 | Building BVH
Fra:1 Mem:181.73M (Peak 284.05M) | Time:00:01.07 | Mem:11.18M, Peak:11.18M | Scene, ViewLayer | Updating Geometry BVH Cube.511 523/1562 | Building BVH
Fra:1 Mem:181.73M (Peak 284.05M) | Time:00:01.07 | Mem:11.18M, Peak:11.18M | Scene, ViewLayer | Updating Geometry BVH Cube.512 524/1562 | Building BVH
Fra:1 Mem:181.73M (Peak 284.05M) | Time:00:01.07 | Mem:11.18M, Peak:11.18M | Scene, ViewLayer | Updating Geometry BVH Sphere.198 1302/1562 | Building BVH
Fra:1 Mem:181.73M (Peak 284.05M) | Time:00:01.07 | Mem:11.21M, Peak:11.21M | Scene, ViewLayer | Updating Geometry BVH Cube.513 525/1562 | Building BVH
Fra:1 Mem:181.73M (Peak 284.05M) | Time:00:01.07 | Mem:11.21M, Peak:11.22M | Scene, ViewLayer | Updating Geometry BVH Cube.515 527/1562 | Building BVH
Fra:1 Mem:181.73M (Peak 284.05M) | Time:00:01.07 | Mem:11.23M, Peak:11.23M | Scene, ViewLayer | Updating Geometry BVH Sphere.196 1300/1562 | Building BVH
Fra:1 Mem:181.73M (Peak 284.05M) | Time:00:01.07 | Mem:11.24M, Peak:11.24M | Scene, ViewLayer | Updating Geometry BVH Cube.517 529/1562 | Building BVH
Fra:1 Mem:181.73M (Peak 284.05M) | Time:00:01.07 | Mem:11.24M, Peak:11.24M | Scene, ViewLayer | Updating Geometry BVH Cylinder.479 1299/1562 | Building BVH
Fra:1 Mem:181.73M (Peak 284.05M) | Time:00:01.07 | Mem:11.25M, Peak:11.25M | Scene, ViewLayer | Updating Geometry BVH Cube.518 530/1562 | Building BVH
Fra:1 Mem:181.73M (Peak 284.05M) | Time:00:01.07 | Mem:11.25M, Peak:11.25M | Scene, ViewLayer | Updating Geometry BVH Cylinder.478 1298/1562 | Building BVH
Fra:1 Mem:181.73M (Peak 284.05M) | Time:00:01.07 | Mem:11.26M, Peak:11.26M | Scene, ViewLayer | Updating Geometry BVH Cube.519 531/1562 | Building BVH
Fra:1 Mem:181.73M (Peak 284.05M) | Time:00:01.07 | Mem:11.28M, Peak:11.28M | Scene, ViewLayer | Updating Geometry BVH Cube.520 532/1562 | Building BVH
Fra:1 Mem:181.73M (Peak 284.05M) | Time:00:01.07 | Mem:11.28M, Peak:11.28M | Scene, ViewLayer | Updating Geometry BVH Cube.521 533/1562 | Building BVH
Fra:1 Mem:181.73M (Peak 284.05M) | Time:00:01.07 | Mem:11.29M, Peak:11.29M | Scene, ViewLayer | Updating Geometry BVH Cube.522 534/1562 | Building BVH
Fra:1 Mem:181.73M (Peak 284.05M) | Time:00:01.07 | Mem:11.29M, Peak:11.29M | Scene, ViewLayer | Updating Geometry BVH Cylinder.477 1297/1562 | Building BVH
Fra:1 Mem:181.73M (Peak 284.05M) | Time:00:01.07 | Mem:11.30M, Peak:11.30M | Scene, ViewLayer | Updating Geometry BVH Cube.523 535/1562 | Building BVH
Fra:1 Mem:181.73M (Peak 284.05M) | Time:00:01.07 | Mem:11.32M, Peak:11.32M | Scene, ViewLayer | Updating Geometry BVH Cube.524 536/1562 | Building BVH
Fra:1 Mem:181.73M (Peak 284.05M) | Time:00:01.07 | Mem:11.32M, Peak:11.32M | Scene, ViewLayer | Updating Geometry BVH Cylinder.476 1296/1562 | Building BVH
Fra:1 Mem:181.73M (Peak 284.05M) | Time:00:01.07 | Mem:11.34M, Peak:11.35M | Scene, ViewLayer | Updating Geometry BVH Cube.526 538/1562 | Building BVH
Fra:1 Mem:181.73M (Peak 284.05M) | Time:00:01.07 | Mem:11.35M, Peak:11.36M | Scene, ViewLayer | Updating Geometry BVH Cube.528 540/1562 | Building BVH
Fra:1 Mem:181.73M (Peak 284.05M) | Time:00:01.07 | Mem:11.36M, Peak:11.36M | Scene, ViewLayer | Updating Geometry BVH Cylinder.475 1295/1562 | Building BVH
Fra:1 Mem:181.73M (Peak 284.05M) | Time:00:01.07 | Mem:11.36M, Peak:11.37M | Scene, ViewLayer | Updating Geometry BVH Cube.529 541/1562 | Building BVH
Fra:1 Mem:181.73M (Peak 284.05M) | Time:00:01.07 | Mem:11.36M, Peak:11.37M | Scene, ViewLayer | Updating Geometry BVH Cylinder.474 1294/1562 | Building BVH
Fra:1 Mem:181.73M (Peak 284.05M) | Time:00:01.07 | Mem:11.36M, Peak:11.37M | Scene, ViewLayer | Updating Geometry BVH Cylinder.473 1293/1562 | Building BVH
Fra:1 Mem:181.73M (Peak 284.05M) | Time:00:01.07 | Mem:11.37M, Peak:11.37M | Scene, ViewLayer | Updating Geometry BVH Cylinder.472 1292/1562 | Building BVH
Fra:1 Mem:181.73M (Peak 284.05M) | Time:00:01.07 | Mem:11.39M, Peak:11.39M | Scene, ViewLayer | Updating Geometry BVH Cube.531 543/1562 | Building BVH
Fra:1 Mem:181.73M (Peak 284.05M) | Time:00:01.07 | Mem:11.40M, Peak:11.40M | Scene, ViewLayer | Updating Geometry BVH Cube.532 544/1562 | Building BVH
Fra:1 Mem:181.73M (Peak 284.05M) | Time:00:01.07 | Mem:11.41M, Peak:11.41M | Scene, ViewLayer | Updating Geometry BVH Cube.533 545/1562 | Building BVH
Fra:1 Mem:181.73M (Peak 284.05M) | Time:00:01.07 | Mem:11.42M, Peak:11.42M | Scene, ViewLayer | Updating Geometry BVH Cube.534 546/1562 | Building BVH
Fra:1 Mem:181.73M (Peak 284.05M) | Time:00:01.07 | Mem:11.42M, Peak:11.42M | Scene, ViewLayer | Updating Geometry BVH Cylinder.471 1291/1562 | Building BVH
Fra:1 Mem:181.73M (Peak 284.05M) | Time:00:01.07 | Mem:11.43M, Peak:11.43M | Scene, ViewLayer | Updating Geometry BVH Cube.535 547/1562 | Building BVH
Fra:1 Mem:181.73M (Peak 284.05M) | Time:00:01.07 | Mem:11.44M, Peak:11.44M | Scene, ViewLayer | Updating Geometry BVH Cube.536 548/1562 | Building BVH
Fra:1 Mem:181.73M (Peak 284.05M) | Time:00:01.07 | Mem:11.45M, Peak:11.45M | Scene, ViewLayer | Updating Geometry BVH Cube.537 549/1562 | Building BVH
Fra:1 Mem:181.73M (Peak 284.05M) | Time:00:01.07 | Mem:11.46M, Peak:11.46M | Scene, ViewLayer | Updating Geometry BVH Cylinder.470 1290/1562 | Building BVH
Fra:1 Mem:181.73M (Peak 284.05M) | Time:00:01.07 | Mem:11.47M, Peak:11.47M | Scene, ViewLayer | Updating Geometry BVH Cube.539 551/1562 | Building BVH
Fra:1 Mem:181.73M (Peak 284.05M) | Time:00:01.07 | Mem:11.48M, Peak:11.48M | Scene, ViewLayer | Updating Geometry BVH Sphere.195 1289/1562 | Building BVH
Fra:1 Mem:181.73M (Peak 284.05M) | Time:00:01.07 | Mem:11.54M, Peak:11.54M | Scene, ViewLayer | Updating Geometry BVH Cube.541 553/1562 | Building BVH
Fra:1 Mem:181.73M (Peak 284.05M) | Time:00:01.07 | Mem:11.54M, Peak:11.55M | Scene, ViewLayer | Updating Geometry BVH Cube.542 554/1562 | Building BVH
Fra:1 Mem:181.73M (Peak 284.05M) | Time:00:01.07 | Mem:11.58M, Peak:11.58M | Scene, ViewLayer | Updating Geometry BVH Cube.543 555/1562 | Building BVH
Fra:1 Mem:181.73M (Peak 284.05M) | Time:00:01.07 | Mem:11.64M, Peak:11.64M | Scene, ViewLayer | Updating Geometry BVH Cube.544 556/1562 | Building BVH
Fra:1 Mem:181.73M (Peak 284.05M) | Time:00:01.07 | Mem:11.62M, Peak:11.66M | Scene, ViewLayer | Updating Geometry BVH Sphere.194 1288/1562 | Building BVH
Fra:1 Mem:181.73M (Peak 284.05M) | Time:00:01.07 | Mem:11.63M, Peak:11.66M | Scene, ViewLayer | Updating Geometry BVH Cube.545 557/1562 | Building BVH
Fra:1 Mem:181.73M (Peak 284.05M) | Time:00:01.07 | Mem:11.70M, Peak:11.70M | Scene, ViewLayer | Updating Geometry BVH Cube.546 558/1562 | Building BVH
Fra:1 Mem:181.73M (Peak 284.05M) | Time:00:01.07 | Mem:11.72M, Peak:11.72M | Scene, ViewLayer | Updating Geometry BVH Cube.547 559/1562 | Building BVH
Fra:1 Mem:181.73M (Peak 284.05M) | Time:00:01.07 | Mem:11.74M, Peak:11.74M | Scene, ViewLayer | Updating Geometry BVH Cube.548 560/1562 | Building BVH
Fra:1 Mem:181.73M (Peak 284.05M) | Time:00:01.07 | Mem:11.96M, Peak:12.00M | Scene, ViewLayer | Updating Geometry BVH Sphere.193 1287/1562 | Building BVH
Fra:1 Mem:181.73M (Peak 284.05M) | Time:00:01.07 | Mem:12.13M, Peak:12.17M | Scene, ViewLayer | Updating Geometry BVH Cube.549 561/1562 | Building BVH
Fra:1 Mem:181.73M (Peak 284.05M) | Time:00:01.07 | Mem:12.19M, Peak:12.24M | Scene, ViewLayer | Updating Geometry BVH Cube.550 562/1562 | Building BVH
Fra:1 Mem:181.73M (Peak 284.05M) | Time:00:01.07 | Mem:12.15M, Peak:12.24M | Scene, ViewLayer | Updating Geometry BVH Cube.551 563/1562 | Building BVH
Fra:1 Mem:181.73M (Peak 284.05M) | Time:00:01.07 | Mem:12.42M, Peak:12.42M | Scene, ViewLayer | Updating Geometry BVH Cone.551 1286/1562 | Building BVH
Fra:1 Mem:181.73M (Peak 284.05M) | Time:00:01.07 | Mem:12.51M, Peak:12.56M | Scene, ViewLayer | Updating Geometry BVH Cube.552 564/1562 | Building BVH
Fra:1 Mem:181.73M (Peak 284.05M) | Time:00:01.07 | Mem:12.50M, Peak:12.56M | Scene, ViewLayer | Updating Geometry BVH Cube.553 565/1562 | Building BVH
Fra:1 Mem:181.73M (Peak 284.05M) | Time:00:01.07 | Mem:12.54M, Peak:12.56M | Scene, ViewLayer | Updating Geometry BVH Cube.554 566/1562 | Building BVH
Fra:1 Mem:181.73M (Peak 284.05M) | Time:00:01.07 | Mem:12.58M, Peak:12.58M | Scene, ViewLayer | Updating Geometry BVH Cube.555 567/1562 | Building BVH
Fra:1 Mem:181.73M (Peak 284.05M) | Time:00:01.07 | Mem:12.54M, Peak:12.59M | Scene, ViewLayer | Updating Geometry BVH Cube.556 568/1562 | Building BVH
Fra:1 Mem:181.73M (Peak 284.05M) | Time:00:01.07 | Mem:12.54M, Peak:12.59M | Scene, ViewLayer | Updating Geometry BVH Cube.557 569/1562 | Building BVH
Fra:1 Mem:181.73M (Peak 284.05M) | Time:00:01.07 | Mem:12.54M, Peak:12.59M | Scene, ViewLayer | Updating Geometry BVH Cube.558 570/1562 | Building BVH
Fra:1 Mem:181.73M (Peak 284.05M) | Time:00:01.07 | Mem:12.54M, Peak:12.59M | Scene, ViewLayer | Updating Geometry BVH Cone.550 1285/1562 | Building BVH
Fra:1 Mem:181.73M (Peak 284.05M) | Time:00:01.07 | Mem:12.54M, Peak:12.59M | Scene, ViewLayer | Updating Geometry BVH Cube.559 571/1562 | Building BVH
Fra:1 Mem:181.73M (Peak 284.05M) | Time:00:01.07 | Mem:12.55M, Peak:12.59M | Scene, ViewLayer | Updating Geometry BVH Cube.560 572/1562 | Building BVH
Fra:1 Mem:181.73M (Peak 284.05M) | Time:00:01.07 | Mem:12.55M, Peak:12.59M | Scene, ViewLayer | Updating Geometry BVH Cube.561 573/1562 | Building BVH
Fra:1 Mem:181.73M (Peak 284.05M) | Time:00:01.07 | Mem:12.55M, Peak:12.59M | Scene, ViewLayer | Updating Geometry BVH Cube.562 574/1562 | Building BVH
Fra:1 Mem:181.73M (Peak 284.05M) | Time:00:01.07 | Mem:12.56M, Peak:12.59M | Scene, ViewLayer | Updating Geometry BVH Cube.563 575/1562 | Building BVH
Fra:1 Mem:181.73M (Peak 284.05M) | Time:00:01.07 | Mem:12.56M, Peak:12.59M | Scene, ViewLayer | Updating Geometry BVH Cube.564 576/1562 | Building BVH
Fra:1 Mem:181.73M (Peak 284.05M) | Time:00:01.07 | Mem:12.56M, Peak:12.59M | Scene, ViewLayer | Updating Geometry BVH Cylinder.046 577/1562 | Building BVH
Fra:1 Mem:181.73M (Peak 284.05M) | Time:00:01.07 | Mem:12.56M, Peak:12.59M | Scene, ViewLayer | Updating Geometry BVH Cylinder.047 578/1562 | Building BVH
Fra:1 Mem:181.73M (Peak 284.05M) | Time:00:01.07 | Mem:12.56M, Peak:12.59M | Scene, ViewLayer | Updating Geometry BVH Cylinder.048 579/1562 | Building BVH
Fra:1 Mem:181.73M (Peak 284.05M) | Time:00:01.07 | Mem:12.56M, Peak:12.59M | Scene, ViewLayer | Updating Geometry BVH Cylinder.049 580/1562 | Building BVH
Fra:1 Mem:181.73M (Peak 284.05M) | Time:00:01.07 | Mem:12.56M, Peak:12.59M | Scene, ViewLayer | Updating Geometry BVH Cylinder.050 581/1562 | Building BVH
Fra:1 Mem:181.73M (Peak 284.05M) | Time:00:01.07 | Mem:12.57M, Peak:12.59M | Scene, ViewLayer | Updating Geometry BVH Cone.549 1284/1562 | Building BVH
Fra:1 Mem:181.73M (Peak 284.05M) | Time:00:01.07 | Mem:12.57M, Peak:12.59M | Scene, ViewLayer | Updating Geometry BVH Cylinder.051 582/1562 | Building BVH
Fra:1 Mem:181.73M (Peak 284.05M) | Time:00:01.07 | Mem:12.57M, Peak:12.59M | Scene, ViewLayer | Updating Geometry BVH Cylinder.052 583/1562 | Building BVH
Fra:1 Mem:181.73M (Peak 284.05M) | Time:00:01.07 | Mem:12.57M, Peak:12.59M | Scene, ViewLayer | Updating Geometry BVH Cylinder.053 584/1562 | Building BVH
Fra:1 Mem:181.73M (Peak 284.05M) | Time:00:01.07 | Mem:12.57M, Peak:12.59M | Scene, ViewLayer | Updating Geometry BVH Cone.548 1283/1562 | Building BVH
Fra:1 Mem:181.73M (Peak 284.05M) | Time:00:01.07 | Mem:12.57M, Peak:12.59M | Scene, ViewLayer | Updating Geometry BVH Cylinder.054 585/1562 | Building BVH
Fra:1 Mem:181.73M (Peak 284.05M) | Time:00:01.08 | Mem:12.57M, Peak:12.59M | Scene, ViewLayer | Updating Geometry BVH Cylinder.055 586/1562 | Building BVH
Fra:1 Mem:181.73M (Peak 284.05M) | Time:00:01.08 | Mem:12.57M, Peak:12.59M | Scene, ViewLayer | Updating Geometry BVH Cylinder.056 587/1562 | Building BVH
Fra:1 Mem:181.73M (Peak 284.05M) | Time:00:01.08 | Mem:12.57M, Peak:12.59M | Scene, ViewLayer | Updating Geometry BVH Cylinder.057 588/1562 | Building BVH
Fra:1 Mem:181.73M (Peak 284.05M) | Time:00:01.08 | Mem:12.57M, Peak:12.59M | Scene, ViewLayer | Updating Geometry BVH Cylinder.058 589/1562 | Building BVH
Fra:1 Mem:181.73M (Peak 284.05M) | Time:00:01.08 | Mem:12.58M, Peak:12.59M | Scene, ViewLayer | Updating Geometry BVH Cylinder.059 590/1562 | Building BVH
Fra:1 Mem:181.73M (Peak 284.05M) | Time:00:01.08 | Mem:12.58M, Peak:12.59M | Scene, ViewLayer | Updating Geometry BVH Cylinder.060 591/1562 | Building BVH
Fra:1 Mem:181.73M (Peak 284.05M) | Time:00:01.08 | Mem:12.58M, Peak:12.59M | Scene, ViewLayer | Updating Geometry BVH Cylinder.061 592/1562 | Building BVH
Fra:1 Mem:181.73M (Peak 284.05M) | Time:00:01.08 | Mem:12.58M, Peak:12.59M | Scene, ViewLayer | Updating Geometry BVH Cylinder.062 593/1562 | Building BVH
Fra:1 Mem:181.73M (Peak 284.05M) | Time:00:01.08 | Mem:12.59M, Peak:12.59M | Scene, ViewLayer | Updating Geometry BVH Cylinder.063 594/1562 | Building BVH
Fra:1 Mem:181.73M (Peak 284.05M) | Time:00:01.08 | Mem:12.59M, Peak:12.59M | Scene, ViewLayer | Updating Geometry BVH Cylinder.064 595/1562 | Building BVH
Fra:1 Mem:181.73M (Peak 284.05M) | Time:00:01.08 | Mem:12.59M, Peak:12.59M | Scene, ViewLayer | Updating Geometry BVH Cylinder.065 596/1562 | Building BVH
Fra:1 Mem:181.73M (Peak 284.05M) | Time:00:01.08 | Mem:12.59M, Peak:12.59M | Scene, ViewLayer | Updating Geometry BVH Cone.547 1282/1562 | Building BVH
Fra:1 Mem:181.73M (Peak 284.05M) | Time:00:01.08 | Mem:12.59M, Peak:12.59M | Scene, ViewLayer | Updating Geometry BVH Cylinder.066 597/1562 | Building BVH
Fra:1 Mem:181.73M (Peak 284.05M) | Time:00:01.08 | Mem:12.59M, Peak:12.59M | Scene, ViewLayer | Updating Geometry BVH Cylinder.067 598/1562 | Building BVH
Fra:1 Mem:181.73M (Peak 284.05M) | Time:00:01.08 | Mem:12.59M, Peak:12.59M | Scene, ViewLayer | Updating Geometry BVH Cylinder.068 599/1562 | Building BVH
Fra:1 Mem:181.73M (Peak 284.05M) | Time:00:01.08 | Mem:12.59M, Peak:12.59M | Scene, ViewLayer | Updating Geometry BVH Cone.546 1281/1562 | Building BVH
Fra:1 Mem:181.73M (Peak 284.05M) | Time:00:01.08 | Mem:12.59M, Peak:12.60M | Scene, ViewLayer | Updating Geometry BVH Cylinder.069 600/1562 | Building BVH
Fra:1 Mem:181.73M (Peak 284.05M) | Time:00:01.08 | Mem:12.60M, Peak:12.60M | Scene, ViewLayer | Updating Geometry BVH Cylinder.070 601/1562 | Building BVH
Fra:1 Mem:181.73M (Peak 284.05M) | Time:00:01.08 | Mem:12.60M, Peak:12.60M | Scene, ViewLayer | Updating Geometry BVH Cylinder.071 602/1562 | Building BVH
Fra:1 Mem:181.73M (Peak 284.05M) | Time:00:01.08 | Mem:12.60M, Peak:12.60M | Scene, ViewLayer | Updating Geometry BVH Cylinder.072 603/1562 | Building BVH
Fra:1 Mem:181.73M (Peak 284.05M) | Time:00:01.08 | Mem:12.60M, Peak:12.60M | Scene, ViewLayer | Updating Geometry BVH Cylinder.073 604/1562 | Building BVH
Fra:1 Mem:181.73M (Peak 284.05M) | Time:00:01.08 | Mem:12.60M, Peak:12.60M | Scene, ViewLayer | Updating Geometry BVH Cone.545 1280/1562 | Building BVH
Fra:1 Mem:181.73M (Peak 284.05M) | Time:00:01.08 | Mem:12.60M, Peak:12.60M | Scene, ViewLayer | Updating Geometry BVH Cylinder.074 605/1562 | Building BVH
Fra:1 Mem:181.73M (Peak 284.05M) | Time:00:01.08 | Mem:12.61M, Peak:12.61M | Scene, ViewLayer | Updating Geometry BVH Cylinder.075 606/1562 | Building BVH
Fra:1 Mem:181.73M (Peak 284.05M) | Time:00:01.08 | Mem:12.61M, Peak:12.61M | Scene, ViewLayer | Updating Geometry BVH Cylinder.076 607/1562 | Building BVH
Fra:1 Mem:181.73M (Peak 284.05M) | Time:00:01.08 | Mem:12.61M, Peak:12.62M | Scene, ViewLayer | Updating Geometry BVH Cone.544 1279/1562 | Building BVH
Fra:1 Mem:181.73M (Peak 284.05M) | Time:00:01.08 | Mem:12.61M, Peak:12.62M | Scene, ViewLayer | Updating Geometry BVH Cylinder.077 608/1562 | Building BVH
Fra:1 Mem:181.73M (Peak 284.05M) | Time:00:01.08 | Mem:12.62M, Peak:12.62M | Scene, ViewLayer | Updating Geometry BVH Cylinder.078 609/1562 | Building BVH
Fra:1 Mem:181.73M (Peak 284.05M) | Time:00:01.08 | Mem:12.62M, Peak:12.62M | Scene, ViewLayer | Updating Geometry BVH Cone.543 1278/1562 | Building BVH
Fra:1 Mem:181.73M (Peak 284.05M) | Time:00:01.08 | Mem:12.63M, Peak:12.63M | Scene, ViewLayer | Updating Geometry BVH Cone.542 1277/1562 | Building BVH
Fra:1 Mem:181.73M (Peak 284.05M) | Time:00:01.08 | Mem:12.63M, Peak:12.63M | Scene, ViewLayer | Updating Geometry BVH Cylinder.079 610/1562 | Building BVH
Fra:1 Mem:181.73M (Peak 284.05M) | Time:00:01.08 | Mem:12.63M, Peak:12.63M | Scene, ViewLayer | Updating Geometry BVH Cone.541 1276/1562 | Building BVH
Fra:1 Mem:181.73M (Peak 284.05M) | Time:00:01.08 | Mem:12.63M, Peak:12.63M | Scene, ViewLayer | Updating Geometry BVH Sphere.043 611/1562 | Building BVH
Fra:1 Mem:181.73M (Peak 284.05M) | Time:00:01.08 | Mem:12.64M, Peak:12.64M | Scene, ViewLayer | Updating Geometry BVH Sphere.044 612/1562 | Building BVH
Fra:1 Mem:181.73M (Peak 284.05M) | Time:00:01.08 | Mem:12.64M, Peak:12.64M | Scene, ViewLayer | Updating Geometry BVH Sphere.045 613/1562 | Building BVH
Fra:1 Mem:181.73M (Peak 284.05M) | Time:00:01.08 | Mem:12.71M, Peak:12.71M | Scene, ViewLayer | Updating Geometry BVH Cone.540 1275/1562 | Building BVH
Fra:1 Mem:181.73M (Peak 284.05M) | Time:00:01.08 | Mem:12.71M, Peak:12.71M | Scene, ViewLayer | Updating Geometry BVH Sphere.046 614/1562 | Building BVH
Fra:1 Mem:181.73M (Peak 284.05M) | Time:00:01.08 | Mem:12.73M, Peak:12.73M | Scene, ViewLayer | Updating Geometry BVH Cone.539 1274/1562 | Building BVH
Fra:1 Mem:181.73M (Peak 284.05M) | Time:00:01.08 | Mem:12.76M, Peak:12.76M | Scene, ViewLayer | Updating Geometry BVH Cone.538 1273/1562 | Building BVH
Fra:1 Mem:181.73M (Peak 284.05M) | Time:00:01.08 | Mem:12.85M, Peak:12.89M | Scene, ViewLayer | Updating Geometry BVH Sphere.047 615/1562 | Building BVH
Fra:1 Mem:181.73M (Peak 284.05M) | Time:00:01.08 | Mem:12.88M, Peak:12.89M | Scene, ViewLayer | Updating Geometry BVH Cone.537 1272/1562 | Building BVH
Fra:1 Mem:181.73M (Peak 284.05M) | Time:00:01.08 | Mem:12.95M, Peak:12.95M | Scene, ViewLayer | Updating Geometry BVH Cone.536 1271/1562 | Building BVH
Fra:1 Mem:181.73M (Peak 284.05M) | Time:00:01.08 | Mem:12.93M, Peak:12.96M | Scene, ViewLayer | Updating Geometry BVH Sphere.048 616/1562 | Building BVH
Fra:1 Mem:181.73M (Peak 284.05M) | Time:00:01.08 | Mem:12.95M, Peak:12.96M | Scene, ViewLayer | Updating Geometry BVH Cone.535 1270/1562 | Building BVH
Fra:1 Mem:181.73M (Peak 284.05M) | Time:00:01.08 | Mem:13.03M, Peak:13.03M | Scene, ViewLayer | Updating Geometry BVH Cone.534 1269/1562 | Building BVH
Fra:1 Mem:181.73M (Peak 284.05M) | Time:00:01.08 | Mem:13.07M, Peak:13.07M | Scene, ViewLayer | Updating Geometry BVH Cone.533 1268/1562 | Building BVH
Fra:1 Mem:181.73M (Peak 284.05M) | Time:00:01.08 | Mem:13.09M, Peak:13.10M | Scene, ViewLayer | Updating Geometry BVH Sphere.050 618/1562 | Building BVH
Fra:1 Mem:181.73M (Peak 284.05M) | Time:00:01.08 | Mem:13.11M, Peak:13.11M | Scene, ViewLayer | Updating Geometry BVH Cone.532 1267/1562 | Building BVH
Fra:1 Mem:181.73M (Peak 284.05M) | Time:00:01.08 | Mem:13.09M, Peak:13.14M | Scene, ViewLayer | Updating Geometry BVH Sphere.051 619/1562 | Building BVH
Fra:1 Mem:181.73M (Peak 284.05M) | Time:00:01.08 | Mem:13.10M, Peak:13.14M | Scene, ViewLayer | Updating Geometry BVH Cone.531 1266/1562 | Building BVH
Fra:1 Mem:181.73M (Peak 284.05M) | Time:00:01.08 | Mem:13.15M, Peak:13.15M | Scene, ViewLayer | Updating Geometry BVH Cone.530 1265/1562 | Building BVH
Fra:1 Mem:181.73M (Peak 284.05M) | Time:00:01.08 | Mem:13.20M, Peak:13.20M | Scene, ViewLayer | Updating Geometry BVH Cone.529 1264/1562 | Building BVH
Fra:1 Mem:181.73M (Peak 284.05M) | Time:00:01.08 | Mem:13.27M, Peak:13.27M | Scene, ViewLayer | Updating Geometry BVH Cone.528 1263/1562 | Building BVH
Fra:1 Mem:181.73M (Peak 284.05M) | Time:00:01.08 | Mem:13.34M, Peak:13.34M | Scene, ViewLayer | Updating Geometry BVH Cone.527 1262/1562 | Building BVH
Fra:1 Mem:181.73M (Peak 284.05M) | Time:00:01.08 | Mem:13.42M, Peak:13.49M | Scene, ViewLayer | Updating Geometry BVH Sphere.053 621/1562 | Building BVH
Fra:1 Mem:181.73M (Peak 284.05M) | Time:00:01.08 | Mem:13.48M, Peak:13.49M | Scene, ViewLayer | Updating Geometry BVH Cone.526 1261/1562 | Building BVH
Fra:1 Mem:181.73M (Peak 284.05M) | Time:00:01.08 | Mem:13.52M, Peak:13.56M | Scene, ViewLayer | Updating Geometry BVH Sphere.054 622/1562 | Building BVH
Fra:1 Mem:181.73M (Peak 284.05M) | Time:00:01.08 | Mem:13.55M, Peak:13.56M | Scene, ViewLayer | Updating Geometry BVH Cone.525 1260/1562 | Building BVH
Fra:1 Mem:181.73M (Peak 284.05M) | Time:00:01.08 | Mem:13.64M, Peak:13.64M | Scene, ViewLayer | Updating Geometry BVH Cone.524 1259/1562 | Building BVH
Fra:1 Mem:181.73M (Peak 284.05M) | Time:00:01.08 | Mem:13.68M, Peak:13.68M | Scene, ViewLayer | Updating Geometry BVH Cone.523 1258/1562 | Building BVH
Fra:1 Mem:181.73M (Peak 284.05M) | Time:00:01.08 | Mem:13.74M, Peak:13.76M | Scene, ViewLayer | Updating Geometry BVH Torus.001 623/1562 | Building BVH
Fra:1 Mem:181.73M (Peak 284.05M) | Time:00:01.08 | Mem:13.71M, Peak:13.76M | Scene, ViewLayer | Updating Geometry BVH Torus.002 624/1562 | Building BVH
Fra:1 Mem:181.73M (Peak 284.05M) | Time:00:01.08 | Mem:13.73M, Peak:13.76M | Scene, ViewLayer | Updating Geometry BVH Cone.522 1257/1562 | Building BVH
Fra:1 Mem:181.73M (Peak 284.05M) | Time:00:01.08 | Mem:13.81M, Peak:13.81M | Scene, ViewLayer | Updating Geometry BVH Cone.521 1256/1562 | Building BVH
Fra:1 Mem:181.73M (Peak 284.05M) | Time:00:01.08 | Mem:13.78M, Peak:13.83M | Scene, ViewLayer | Updating Geometry BVH Torus.004 626/1562 | Building BVH
Fra:1 Mem:181.73M (Peak 284.05M) | Time:00:01.08 | Mem:13.78M, Peak:13.83M | Scene, ViewLayer | Updating Geometry BVH Cone.520 1255/1562 | Building BVH
Fra:1 Mem:181.73M (Peak 284.05M) | Time:00:01.08 | Mem:13.82M, Peak:13.83M | Scene, ViewLayer | Updating Geometry BVH Cone.058 627/1562 | Building BVH
Fra:1 Mem:181.73M (Peak 284.05M) | Time:00:01.08 | Mem:13.84M, Peak:13.84M | Scene, ViewLayer | Updating Geometry BVH Cone.519 1254/1562 | Building BVH
Fra:1 Mem:181.73M (Peak 284.05M) | Time:00:01.08 | Mem:13.83M, Peak:13.84M | Scene, ViewLayer | Updating Geometry BVH Cube.576 629/1562 | Building BVH
Fra:1 Mem:181.73M (Peak 284.05M) | Time:00:01.08 | Mem:13.84M, Peak:13.84M | Scene, ViewLayer | Updating Geometry BVH Cube.577 630/1562 | Building BVH
Fra:1 Mem:181.73M (Peak 284.05M) | Time:00:01.08 | Mem:13.84M, Peak:13.84M | Scene, ViewLayer | Updating Geometry BVH Cone.518 1253/1562 | Building BVH
Fra:1 Mem:181.73M (Peak 284.05M) | Time:00:01.08 | Mem:13.84M, Peak:13.84M | Scene, ViewLayer | Updating Geometry BVH Cube.578 631/1562 | Building BVH
Fra:1 Mem:181.73M (Peak 284.05M) | Time:00:01.08 | Mem:13.84M, Peak:13.84M | Scene, ViewLayer | Updating Geometry BVH Cube.579 632/1562 | Building BVH
Fra:1 Mem:181.73M (Peak 284.05M) | Time:00:01.08 | Mem:13.85M, Peak:13.85M | Scene, ViewLayer | Updating Geometry BVH Cone.517 1252/1562 | Building BVH
Fra:1 Mem:181.73M (Peak 284.05M) | Time:00:01.08 | Mem:13.85M, Peak:13.85M | Scene, ViewLayer | Updating Geometry BVH Cube.580 633/1562 | Building BVH
Fra:1 Mem:181.73M (Peak 284.05M) | Time:00:01.08 | Mem:13.85M, Peak:13.85M | Scene, ViewLayer | Updating Geometry BVH Cube.581 634/1562 | Building BVH
Fra:1 Mem:181.73M (Peak 284.05M) | Time:00:01.08 | Mem:13.85M, Peak:13.85M | Scene, ViewLayer | Updating Geometry BVH Cube.582 635/1562 | Building BVH
Fra:1 Mem:181.73M (Peak 284.05M) | Time:00:01.08 | Mem:13.85M, Peak:13.86M | Scene, ViewLayer | Updating Geometry BVH Cone.516 1251/1562 | Building BVH
Fra:1 Mem:181.73M (Peak 284.05M) | Time:00:01.08 | Mem:13.86M, Peak:13.86M | Scene, ViewLayer | Updating Geometry BVH Cube.584 637/1562 | Building BVH
Fra:1 Mem:181.73M (Peak 284.05M) | Time:00:01.08 | Mem:13.86M, Peak:13.86M | Scene, ViewLayer | Updating Geometry BVH Cube.585 638/1562 | Building BVH
Fra:1 Mem:181.73M (Peak 284.05M) | Time:00:01.08 | Mem:13.86M, Peak:13.86M | Scene, ViewLayer | Updating Geometry BVH Cube.586 639/1562 | Building BVH
Fra:1 Mem:181.73M (Peak 284.05M) | Time:00:01.08 | Mem:13.86M, Peak:13.86M | Scene, ViewLayer | Updating Geometry BVH Sphere.090 641/1562 | Building BVH
Fra:1 Mem:181.73M (Peak 284.05M) | Time:00:01.08 | Mem:13.86M, Peak:13.86M | Scene, ViewLayer | Updating Geometry BVH Sphere.091 642/1562 | Building BVH
Fra:1 Mem:181.73M (Peak 284.05M) | Time:00:01.08 | Mem:13.90M, Peak:13.90M | Scene, ViewLayer | Updating Geometry BVH Sphere.092 643/1562 | Building BVH
Fra:1 Mem:181.73M (Peak 284.05M) | Time:00:01.08 | Mem:13.92M, Peak:13.92M | Scene, ViewLayer | Updating Geometry BVH Sphere.093 644/1562 | Building BVH
Fra:1 Mem:181.73M (Peak 284.05M) | Time:00:01.08 | Mem:13.91M, Peak:13.92M | Scene, ViewLayer | Updating Geometry BVH Torus.007 645/1562 | Building BVH
Fra:1 Mem:181.73M (Peak 284.05M) | Time:00:01.08 | Mem:13.94M, Peak:13.94M | Scene, ViewLayer | Updating Geometry BVH Cone.514 1249/1562 | Building BVH
Fra:1 Mem:181.73M (Peak 284.05M) | Time:00:01.08 | Mem:13.96M, Peak:13.96M | Scene, ViewLayer | Updating Geometry BVH Torus.008 646/1562 | Building BVH
Fra:1 Mem:181.73M (Peak 284.05M) | Time:00:01.08 | Mem:13.95M, Peak:13.97M | Scene, ViewLayer | Updating Geometry BVH Torus.009 647/1562 | Building BVH
Fra:1 Mem:181.73M (Peak 284.05M) | Time:00:01.08 | Mem:14.04M, Peak:14.04M | Scene, ViewLayer | Updating Geometry BVH Cone.513 1248/1562 | Building BVH
Fra:1 Mem:181.73M (Peak 284.05M) | Time:00:01.08 | Mem:14.05M, Peak:14.08M | Scene, ViewLayer | Updating Geometry BVH Cone.512 1247/1562 | Building BVH
Fra:1 Mem:181.73M (Peak 284.05M) | Time:00:01.08 | Mem:14.07M, Peak:14.08M | Scene, ViewLayer | Updating Geometry BVH Cone.511 1246/1562 | Building BVH
Fra:1 Mem:181.73M (Peak 284.05M) | Time:00:01.08 | Mem:14.09M, Peak:14.10M | Scene, ViewLayer | Updating Geometry BVH Cone.510 1245/1562 | Building BVH
Fra:1 Mem:181.73M (Peak 284.05M) | Time:00:01.08 | Mem:14.10M, Peak:14.10M | Scene, ViewLayer | Updating Geometry BVH Cone.509 1244/1562 | Building BVH
Fra:1 Mem:181.73M (Peak 284.05M) | Time:00:01.08 | Mem:14.11M, Peak:14.11M | Scene, ViewLayer | Updating Geometry BVH Cone.508 1243/1562 | Building BVH
Fra:1 Mem:181.73M (Peak 284.05M) | Time:00:01.08 | Mem:14.12M, Peak:14.12M | Scene, ViewLayer | Updating Geometry BVH Torus.049 1242/1562 | Building BVH
Fra:1 Mem:181.73M (Peak 284.05M) | Time:00:01.08 | Mem:14.16M, Peak:14.16M | Scene, ViewLayer | Updating Geometry BVH Cube.618 648/1562 | Building BVH
Fra:1 Mem:181.73M (Peak 284.05M) | Time:00:01.08 | Mem:14.18M, Peak:14.19M | Scene, ViewLayer | Updating Geometry BVH Cylinder.368 1241/1562 | Building BVH
Fra:1 Mem:181.73M (Peak 284.05M) | Time:00:01.08 | Mem:14.14M, Peak:14.19M | Scene, ViewLayer | Updating Geometry BVH Cube.620 650/1562 | Building BVH
Fra:1 Mem:181.73M (Peak 284.05M) | Time:00:01.08 | Mem:14.14M, Peak:14.19M | Scene, ViewLayer | Updating Geometry BVH Cone.507 1240/1562 | Building BVH
Fra:1 Mem:181.73M (Peak 284.05M) | Time:00:01.08 | Mem:14.15M, Peak:14.19M | Scene, ViewLayer | Updating Geometry BVH Cone.506 1239/1562 | Building BVH
Fra:1 Mem:181.73M (Peak 284.05M) | Time:00:01.08 | Mem:14.17M, Peak:14.19M | Scene, ViewLayer | Updating Geometry BVH Cone.505 1238/1562 | Building BVH
Fra:1 Mem:181.73M (Peak 284.05M) | Time:00:01.08 | Mem:14.18M, Peak:14.19M | Scene, ViewLayer | Updating Geometry BVH Cone.504 1237/1562 | Building BVH
Fra:1 Mem:181.73M (Peak 284.05M) | Time:00:01.08 | Mem:14.20M, Peak:14.20M | Scene, ViewLayer | Updating Geometry BVH Cube.621 651/1562 | Building BVH
Fra:1 Mem:181.73M (Peak 284.05M) | Time:00:01.08 | Mem:14.21M, Peak:14.21M | Scene, ViewLayer | Updating Geometry BVH Cone.503 1236/1562 | Building BVH
Fra:1 Mem:181.73M (Peak 284.05M) | Time:00:01.08 | Mem:14.19M, Peak:14.22M | Scene, ViewLayer | Updating Geometry BVH Cylinder.228 652/1562 | Building BVH
Fra:1 Mem:181.73M (Peak 284.05M) | Time:00:01.08 | Mem:14.20M, Peak:14.22M | Scene, ViewLayer | Updating Geometry BVH Cone.502 1235/1562 | Building BVH
Fra:1 Mem:181.73M (Peak 284.05M) | Time:00:01.08 | Mem:14.20M, Peak:14.22M | Scene, ViewLayer | Updating Geometry BVH Cone.501 1234/1562 | Building BVH
Fra:1 Mem:181.73M (Peak 284.05M) | Time:00:01.08 | Mem:14.21M, Peak:14.22M | Scene, ViewLayer | Updating Geometry BVH Cylinder.229 653/1562 | Building BVH
Fra:1 Mem:181.73M (Peak 284.05M) | Time:00:01.08 | Mem:14.21M, Peak:14.22M | Scene, ViewLayer | Updating Geometry BVH Cone.500 1233/1562 | Building BVH
Fra:1 Mem:181.73M (Peak 284.05M) | Time:00:01.08 | Mem:14.21M, Peak:14.22M | Scene, ViewLayer | Updating Geometry BVH Cylinder.230 654/1562 | Building BVH
Fra:1 Mem:181.73M (Peak 284.05M) | Time:00:01.08 | Mem:14.22M, Peak:14.22M | Scene, ViewLayer | Updating Geometry BVH Cylinder.231 655/1562 | Building BVH
Fra:1 Mem:181.73M (Peak 284.05M) | Time:00:01.08 | Mem:14.22M, Peak:14.22M | Scene, ViewLayer | Updating Geometry BVH Cylinder.232 656/1562 | Building BVH
Fra:1 Mem:181.73M (Peak 284.05M) | Time:00:01.08 | Mem:14.22M, Peak:14.22M | Scene, ViewLayer | Updating Geometry BVH Cone.499 1232/1562 | Building BVH
Fra:1 Mem:181.73M (Peak 284.05M) | Time:00:01.08 | Mem:14.22M, Peak:14.22M | Scene, ViewLayer | Updating Geometry BVH Cylinder.233 657/1562 | Building BVH
Fra:1 Mem:181.73M (Peak 284.05M) | Time:00:01.08 | Mem:14.27M, Peak:14.27M | Scene, ViewLayer | Updating Geometry BVH Cylinder.234 658/1562 | Building BVH
Fra:1 Mem:181.73M (Peak 284.05M) | Time:00:01.08 | Mem:14.27M, Peak:14.29M | Scene, ViewLayer | Updating Geometry BVH Sphere.109 660/1562 | Building BVH
Fra:1 Mem:181.73M (Peak 284.05M) | Time:00:01.08 | Mem:14.27M, Peak:14.29M | Scene, ViewLayer | Updating Geometry BVH Cone.497 1230/1562 | Building BVH
Fra:1 Mem:181.73M (Peak 284.05M) | Time:00:01.08 | Mem:14.28M, Peak:14.29M | Scene, ViewLayer | Updating Geometry BVH Cone.496 1229/1562 | Building BVH
Fra:1 Mem:181.73M (Peak 284.05M) | Time:00:01.08 | Mem:14.29M, Peak:14.29M | Scene, ViewLayer | Updating Geometry BVH Cone.073 663/1562 | Building BVH
Fra:1 Mem:181.73M (Peak 284.05M) | Time:00:01.08 | Mem:14.29M, Peak:14.29M | Scene, ViewLayer | Updating Geometry BVH Cone.495 1228/1562 | Building BVH
Fra:1 Mem:181.73M (Peak 284.05M) | Time:00:01.08 | Mem:14.29M, Peak:14.29M | Scene, ViewLayer | Updating Geometry BVH Cone.074 664/1562 | Building BVH
Fra:1 Mem:181.73M (Peak 284.05M) | Time:00:01.08 | Mem:14.29M, Peak:14.29M | Scene, ViewLayer | Updating Geometry BVH Cone.075 665/1562 | Building BVH
Fra:1 Mem:181.73M (Peak 284.05M) | Time:00:01.08 | Mem:14.29M, Peak:14.29M | Scene, ViewLayer | Updating Geometry BVH Cone.076 666/1562 | Building BVH
Fra:1 Mem:181.73M (Peak 284.05M) | Time:00:01.08 | Mem:14.29M, Peak:14.29M | Scene, ViewLayer | Updating Geometry BVH Cylinder.283 667/1562 | Building BVH
Fra:1 Mem:181.73M (Peak 284.05M) | Time:00:01.08 | Mem:14.30M, Peak:14.30M | Scene, ViewLayer | Updating Geometry BVH Cylinder.284 668/1562 | Building BVH
Fra:1 Mem:181.73M (Peak 284.05M) | Time:00:01.08 | Mem:14.31M, Peak:14.31M | Scene, ViewLayer | Updating Geometry BVH Torus.036 669/1562 | Building BVH
Fra:1 Mem:181.73M (Peak 284.05M) | Time:00:01.08 | Mem:14.31M, Peak:14.31M | Scene, ViewLayer | Updating Geometry BVH Torus.037 670/1562 | Building BVH
Fra:1 Mem:181.73M (Peak 284.05M) | Time:00:01.08 | Mem:14.35M, Peak:14.36M | Scene, ViewLayer | Updating Geometry BVH Cone.493 1226/1562 | Building BVH
Fra:1 Mem:181.73M (Peak 284.05M) | Time:00:01.08 | Mem:14.36M, Peak:14.37M | Scene, ViewLayer | Updating Geometry BVH Sphere.136 673/1562 | Building BVH
Fra:1 Mem:181.73M (Peak 284.05M) | Time:00:01.08 | Mem:14.36M, Peak:14.37M | Scene, ViewLayer | Updating Geometry BVH Cone.492 1225/1562 | Building BVH
Fra:1 Mem:181.73M (Peak 284.05M) | Time:00:01.08 | Mem:14.36M, Peak:14.37M | Scene, ViewLayer | Updating Geometry BVH Cone.491 1224/1562 | Building BVH
Fra:1 Mem:181.73M (Peak 284.05M) | Time:00:01.08 | Mem:14.47M, Peak:14.47M | Scene, ViewLayer | Updating Geometry BVH Cone.490 1223/1562 | Building BVH
Fra:1 Mem:181.73M (Peak 284.05M) | Time:00:01.08 | Mem:14.60M, Peak:14.62M | Scene, ViewLayer | Updating Geometry BVH Cone.489 1222/1562 | Building BVH
Fra:1 Mem:181.73M (Peak 284.05M) | Time:00:01.08 | Mem:14.62M, Peak:14.62M | Scene, ViewLayer | Updating Geometry BVH Sphere.137 674/1562 | Building BVH
Fra:1 Mem:181.73M (Peak 284.05M) | Time:00:01.09 | Mem:14.57M, Peak:14.62M | Scene, ViewLayer | Updating Geometry BVH Sphere.138 675/1562 | Building BVH
Fra:1 Mem:181.73M (Peak 284.05M) | Time:00:01.09 | Mem:14.57M, Peak:14.62M | Scene, ViewLayer | Updating Geometry BVH Cube.666 676/1562 | Building BVH
Fra:1 Mem:181.73M (Peak 284.05M) | Time:00:01.09 | Mem:14.61M, Peak:14.62M | Scene, ViewLayer | Updating Geometry BVH Cone.487 1220/1562 | Building BVH
Fra:1 Mem:181.73M (Peak 284.05M) | Time:00:01.09 | Mem:14.64M, Peak:14.64M | Scene, ViewLayer | Updating Geometry BVH Cone.486 1219/1562 | Building BVH
Fra:1 Mem:181.73M (Peak 284.05M) | Time:00:01.09 | Mem:14.67M, Peak:14.67M | Scene, ViewLayer | Updating Geometry BVH Cube.667 677/1562 | Building BVH
Fra:1 Mem:181.73M (Peak 284.05M) | Time:00:01.09 | Mem:14.69M, Peak:14.72M | Scene, ViewLayer | Updating Geometry BVH Cube.668 678/1562 | Building BVH
Fra:1 Mem:181.73M (Peak 284.05M) | Time:00:01.09 | Mem:14.72M, Peak:14.72M | Scene, ViewLayer | Updating Geometry BVH Cube.669 679/1562 | Building BVH
Fra:1 Mem:181.73M (Peak 284.05M) | Time:00:01.09 | Mem:14.77M, Peak:14.77M | Scene, ViewLayer | Updating Geometry BVH Cone.484 1217/1562 | Building BVH
Fra:1 Mem:181.73M (Peak 284.05M) | Time:00:01.09 | Mem:14.78M, Peak:14.78M | Scene, ViewLayer | Updating Geometry BVH Cube.671 681/1562 | Building BVH
Fra:1 Mem:181.73M (Peak 284.05M) | Time:00:01.09 | Mem:14.77M, Peak:14.79M | Scene, ViewLayer | Updating Geometry BVH Cube.672 682/1562 | Building BVH
Fra:1 Mem:181.73M (Peak 284.05M) | Time:00:01.09 | Mem:14.77M, Peak:14.79M | Scene, ViewLayer | Updating Geometry BVH Cone.483 1216/1562 | Building BVH
Fra:1 Mem:181.73M (Peak 284.05M) | Time:00:01.09 | Mem:14.78M, Peak:14.79M | Scene, ViewLayer | Updating Geometry BVH Cube.673 683/1562 | Building BVH
Fra:1 Mem:181.73M (Peak 284.05M) | Time:00:01.09 | Mem:14.79M, Peak:14.79M | Scene, ViewLayer | Updating Geometry BVH Cube.674 684/1562 | Building BVH
Fra:1 Mem:181.73M (Peak 284.05M) | Time:00:01.09 | Mem:14.81M, Peak:14.81M | Scene, ViewLayer | Updating Geometry BVH Cube.675 685/1562 | Building BVH
Fra:1 Mem:181.73M (Peak 284.05M) | Time:00:01.09 | Mem:14.82M, Peak:14.82M | Scene, ViewLayer | Updating Geometry BVH Cube.677 687/1562 | Building BVH
Fra:1 Mem:181.73M (Peak 284.05M) | Time:00:01.09 | Mem:14.84M, Peak:14.84M | Scene, ViewLayer | Updating Geometry BVH Cylinder.298 688/1562 | Building BVH
Fra:1 Mem:181.73M (Peak 284.05M) | Time:00:01.09 | Mem:14.85M, Peak:14.85M | Scene, ViewLayer | Updating Geometry BVH Cylinder.299 689/1562 | Building BVH
Fra:1 Mem:181.73M (Peak 284.05M) | Time:00:01.09 | Mem:14.85M, Peak:14.85M | Scene, ViewLayer | Updating Geometry BVH Sphere.140 690/1562 | Building BVH
Fra:1 Mem:181.73M (Peak 284.05M) | Time:00:01.09 | Mem:14.85M, Peak:14.85M | Scene, ViewLayer | Updating Geometry BVH Sphere.141 691/1562 | Building BVH
Fra:1 Mem:181.73M (Peak 284.05M) | Time:00:01.09 | Mem:14.90M, Peak:14.90M | Scene, ViewLayer | Updating Geometry BVH Sphere.142 692/1562 | Building BVH
Fra:1 Mem:181.73M (Peak 284.05M) | Time:00:01.09 | Mem:14.91M, Peak:14.91M | Scene, ViewLayer | Updating Geometry BVH Cone.078 693/1562 | Building BVH
Fra:1 Mem:181.73M (Peak 284.05M) | Time:00:01.09 | Mem:14.92M, Peak:14.92M | Scene, ViewLayer | Updating Geometry BVH Cone.079 694/1562 | Building BVH
Fra:1 Mem:181.73M (Peak 284.05M) | Time:00:01.09 | Mem:14.93M, Peak:14.93M | Scene, ViewLayer | Updating Geometry BVH Cylinder.305 695/1562 | Building BVH
Fra:1 Mem:181.73M (Peak 284.05M) | Time:00:01.09 | Mem:14.94M, Peak:14.94M | Scene, ViewLayer | Updating Geometry BVH Cylinder.306 696/1562 | Building BVH
Fra:1 Mem:181.73M (Peak 284.05M) | Time:00:01.09 | Mem:14.96M, Peak:14.96M | Scene, ViewLayer | Updating Geometry BVH Cylinder.307 697/1562 | Building BVH
Fra:1 Mem:181.73M (Peak 284.05M) | Time:00:01.09 | Mem:14.97M, Peak:14.97M | Scene, ViewLayer | Updating Geometry BVH Cylinder.308 698/1562 | Building BVH
Fra:1 Mem:181.73M (Peak 284.05M) | Time:00:01.09 | Mem:14.98M, Peak:14.98M | Scene, ViewLayer | Updating Geometry BVH Cylinder.309 699/1562 | Building BVH
Fra:1 Mem:181.73M (Peak 284.05M) | Time:00:01.09 | Mem:14.99M, Peak:14.99M | Scene, ViewLayer | Updating Geometry BVH Cylinder.310 700/1562 | Building BVH
Fra:1 Mem:181.73M (Peak 284.05M) | Time:00:01.09 | Mem:15.00M, Peak:15.00M | Scene, ViewLayer | Updating Geometry BVH Cylinder.311 701/1562 | Building BVH
Fra:1 Mem:181.73M (Peak 284.05M) | Time:00:01.09 | Mem:15.01M, Peak:15.01M | Scene, ViewLayer | Updating Geometry BVH Cylinder.312 702/1562 | Building BVH
Fra:1 Mem:181.73M (Peak 284.05M) | Time:00:01.09 | Mem:14.98M, Peak:15.02M | Scene, ViewLayer | Updating Geometry BVH Cylinder.313 703/1562 | Building BVH
Fra:1 Mem:181.73M (Peak 284.05M) | Time:00:01.09 | Mem:14.98M, Peak:15.02M | Scene, ViewLayer | Updating Geometry BVH Cylinder.315 705/1562 | Building BVH
Fra:1 Mem:181.73M (Peak 284.05M) | Time:00:01.09 | Mem:14.98M, Peak:15.02M | Scene, ViewLayer | Updating Geometry BVH Cylinder.317 707/1562 | Building BVH
Fra:1 Mem:181.73M (Peak 284.05M) | Time:00:01.09 | Mem:14.98M, Peak:15.02M | Scene, ViewLayer | Updating Geometry BVH Cylinder.319 709/1562 | Building BVH
Fra:1 Mem:181.73M (Peak 284.05M) | Time:00:01.09 | Mem:14.98M, Peak:15.02M | Scene, ViewLayer | Updating Geometry BVH Cylinder.320 710/1562 | Building BVH
Fra:1 Mem:181.73M (Peak 284.05M) | Time:00:01.09 | Mem:14.99M, Peak:15.02M | Scene, ViewLayer | Updating Geometry BVH Cylinder.321 711/1562 | Building BVH
Fra:1 Mem:181.73M (Peak 284.05M) | Time:00:01.09 | Mem:14.99M, Peak:15.02M | Scene, ViewLayer | Updating Geometry BVH Cylinder.322 712/1562 | Building BVH
Fra:1 Mem:181.73M (Peak 284.05M) | Time:00:01.09 | Mem:14.99M, Peak:15.02M | Scene, ViewLayer | Updating Geometry BVH Cylinder.323 713/1562 | Building BVH
Fra:1 Mem:181.73M (Peak 284.05M) | Time:00:01.09 | Mem:14.99M, Peak:15.02M | Scene, ViewLayer | Updating Geometry BVH Cylinder.325 715/1562 | Building BVH
Fra:1 Mem:181.73M (Peak 284.05M) | Time:00:01.09 | Mem:14.99M, Peak:15.02M | Scene, ViewLayer | Updating Geometry BVH Cylinder.326 716/1562 | Building BVH
Fra:1 Mem:181.73M (Peak 284.05M) | Time:00:01.09 | Mem:14.99M, Peak:15.02M | Scene, ViewLayer | Updating Geometry BVH Cylinder.327 717/1562 | Building BVH
Fra:1 Mem:181.73M (Peak 284.05M) | Time:00:01.09 | Mem:14.99M, Peak:15.02M | Scene, ViewLayer | Updating Geometry BVH Cylinder.328 718/1562 | Building BVH
Fra:1 Mem:181.73M (Peak 284.05M) | Time:00:01.09 | Mem:14.99M, Peak:15.02M | Scene, ViewLayer | Updating Geometry BVH Cylinder.329 719/1562 | Building BVH
Fra:1 Mem:181.73M (Peak 284.05M) | Time:00:01.09 | Mem:15.00M, Peak:15.02M | Scene, ViewLayer | Updating Geometry BVH Cylinder.330 720/1562 | Building BVH
Fra:1 Mem:181.73M (Peak 284.05M) | Time:00:01.09 | Mem:15.00M, Peak:15.02M | Scene, ViewLayer | Updating Geometry BVH Cylinder.331 721/1562 | Building BVH
Fra:1 Mem:181.73M (Peak 284.05M) | Time:00:01.09 | Mem:15.00M, Peak:15.02M | Scene, ViewLayer | Updating Geometry BVH Cylinder.332 722/1562 | Building BVH
Fra:1 Mem:181.73M (Peak 284.05M) | Time:00:01.09 | Mem:15.00M, Peak:15.02M | Scene, ViewLayer | Updating Geometry BVH Cylinder.333 723/1562 | Building BVH
Fra:1 Mem:181.73M (Peak 284.05M) | Time:00:01.09 | Mem:15.00M, Peak:15.02M | Scene, ViewLayer | Updating Geometry BVH Cylinder.334 724/1562 | Building BVH
Fra:1 Mem:181.73M (Peak 284.05M) | Time:00:01.09 | Mem:15.00M, Peak:15.02M | Scene, ViewLayer | Updating Geometry BVH Cylinder.336 726/1562 | Building BVH
Fra:1 Mem:181.73M (Peak 284.05M) | Time:00:01.09 | Mem:15.00M, Peak:15.02M | Scene, ViewLayer | Updating Geometry BVH Cylinder.337 727/1562 | Building BVH
Fra:1 Mem:181.73M (Peak 284.05M) | Time:00:01.09 | Mem:15.00M, Peak:15.02M | Scene, ViewLayer | Updating Geometry BVH Cylinder.339 729/1562 | Building BVH
Fra:1 Mem:181.73M (Peak 284.05M) | Time:00:01.09 | Mem:15.01M, Peak:15.02M | Scene, ViewLayer | Updating Geometry BVH Cylinder.340 730/1562 | Building BVH
Fra:1 Mem:181.73M (Peak 284.05M) | Time:00:01.09 | Mem:15.01M, Peak:15.02M | Scene, ViewLayer | Updating Geometry BVH Cylinder.341 731/1562 | Building BVH
Fra:1 Mem:181.73M (Peak 284.05M) | Time:00:01.09 | Mem:15.01M, Peak:15.02M | Scene, ViewLayer | Updating Geometry BVH Cylinder.342 732/1562 | Building BVH
Fra:1 Mem:181.73M (Peak 284.05M) | Time:00:01.09 | Mem:15.01M, Peak:15.02M | Scene, ViewLayer | Updating Geometry BVH Cylinder.343 733/1562 | Building BVH
Fra:1 Mem:181.73M (Peak 284.05M) | Time:00:01.09 | Mem:15.01M, Peak:15.02M | Scene, ViewLayer | Updating Geometry BVH Cylinder.344 734/1562 | Building BVH
Fra:1 Mem:181.73M (Peak 284.05M) | Time:00:01.09 | Mem:15.01M, Peak:15.02M | Scene, ViewLayer | Updating Geometry BVH Cylinder.345 735/1562 | Building BVH
Fra:1 Mem:181.73M (Peak 284.05M) | Time:00:01.09 | Mem:15.01M, Peak:15.02M | Scene, ViewLayer | Updating Geometry BVH Cylinder.346 736/1562 | Building BVH
Fra:1 Mem:181.73M (Peak 284.05M) | Time:00:01.09 | Mem:15.01M, Peak:15.02M | Scene, ViewLayer | Updating Geometry BVH Cylinder.347 737/1562 | Building BVH
Fra:1 Mem:181.73M (Peak 284.05M) | Time:00:01.09 | Mem:15.01M, Peak:15.02M | Scene, ViewLayer | Updating Geometry BVH Cylinder.348 738/1562 | Building BVH
Fra:1 Mem:181.73M (Peak 284.05M) | Time:00:01.09 | Mem:15.02M, Peak:15.02M | Scene, ViewLayer | Updating Geometry BVH Cylinder.349 739/1562 | Building BVH
Fra:1 Mem:181.73M (Peak 284.05M) | Time:00:01.09 | Mem:15.02M, Peak:15.02M | Scene, ViewLayer | Updating Geometry BVH Cylinder.350 740/1562 | Building BVH
Fra:1 Mem:181.73M (Peak 284.05M) | Time:00:01.09 | Mem:15.02M, Peak:15.02M | Scene, ViewLayer | Updating Geometry BVH Cylinder.351 741/1562 | Building BVH
Fra:1 Mem:181.73M (Peak 284.05M) | Time:00:01.09 | Mem:15.02M, Peak:15.02M | Scene, ViewLayer | Updating Geometry BVH Cylinder.352 742/1562 | Building BVH
Fra:1 Mem:181.73M (Peak 284.05M) | Time:00:01.09 | Mem:15.02M, Peak:15.02M | Scene, ViewLayer | Updating Geometry BVH Cylinder.353 743/1562 | Building BVH
Fra:1 Mem:181.73M (Peak 284.05M) | Time:00:01.09 | Mem:15.02M, Peak:15.02M | Scene, ViewLayer | Updating Geometry BVH Cylinder.354 744/1562 | Building BVH
Fra:1 Mem:181.73M (Peak 284.05M) | Time:00:01.09 | Mem:15.02M, Peak:15.02M | Scene, ViewLayer | Updating Geometry BVH Cylinder.355 745/1562 | Building BVH
Fra:1 Mem:181.73M (Peak 284.05M) | Time:00:01.09 | Mem:15.02M, Peak:15.02M | Scene, ViewLayer | Updating Geometry BVH Cylinder.356 746/1562 | Building BVH
Fra:1 Mem:181.73M (Peak 284.05M) | Time:00:01.09 | Mem:15.02M, Peak:15.03M | Scene, ViewLayer | Updating Geometry BVH Cylinder.357 747/1562 | Building BVH
Fra:1 Mem:181.73M (Peak 284.05M) | Time:00:01.09 | Mem:15.03M, Peak:15.03M | Scene, ViewLayer | Updating Geometry BVH Cylinder.359 749/1562 | Building BVH
Fra:1 Mem:181.73M (Peak 284.05M) | Time:00:01.09 | Mem:15.03M, Peak:15.03M | Scene, ViewLayer | Updating Geometry BVH Cylinder.360 750/1562 | Building BVH
Fra:1 Mem:181.73M (Peak 284.05M) | Time:00:01.09 | Mem:15.03M, Peak:15.03M | Scene, ViewLayer | Updating Geometry BVH Cylinder.361 751/1562 | Building BVH
Fra:1 Mem:181.73M (Peak 284.05M) | Time:00:01.09 | Mem:15.03M, Peak:15.03M | Scene, ViewLayer | Updating Geometry BVH Cylinder.362 752/1562 | Building BVH
Fra:1 Mem:181.73M (Peak 284.05M) | Time:00:01.09 | Mem:15.03M, Peak:15.03M | Scene, ViewLayer | Updating Geometry BVH Cylinder.363 753/1562 | Building BVH
Fra:1 Mem:181.73M (Peak 284.05M) | Time:00:01.09 | Mem:15.03M, Peak:15.03M | Scene, ViewLayer | Updating Geometry BVH Cylinder.364 754/1562 | Building BVH
Fra:1 Mem:181.73M (Peak 284.05M) | Time:00:01.09 | Mem:15.03M, Peak:15.04M | Scene, ViewLayer | Updating Geometry BVH Sphere.153 756/1562 | Building BVH
Fra:1 Mem:181.73M (Peak 284.05M) | Time:00:01.09 | Mem:15.04M, Peak:15.05M | Scene, ViewLayer | Updating Geometry BVH Cone.080 757/1562 | Building BVH
Fra:1 Mem:181.73M (Peak 284.05M) | Time:00:01.09 | Mem:15.05M, Peak:15.05M | Scene, ViewLayer | Updating Geometry BVH Cone.082 759/1562 | Building BVH
Fra:1 Mem:181.73M (Peak 284.05M) | Time:00:01.09 | Mem:15.05M, Peak:15.05M | Scene, ViewLayer | Updating Geometry BVH Cone.083 760/1562 | Building BVH
Fra:1 Mem:181.73M (Peak 284.05M) | Time:00:01.09 | Mem:15.05M, Peak:15.05M | Scene, ViewLayer | Updating Geometry BVH Cone.084 761/1562 | Building BVH
Fra:1 Mem:181.73M (Peak 284.05M) | Time:00:01.09 | Mem:15.05M, Peak:15.05M | Scene, ViewLayer | Updating Geometry BVH Cone.085 762/1562 | Building BVH
Fra:1 Mem:181.73M (Peak 284.05M) | Time:00:01.09 | Mem:15.05M, Peak:15.05M | Scene, ViewLayer | Updating Geometry BVH Cone.086 763/1562 | Building BVH
Fra:1 Mem:181.73M (Peak 284.05M) | Time:00:01.09 | Mem:15.05M, Peak:15.05M | Scene, ViewLayer | Updating Geometry BVH Cone.088 765/1562 | Building BVH
Fra:1 Mem:181.73M (Peak 284.05M) | Time:00:01.09 | Mem:15.05M, Peak:15.05M | Scene, ViewLayer | Updating Geometry BVH Cone.089 766/1562 | Building BVH
Fra:1 Mem:181.73M (Peak 284.05M) | Time:00:01.09 | Mem:15.05M, Peak:15.05M | Scene, ViewLayer | Updating Geometry BVH Cone.090 767/1562 | Building BVH
Fra:1 Mem:181.73M (Peak 284.05M) | Time:00:01.09 | Mem:15.06M, Peak:15.06M | Scene, ViewLayer | Updating Geometry BVH Cone.091 768/1562 | Building BVH
Fra:1 Mem:181.73M (Peak 284.05M) | Time:00:01.09 | Mem:15.06M, Peak:15.06M | Scene, ViewLayer | Updating Geometry BVH Cone.092 769/1562 | Building BVH
Fra:1 Mem:181.73M (Peak 284.05M) | Time:00:01.09 | Mem:15.06M, Peak:15.06M | Scene, ViewLayer | Updating Geometry BVH Cone.093 770/1562 | Building BVH
Fra:1 Mem:181.73M (Peak 284.05M) | Time:00:01.09 | Mem:15.06M, Peak:15.06M | Scene, ViewLayer | Updating Geometry BVH Cone.094 771/1562 | Building BVH
Fra:1 Mem:181.73M (Peak 284.05M) | Time:00:01.09 | Mem:15.06M, Peak:15.06M | Scene, ViewLayer | Updating Geometry BVH Cone.095 772/1562 | Building BVH
Fra:1 Mem:181.73M (Peak 284.05M) | Time:00:01.09 | Mem:15.06M, Peak:15.06M | Scene, ViewLayer | Updating Geometry BVH Cone.096 773/1562 | Building BVH
Fra:1 Mem:181.73M (Peak 284.05M) | Time:00:01.09 | Mem:15.06M, Peak:15.06M | Scene, ViewLayer | Updating Geometry BVH Cone.097 774/1562 | Building BVH
Fra:1 Mem:181.73M (Peak 284.05M) | Time:00:01.09 | Mem:15.06M, Peak:15.06M | Scene, ViewLayer | Updating Geometry BVH Cone.098 775/1562 | Building BVH
Fra:1 Mem:181.73M (Peak 284.05M) | Time:00:01.09 | Mem:15.06M, Peak:15.06M | Scene, ViewLayer | Updating Geometry BVH Cone.099 776/1562 | Building BVH
Fra:1 Mem:181.73M (Peak 284.05M) | Time:00:01.09 | Mem:15.07M, Peak:15.07M | Scene, ViewLayer | Updating Geometry BVH Cone.100 777/1562 | Building BVH
Fra:1 Mem:181.73M (Peak 284.05M) | Time:00:01.09 | Mem:15.07M, Peak:15.07M | Scene, ViewLayer | Updating Geometry BVH Cone.101 778/1562 | Building BVH
Fra:1 Mem:181.73M (Peak 284.05M) | Time:00:01.09 | Mem:15.07M, Peak:15.07M | Scene, ViewLayer | Updating Geometry BVH Cone.102 779/1562 | Building BVH
Fra:1 Mem:181.73M (Peak 284.05M) | Time:00:01.09 | Mem:15.07M, Peak:15.07M | Scene, ViewLayer | Updating Geometry BVH Cone.104 781/1562 | Building BVH
Fra:1 Mem:181.73M (Peak 284.05M) | Time:00:01.09 | Mem:15.07M, Peak:15.07M | Scene, ViewLayer | Updating Geometry BVH Cone.106 783/1562 | Building BVH
Fra:1 Mem:181.73M (Peak 284.05M) | Time:00:01.09 | Mem:15.07M, Peak:15.07M | Scene, ViewLayer | Updating Geometry BVH Cone.107 784/1562 | Building BVH
Fra:1 Mem:181.73M (Peak 284.05M) | Time:00:01.09 | Mem:15.07M, Peak:15.07M | Scene, ViewLayer | Updating Geometry BVH Cone.108 785/1562 | Building BVH
Fra:1 Mem:181.73M (Peak 284.05M) | Time:00:01.09 | Mem:15.08M, Peak:15.08M | Scene, ViewLayer | Updating Geometry BVH Cone.109 786/1562 | Building BVH
Fra:1 Mem:181.73M (Peak 284.05M) | Time:00:01.09 | Mem:15.08M, Peak:15.08M | Scene, ViewLayer | Updating Geometry BVH Cone.110 787/1562 | Building BVH
Fra:1 Mem:181.73M (Peak 284.05M) | Time:00:01.09 | Mem:15.08M, Peak:15.08M | Scene, ViewLayer | Updating Geometry BVH Cone.112 789/1562 | Building BVH
Fra:1 Mem:181.73M (Peak 284.05M) | Time:00:01.09 | Mem:15.08M, Peak:15.08M | Scene, ViewLayer | Updating Geometry BVH Cone.113 790/1562 | Building BVH
Fra:1 Mem:181.73M (Peak 284.05M) | Time:00:01.09 | Mem:15.08M, Peak:15.08M | Scene, ViewLayer | Updating Geometry BVH Cone.114 791/1562 | Building BVH
Fra:1 Mem:181.73M (Peak 284.05M) | Time:00:01.09 | Mem:15.08M, Peak:15.08M | Scene, ViewLayer | Updating Geometry BVH Cone.116 793/1562 | Building BVH
Fra:1 Mem:181.73M (Peak 284.05M) | Time:00:01.09 | Mem:15.08M, Peak:15.08M | Scene, ViewLayer | Updating Geometry BVH Cone.117 794/1562 | Building BVH
Fra:1 Mem:181.73M (Peak 284.05M) | Time:00:01.09 | Mem:15.09M, Peak:15.09M | Scene, ViewLayer | Updating Geometry BVH Cone.118 795/1562 | Building BVH
Fra:1 Mem:181.73M (Peak 284.05M) | Time:00:01.09 | Mem:15.09M, Peak:15.09M | Scene, ViewLayer | Updating Geometry BVH Cone.119 796/1562 | Building BVH
Fra:1 Mem:181.73M (Peak 284.05M) | Time:00:01.09 | Mem:15.09M, Peak:15.09M | Scene, ViewLayer | Updating Geometry BVH Cone.120 797/1562 | Building BVH
Fra:1 Mem:181.73M (Peak 284.05M) | Time:00:01.09 | Mem:15.09M, Peak:15.09M | Scene, ViewLayer | Updating Geometry BVH Cone.121 798/1562 | Building BVH
Fra:1 Mem:181.73M (Peak 284.05M) | Time:00:01.09 | Mem:15.09M, Peak:15.09M | Scene, ViewLayer | Updating Geometry BVH Cone.122 799/1562 | Building BVH
Fra:1 Mem:181.73M (Peak 284.05M) | Time:00:01.09 | Mem:15.09M, Peak:15.09M | Scene, ViewLayer | Updating Geometry BVH Cone.123 800/1562 | Building BVH
Fra:1 Mem:181.73M (Peak 284.05M) | Time:00:01.09 | Mem:15.09M, Peak:15.09M | Scene, ViewLayer | Updating Geometry BVH Cone.124 801/1562 | Building BVH
Fra:1 Mem:181.73M (Peak 284.05M) | Time:00:01.09 | Mem:15.09M, Peak:15.09M | Scene, ViewLayer | Updating Geometry BVH Cone.125 802/1562 | Building BVH
Fra:1 Mem:181.73M (Peak 284.05M) | Time:00:01.09 | Mem:15.10M, Peak:15.10M | Scene, ViewLayer | Updating Geometry BVH Cone.127 804/1562 | Building BVH
Fra:1 Mem:181.73M (Peak 284.05M) | Time:00:01.09 | Mem:15.10M, Peak:15.10M | Scene, ViewLayer | Updating Geometry BVH Cone.128 805/1562 | Building BVH
Fra:1 Mem:181.73M (Peak 284.05M) | Time:00:01.09 | Mem:15.10M, Peak:15.10M | Scene, ViewLayer | Updating Geometry BVH Cone.129 806/1562 | Building BVH
Fra:1 Mem:181.73M (Peak 284.05M) | Time:00:01.09 | Mem:15.10M, Peak:15.10M | Scene, ViewLayer | Updating Geometry BVH Cone.130 807/1562 | Building BVH
Fra:1 Mem:181.73M (Peak 284.05M) | Time:00:01.09 | Mem:15.10M, Peak:15.10M | Scene, ViewLayer | Updating Geometry BVH Cone.131 808/1562 | Building BVH
Fra:1 Mem:181.73M (Peak 284.05M) | Time:00:01.09 | Mem:15.10M, Peak:15.10M | Scene, ViewLayer | Updating Geometry BVH Cone.133 810/1562 | Building BVH
Fra:1 Mem:181.73M (Peak 284.05M) | Time:00:01.09 | Mem:15.10M, Peak:15.10M | Scene, ViewLayer | Updating Geometry BVH Cone.134 811/1562 | Building BVH
Fra:1 Mem:181.73M (Peak 284.05M) | Time:00:01.09 | Mem:15.10M, Peak:15.10M | Scene, ViewLayer | Updating Geometry BVH Cone.135 812/1562 | Building BVH
Fra:1 Mem:181.73M (Peak 284.05M) | Time:00:01.09 | Mem:15.10M, Peak:15.11M | Scene, ViewLayer | Updating Geometry BVH Cone.136 813/1562 | Building BVH
Fra:1 Mem:181.73M (Peak 284.05M) | Time:00:01.09 | Mem:15.11M, Peak:15.11M | Scene, ViewLayer | Updating Geometry BVH Cone.137 814/1562 | Building BVH
Fra:1 Mem:181.73M (Peak 284.05M) | Time:00:01.09 | Mem:15.11M, Peak:15.11M | Scene, ViewLayer | Updating Geometry BVH Cone.138 815/1562 | Building BVH
Fra:1 Mem:181.73M (Peak 284.05M) | Time:00:01.09 | Mem:15.11M, Peak:15.11M | Scene, ViewLayer | Updating Geometry BVH Cone.139 816/1562 | Building BVH
Fra:1 Mem:181.73M (Peak 284.05M) | Time:00:01.09 | Mem:15.11M, Peak:15.11M | Scene, ViewLayer | Updating Geometry BVH Cone.140 817/1562 | Building BVH
Fra:1 Mem:181.73M (Peak 284.05M) | Time:00:01.09 | Mem:15.11M, Peak:15.11M | Scene, ViewLayer | Updating Geometry BVH Cone.141 818/1562 | Building BVH
Fra:1 Mem:181.73M (Peak 284.05M) | Time:00:01.09 | Mem:15.11M, Peak:15.11M | Scene, ViewLayer | Updating Geometry BVH Cone.142 819/1562 | Building BVH
Fra:1 Mem:181.73M (Peak 284.05M) | Time:00:01.09 | Mem:15.11M, Peak:15.11M | Scene, ViewLayer | Updating Geometry BVH Cone.143 820/1562 | Building BVH
Fra:1 Mem:181.73M (Peak 284.05M) | Time:00:01.09 | Mem:15.11M, Peak:15.11M | Scene, ViewLayer | Updating Geometry BVH Cone.144 821/1562 | Building BVH
Fra:1 Mem:181.73M (Peak 284.05M) | Time:00:01.09 | Mem:15.11M, Peak:15.12M | Scene, ViewLayer | Updating Geometry BVH Cone.145 822/1562 | Building BVH
Fra:1 Mem:181.73M (Peak 284.05M) | Time:00:01.09 | Mem:15.12M, Peak:15.12M | Scene, ViewLayer | Updating Geometry BVH Cone.146 823/1562 | Building BVH
Fra:1 Mem:181.73M (Peak 284.05M) | Time:00:01.09 | Mem:15.12M, Peak:15.12M | Scene, ViewLayer | Updating Geometry BVH Cone.148 825/1562 | Building BVH
Fra:1 Mem:181.73M (Peak 284.05M) | Time:00:01.09 | Mem:15.12M, Peak:15.12M | Scene, ViewLayer | Updating Geometry BVH Cone.149 826/1562 | Building BVH
Fra:1 Mem:181.73M (Peak 284.05M) | Time:00:01.09 | Mem:15.12M, Peak:15.12M | Scene, ViewLayer | Updating Geometry BVH Cone.150 827/1562 | Building BVH
Fra:1 Mem:181.73M (Peak 284.05M) | Time:00:01.09 | Mem:15.12M, Peak:15.12M | Scene, ViewLayer | Updating Geometry BVH Cone.151 828/1562 | Building BVH
Fra:1 Mem:181.73M (Peak 284.05M) | Time:00:01.09 | Mem:15.12M, Peak:15.12M | Scene, ViewLayer | Updating Geometry BVH Cone.152 829/1562 | Building BVH
Fra:1 Mem:181.73M (Peak 284.05M) | Time:00:01.09 | Mem:15.12M, Peak:15.12M | Scene, ViewLayer | Updating Geometry BVH Cone.153 830/1562 | Building BVH
Fra:1 Mem:181.73M (Peak 284.05M) | Time:00:01.09 | Mem:15.13M, Peak:15.13M | Scene, ViewLayer | Updating Geometry BVH Cone.154 831/1562 | Building BVH
Fra:1 Mem:181.73M (Peak 284.05M) | Time:00:01.09 | Mem:15.13M, Peak:15.13M | Scene, ViewLayer | Updating Geometry BVH Cone.482 1215/1562 | Building BVH
Fra:1 Mem:181.73M (Peak 284.05M) | Time:00:01.09 | Mem:15.13M, Peak:15.13M | Scene, ViewLayer | Updating Geometry BVH Cone.156 833/1562 | Building BVH
Fra:1 Mem:181.73M (Peak 284.05M) | Time:00:01.09 | Mem:15.13M, Peak:15.13M | Scene, ViewLayer | Updating Geometry BVH Cone.157 834/1562 | Building BVH
Fra:1 Mem:181.73M (Peak 284.05M) | Time:00:01.09 | Mem:15.14M, Peak:15.14M | Scene, ViewLayer | Updating Geometry BVH Cone.481 1214/1562 | Building BVH
Fra:1 Mem:181.73M (Peak 284.05M) | Time:00:01.09 | Mem:15.14M, Peak:15.14M | Scene, ViewLayer | Updating Geometry BVH Cone.158 835/1562 | Building BVH
Fra:1 Mem:181.73M (Peak 284.05M) | Time:00:01.09 | Mem:15.14M, Peak:15.14M | Scene, ViewLayer | Updating Geometry BVH Cone.159 836/1562 | Building BVH
Fra:1 Mem:181.73M (Peak 284.05M) | Time:00:01.09 | Mem:15.14M, Peak:15.14M | Scene, ViewLayer | Updating Geometry BVH Cone.480 1213/1562 | Building BVH
Fra:1 Mem:181.73M (Peak 284.05M) | Time:00:01.09 | Mem:15.14M, Peak:15.14M | Scene, ViewLayer | Updating Geometry BVH Cone.479 1212/1562 | Building BVH
Fra:1 Mem:181.73M (Peak 284.05M) | Time:00:01.09 | Mem:15.14M, Peak:15.14M | Scene, ViewLayer | Updating Geometry BVH Cone.160 837/1562 | Building BVH
Fra:1 Mem:181.73M (Peak 284.05M) | Time:00:01.09 | Mem:15.15M, Peak:15.15M | Scene, ViewLayer | Updating Geometry BVH Cone.478 1211/1562 | Building BVH
Fra:1 Mem:181.73M (Peak 284.05M) | Time:00:01.09 | Mem:15.15M, Peak:15.15M | Scene, ViewLayer | Updating Geometry BVH Cone.161 838/1562 | Building BVH
Fra:1 Mem:181.73M (Peak 284.05M) | Time:00:01.09 | Mem:15.15M, Peak:15.15M | Scene, ViewLayer | Updating Geometry BVH Cone.477 1210/1562 | Building BVH
Fra:1 Mem:181.73M (Peak 284.05M) | Time:00:01.09 | Mem:15.15M, Peak:15.15M | Scene, ViewLayer | Updating Geometry BVH Cone.162 839/1562 | Building BVH
Fra:1 Mem:181.73M (Peak 284.05M) | Time:00:01.09 | Mem:15.16M, Peak:15.16M | Scene, ViewLayer | Updating Geometry BVH Cone.476 1209/1562 | Building BVH
Fra:1 Mem:181.73M (Peak 284.05M) | Time:00:01.09 | Mem:15.16M, Peak:15.16M | Scene, ViewLayer | Updating Geometry BVH Cone.475 1208/1562 | Building BVH
Fra:1 Mem:181.73M (Peak 284.05M) | Time:00:01.09 | Mem:15.16M, Peak:15.16M | Scene, ViewLayer | Updating Geometry BVH Cone.163 840/1562 | Building BVH
Fra:1 Mem:181.73M (Peak 284.05M) | Time:00:01.09 | Mem:15.16M, Peak:15.16M | Scene, ViewLayer | Updating Geometry BVH Cone.164 841/1562 | Building BVH
Fra:1 Mem:181.73M (Peak 284.05M) | Time:00:01.09 | Mem:15.17M, Peak:15.17M | Scene, ViewLayer | Updating Geometry BVH Cone.474 1207/1562 | Building BVH
Fra:1 Mem:181.73M (Peak 284.05M) | Time:00:01.09 | Mem:15.17M, Peak:15.17M | Scene, ViewLayer | Updating Geometry BVH Cone.165 842/1562 | Building BVH
Fra:1 Mem:181.73M (Peak 284.05M) | Time:00:01.09 | Mem:15.17M, Peak:15.17M | Scene, ViewLayer | Updating Geometry BVH Cone.473 1206/1562 | Building BVH
Fra:1 Mem:181.73M (Peak 284.05M) | Time:00:01.10 | Mem:15.17M, Peak:15.17M | Scene, ViewLayer | Updating Geometry BVH Cone.472 1205/1562 | Building BVH
Fra:1 Mem:181.73M (Peak 284.05M) | Time:00:01.10 | Mem:15.17M, Peak:15.17M | Scene, ViewLayer | Updating Geometry BVH Cone.166 843/1562 | Building BVH
Fra:1 Mem:181.73M (Peak 284.05M) | Time:00:01.10 | Mem:15.18M, Peak:15.18M | Scene, ViewLayer | Updating Geometry BVH Cone.471 1204/1562 | Building BVH
Fra:1 Mem:181.73M (Peak 284.05M) | Time:00:01.10 | Mem:15.18M, Peak:15.18M | Scene, ViewLayer | Updating Geometry BVH Cone.167 844/1562 | Building BVH
Fra:1 Mem:181.73M (Peak 284.05M) | Time:00:01.10 | Mem:15.18M, Peak:15.18M | Scene, ViewLayer | Updating Geometry BVH Cone.470 1203/1562 | Building BVH
Fra:1 Mem:181.73M (Peak 284.05M) | Time:00:01.10 | Mem:15.18M, Peak:15.18M | Scene, ViewLayer | Updating Geometry BVH Cone.168 845/1562 | Building BVH
Fra:1 Mem:181.73M (Peak 284.05M) | Time:00:01.10 | Mem:15.18M, Peak:15.18M | Scene, ViewLayer | Updating Geometry BVH Cone.169 846/1562 | Building BVH
Fra:1 Mem:181.73M (Peak 284.05M) | Time:00:01.10 | Mem:15.19M, Peak:15.19M | Scene, ViewLayer | Updating Geometry BVH Cone.170 847/1562 | Building BVH
Fra:1 Mem:181.73M (Peak 284.05M) | Time:00:01.10 | Mem:15.19M, Peak:15.19M | Scene, ViewLayer | Updating Geometry BVH Cone.171 848/1562 | Building BVH
Fra:1 Mem:181.73M (Peak 284.05M) | Time:00:01.10 | Mem:15.19M, Peak:15.19M | Scene, ViewLayer | Updating Geometry BVH Cone.172 849/1562 | Building BVH
Fra:1 Mem:181.73M (Peak 284.05M) | Time:00:01.10 | Mem:15.19M, Peak:15.19M | Scene, ViewLayer | Updating Geometry BVH Cone.173 850/1562 | Building BVH
Fra:1 Mem:181.73M (Peak 284.05M) | Time:00:01.10 | Mem:15.19M, Peak:15.19M | Scene, ViewLayer | Updating Geometry BVH Cone.174 851/1562 | Building BVH
Fra:1 Mem:181.73M (Peak 284.05M) | Time:00:01.10 | Mem:15.19M, Peak:15.19M | Scene, ViewLayer | Updating Geometry BVH Cone.175 852/1562 | Building BVH
Fra:1 Mem:181.73M (Peak 284.05M) | Time:00:01.10 | Mem:15.19M, Peak:15.19M | Scene, ViewLayer | Updating Geometry BVH Cone.176 853/1562 | Building BVH
Fra:1 Mem:181.73M (Peak 284.05M) | Time:00:01.10 | Mem:15.19M, Peak:15.19M | Scene, ViewLayer | Updating Geometry BVH Cone.177 854/1562 | Building BVH
Fra:1 Mem:181.73M (Peak 284.05M) | Time:00:01.10 | Mem:15.19M, Peak:15.19M | Scene, ViewLayer | Updating Geometry BVH Cone.178 855/1562 | Building BVH
Fra:1 Mem:181.73M (Peak 284.05M) | Time:00:01.10 | Mem:15.20M, Peak:15.20M | Scene, ViewLayer | Updating Geometry BVH Cone.469 1202/1562 | Building BVH
Fra:1 Mem:181.73M (Peak 284.05M) | Time:00:01.10 | Mem:15.20M, Peak:15.20M | Scene, ViewLayer | Updating Geometry BVH Cone.179 856/1562 | Building BVH
Fra:1 Mem:181.73M (Peak 284.05M) | Time:00:01.10 | Mem:15.20M, Peak:15.20M | Scene, ViewLayer | Updating Geometry BVH Cone.180 857/1562 | Building BVH
Fra:1 Mem:181.73M (Peak 284.05M) | Time:00:01.10 | Mem:15.20M, Peak:15.20M | Scene, ViewLayer | Updating Geometry BVH Cone.181 858/1562 | Building BVH
Fra:1 Mem:181.73M (Peak 284.05M) | Time:00:01.10 | Mem:15.20M, Peak:15.20M | Scene, ViewLayer | Updating Geometry BVH Cone.182 859/1562 | Building BVH
Fra:1 Mem:181.73M (Peak 284.05M) | Time:00:01.10 | Mem:15.20M, Peak:15.20M | Scene, ViewLayer | Updating Geometry BVH Cone.183 860/1562 | Building BVH
Fra:1 Mem:181.73M (Peak 284.05M) | Time:00:01.10 | Mem:15.21M, Peak:15.21M | Scene, ViewLayer | Updating Geometry BVH Cone.468 1201/1562 | Building BVH
Fra:1 Mem:181.73M (Peak 284.05M) | Time:00:01.10 | Mem:15.21M, Peak:15.21M | Scene, ViewLayer | Updating Geometry BVH Cone.184 861/1562 | Building BVH
Fra:1 Mem:181.73M (Peak 284.05M) | Time:00:01.10 | Mem:15.21M, Peak:15.21M | Scene, ViewLayer | Updating Geometry BVH Cone.185 862/1562 | Building BVH
Fra:1 Mem:181.73M (Peak 284.05M) | Time:00:01.10 | Mem:15.21M, Peak:15.21M | Scene, ViewLayer | Updating Geometry BVH Cone.186 863/1562 | Building BVH
Fra:1 Mem:181.73M (Peak 284.05M) | Time:00:01.10 | Mem:15.21M, Peak:15.21M | Scene, ViewLayer | Updating Geometry BVH Cone.187 864/1562 | Building BVH
Fra:1 Mem:181.73M (Peak 284.05M) | Time:00:01.10 | Mem:15.21M, Peak:15.22M | Scene, ViewLayer | Updating Geometry BVH Cone.188 865/1562 | Building BVH
Fra:1 Mem:181.73M (Peak 284.05M) | Time:00:01.10 | Mem:15.22M, Peak:15.22M | Scene, ViewLayer | Updating Geometry BVH Cone.189 866/1562 | Building BVH
Fra:1 Mem:181.73M (Peak 284.05M) | Time:00:01.10 | Mem:15.22M, Peak:15.22M | Scene, ViewLayer | Updating Geometry BVH Cone.190 867/1562 | Building BVH
Fra:1 Mem:181.73M (Peak 284.05M) | Time:00:01.10 | Mem:15.22M, Peak:15.22M | Scene, ViewLayer | Updating Geometry BVH Cone.191 868/1562 | Building BVH
Fra:1 Mem:181.73M (Peak 284.05M) | Time:00:01.10 | Mem:15.22M, Peak:15.22M | Scene, ViewLayer | Updating Geometry BVH Cone.192 869/1562 | Building BVH
Fra:1 Mem:181.73M (Peak 284.05M) | Time:00:01.10 | Mem:15.23M, Peak:15.23M | Scene, ViewLayer | Updating Geometry BVH Cone.465 1198/1562 | Building BVH
Fra:1 Mem:181.73M (Peak 284.05M) | Time:00:01.10 | Mem:15.23M, Peak:15.23M | Scene, ViewLayer | Updating Geometry BVH Cone.193 870/1562 | Building BVH
Fra:1 Mem:181.73M (Peak 284.05M) | Time:00:01.10 | Mem:15.23M, Peak:15.23M | Scene, ViewLayer | Updating Geometry BVH Cone.194 871/1562 | Building BVH
Fra:1 Mem:181.73M (Peak 284.05M) | Time:00:01.10 | Mem:15.23M, Peak:15.23M | Scene, ViewLayer | Updating Geometry BVH Cone.195 872/1562 | Building BVH
Fra:1 Mem:181.73M (Peak 284.05M) | Time:00:01.10 | Mem:15.23M, Peak:15.23M | Scene, ViewLayer | Updating Geometry BVH Cone.196 873/1562 | Building BVH
Fra:1 Mem:181.73M (Peak 284.05M) | Time:00:01.10 | Mem:15.23M, Peak:15.23M | Scene, ViewLayer | Updating Geometry BVH Cone.197 874/1562 | Building BVH
Fra:1 Mem:181.73M (Peak 284.05M) | Time:00:01.10 | Mem:15.23M, Peak:15.23M | Scene, ViewLayer | Updating Geometry BVH Cone.198 875/1562 | Building BVH
Fra:1 Mem:181.73M (Peak 284.05M) | Time:00:01.10 | Mem:15.23M, Peak:15.23M | Scene, ViewLayer | Updating Geometry BVH Cone.199 876/1562 | Building BVH
Fra:1 Mem:181.73M (Peak 284.05M) | Time:00:01.10 | Mem:15.23M, Peak:15.23M | Scene, ViewLayer | Updating Geometry BVH Cone.200 877/1562 | Building BVH
Fra:1 Mem:181.73M (Peak 284.05M) | Time:00:01.10 | Mem:15.24M, Peak:15.24M | Scene, ViewLayer | Updating Geometry BVH Cone.201 878/1562 | Building BVH
Fra:1 Mem:181.73M (Peak 284.05M) | Time:00:01.10 | Mem:15.24M, Peak:15.24M | Scene, ViewLayer | Updating Geometry BVH Cone.464 1197/1562 | Building BVH
Fra:1 Mem:181.73M (Peak 284.05M) | Time:00:01.10 | Mem:15.24M, Peak:15.24M | Scene, ViewLayer | Updating Geometry BVH Cone.202 879/1562 | Building BVH
Fra:1 Mem:181.73M (Peak 284.05M) | Time:00:01.10 | Mem:15.24M, Peak:15.24M | Scene, ViewLayer | Updating Geometry BVH Cone.203 880/1562 | Building BVH
Fra:1 Mem:181.73M (Peak 284.05M) | Time:00:01.10 | Mem:15.24M, Peak:15.24M | Scene, ViewLayer | Updating Geometry BVH Cone.204 881/1562 | Building BVH
Fra:1 Mem:181.73M (Peak 284.05M) | Time:00:01.10 | Mem:15.24M, Peak:15.24M | Scene, ViewLayer | Updating Geometry BVH Cone.205 882/1562 | Building BVH
Fra:1 Mem:181.73M (Peak 284.05M) | Time:00:01.10 | Mem:15.24M, Peak:15.24M | Scene, ViewLayer | Updating Geometry BVH Cone.206 883/1562 | Building BVH
Fra:1 Mem:181.73M (Peak 284.05M) | Time:00:01.10 | Mem:15.25M, Peak:15.25M | Scene, ViewLayer | Updating Geometry BVH Cone.207 884/1562 | Building BVH
Fra:1 Mem:181.73M (Peak 284.05M) | Time:00:01.10 | Mem:15.25M, Peak:15.25M | Scene, ViewLayer | Updating Geometry BVH Cone.208 885/1562 | Building BVH
Fra:1 Mem:181.73M (Peak 284.05M) | Time:00:01.10 | Mem:15.25M, Peak:15.25M | Scene, ViewLayer | Updating Geometry BVH Cone.209 886/1562 | Building BVH
Fra:1 Mem:181.73M (Peak 284.05M) | Time:00:01.10 | Mem:15.25M, Peak:15.25M | Scene, ViewLayer | Updating Geometry BVH Cone.463 1196/1562 | Building BVH
Fra:1 Mem:181.73M (Peak 284.05M) | Time:00:01.10 | Mem:15.25M, Peak:15.25M | Scene, ViewLayer | Updating Geometry BVH Cone.211 888/1562 | Building BVH
Fra:1 Mem:181.73M (Peak 284.05M) | Time:00:01.10 | Mem:15.25M, Peak:15.25M | Scene, ViewLayer | Updating Geometry BVH Cone.212 889/1562 | Building BVH
Fra:1 Mem:181.73M (Peak 284.05M) | Time:00:01.10 | Mem:15.25M, Peak:15.25M | Scene, ViewLayer | Updating Geometry BVH Cone.462 1195/1562 | Building BVH
Fra:1 Mem:181.74M (Peak 284.05M) | Time:00:01.10 | Mem:15.25M, Peak:15.25M | Scene, ViewLayer | Updating Geometry BVH Cone.461 1194/1562 | Building BVH
Fra:1 Mem:181.74M (Peak 284.05M) | Time:00:01.10 | Mem:15.26M, Peak:15.26M | Scene, ViewLayer | Updating Geometry BVH Cone.460 1193/1562 | Building BVH
Fra:1 Mem:181.74M (Peak 284.05M) | Time:00:01.10 | Mem:15.26M, Peak:15.26M | Scene, ViewLayer | Updating Geometry BVH Cone.459 1192/1562 | Building BVH
Fra:1 Mem:181.74M (Peak 284.05M) | Time:00:01.10 | Mem:15.26M, Peak:15.26M | Scene, ViewLayer | Updating Geometry BVH Cone.213 890/1562 | Building BVH
Fra:1 Mem:181.74M (Peak 284.05M) | Time:00:01.10 | Mem:15.26M, Peak:15.26M | Scene, ViewLayer | Updating Geometry BVH Cone.458 1191/1562 | Building BVH
Fra:1 Mem:181.74M (Peak 284.05M) | Time:00:01.10 | Mem:15.26M, Peak:15.26M | Scene, ViewLayer | Updating Geometry BVH Cone.214 891/1562 | Building BVH
Fra:1 Mem:181.74M (Peak 284.05M) | Time:00:01.10 | Mem:15.26M, Peak:15.26M | Scene, ViewLayer | Updating Geometry BVH Cone.457 1190/1562 | Building BVH
Fra:1 Mem:181.74M (Peak 284.05M) | Time:00:01.10 | Mem:15.26M, Peak:15.26M | Scene, ViewLayer | Updating Geometry BVH Cone.456 1189/1562 | Building BVH
Fra:1 Mem:181.74M (Peak 284.05M) | Time:00:01.10 | Mem:15.26M, Peak:15.26M | Scene, ViewLayer | Updating Geometry BVH Cone.215 892/1562 | Building BVH
Fra:1 Mem:181.74M (Peak 284.05M) | Time:00:01.10 | Mem:15.26M, Peak:15.26M | Scene, ViewLayer | Updating Geometry BVH Cone.455 1188/1562 | Building BVH
Fra:1 Mem:181.74M (Peak 284.05M) | Time:00:01.10 | Mem:15.27M, Peak:15.27M | Scene, ViewLayer | Updating Geometry BVH Cone.454 1187/1562 | Building BVH
Fra:1 Mem:181.74M (Peak 284.05M) | Time:00:01.10 | Mem:15.27M, Peak:15.27M | Scene, ViewLayer | Updating Geometry BVH Cone.216 893/1562 | Building BVH
Fra:1 Mem:181.74M (Peak 284.05M) | Time:00:01.10 | Mem:15.27M, Peak:15.27M | Scene, ViewLayer | Updating Geometry BVH Cone.453 1186/1562 | Building BVH
Fra:1 Mem:181.74M (Peak 284.05M) | Time:00:01.10 | Mem:15.27M, Peak:15.27M | Scene, ViewLayer | Updating Geometry BVH Cone.452 1185/1562 | Building BVH
Fra:1 Mem:181.74M (Peak 284.05M) | Time:00:01.10 | Mem:15.27M, Peak:15.27M | Scene, ViewLayer | Updating Geometry BVH Cone.217 894/1562 | Building BVH
Fra:1 Mem:181.74M (Peak 284.05M) | Time:00:01.10 | Mem:15.27M, Peak:15.27M | Scene, ViewLayer | Updating Geometry BVH Cone.451 1184/1562 | Building BVH
Fra:1 Mem:181.74M (Peak 284.05M) | Time:00:01.10 | Mem:15.27M, Peak:15.27M | Scene, ViewLayer | Updating Geometry BVH Cone.218 895/1562 | Building BVH
Fra:1 Mem:181.74M (Peak 284.05M) | Time:00:01.10 | Mem:15.27M, Peak:15.27M | Scene, ViewLayer | Updating Geometry BVH Cone.219 896/1562 | Building BVH
Fra:1 Mem:181.74M (Peak 284.05M) | Time:00:01.10 | Mem:15.27M, Peak:15.27M | Scene, ViewLayer | Updating Geometry BVH Cone.450 1183/1562 | Building BVH
Fra:1 Mem:181.74M (Peak 284.05M) | Time:00:01.10 | Mem:15.28M, Peak:15.28M | Scene, ViewLayer | Updating Geometry BVH Cone.220 897/1562 | Building BVH
Fra:1 Mem:181.74M (Peak 284.05M) | Time:00:01.10 | Mem:15.28M, Peak:15.28M | Scene, ViewLayer | Updating Geometry BVH Cone.221 898/1562 | Building BVH
Fra:1 Mem:181.74M (Peak 284.05M) | Time:00:01.10 | Mem:15.28M, Peak:15.28M | Scene, ViewLayer | Updating Geometry BVH Cone.222 899/1562 | Building BVH
Fra:1 Mem:181.74M (Peak 284.05M) | Time:00:01.10 | Mem:15.28M, Peak:15.28M | Scene, ViewLayer | Updating Geometry BVH Cone.223 900/1562 | Building BVH
Fra:1 Mem:181.74M (Peak 284.05M) | Time:00:01.10 | Mem:15.28M, Peak:15.28M | Scene, ViewLayer | Updating Geometry BVH Cone.224 901/1562 | Building BVH
Fra:1 Mem:181.74M (Peak 284.05M) | Time:00:01.10 | Mem:15.28M, Peak:15.28M | Scene, ViewLayer | Updating Geometry BVH Cone.225 902/1562 | Building BVH
Fra:1 Mem:181.74M (Peak 284.05M) | Time:00:01.10 | Mem:15.28M, Peak:15.28M | Scene, ViewLayer | Updating Geometry BVH Cone.449 1182/1562 | Building BVH
Fra:1 Mem:181.74M (Peak 284.05M) | Time:00:01.10 | Mem:15.28M, Peak:15.28M | Scene, ViewLayer | Updating Geometry BVH Cone.226 903/1562 | Building BVH
Fra:1 Mem:181.74M (Peak 284.05M) | Time:00:01.10 | Mem:15.28M, Peak:15.28M | Scene, ViewLayer | Updating Geometry BVH Cone.227 904/1562 | Building BVH
Fra:1 Mem:181.74M (Peak 284.05M) | Time:00:01.10 | Mem:15.29M, Peak:15.29M | Scene, ViewLayer | Updating Geometry BVH Cone.228 905/1562 | Building BVH
Fra:1 Mem:181.74M (Peak 284.05M) | Time:00:01.10 | Mem:15.29M, Peak:15.29M | Scene, ViewLayer | Updating Geometry BVH Cone.229 906/1562 | Building BVH
Fra:1 Mem:181.74M (Peak 284.05M) | Time:00:01.10 | Mem:15.29M, Peak:15.29M | Scene, ViewLayer | Updating Geometry BVH Cone.448 1181/1562 | Building BVH
Fra:1 Mem:181.74M (Peak 284.05M) | Time:00:01.10 | Mem:15.29M, Peak:15.29M | Scene, ViewLayer | Updating Geometry BVH Cone.230 907/1562 | Building BVH
Fra:1 Mem:181.74M (Peak 284.05M) | Time:00:01.10 | Mem:15.29M, Peak:15.29M | Scene, ViewLayer | Updating Geometry BVH Cone.231 908/1562 | Building BVH
Fra:1 Mem:181.74M (Peak 284.05M) | Time:00:01.10 | Mem:15.29M, Peak:15.29M | Scene, ViewLayer | Updating Geometry BVH Cone.447 1180/1562 | Building BVH
Fra:1 Mem:181.74M (Peak 284.05M) | Time:00:01.10 | Mem:15.29M, Peak:15.29M | Scene, ViewLayer | Updating Geometry BVH Cone.232 909/1562 | Building BVH
Fra:1 Mem:181.74M (Peak 284.05M) | Time:00:01.10 | Mem:15.29M, Peak:15.29M | Scene, ViewLayer | Updating Geometry BVH Cone.233 910/1562 | Building BVH
Fra:1 Mem:181.74M (Peak 284.05M) | Time:00:01.10 | Mem:15.29M, Peak:15.29M | Scene, ViewLayer | Updating Geometry BVH Cone.446 1179/1562 | Building BVH
Fra:1 Mem:181.74M (Peak 284.05M) | Time:00:01.10 | Mem:15.30M, Peak:15.30M | Scene, ViewLayer | Updating Geometry BVH Cone.234 911/1562 | Building BVH
Fra:1 Mem:181.74M (Peak 284.05M) | Time:00:01.10 | Mem:15.30M, Peak:15.30M | Scene, ViewLayer | Updating Geometry BVH Cone.235 912/1562 | Building BVH
Fra:1 Mem:181.74M (Peak 284.05M) | Time:00:01.10 | Mem:15.30M, Peak:15.30M | Scene, ViewLayer | Updating Geometry BVH Cone.236 913/1562 | Building BVH
Fra:1 Mem:181.74M (Peak 284.05M) | Time:00:01.10 | Mem:15.30M, Peak:15.30M | Scene, ViewLayer | Updating Geometry BVH Cone.237 914/1562 | Building BVH
Fra:1 Mem:181.74M (Peak 284.05M) | Time:00:01.10 | Mem:15.30M, Peak:15.30M | Scene, ViewLayer | Updating Geometry BVH Cone.238 915/1562 | Building BVH
Fra:1 Mem:181.74M (Peak 284.05M) | Time:00:01.10 | Mem:15.30M, Peak:15.30M | Scene, ViewLayer | Updating Geometry BVH Cone.239 916/1562 | Building BVH
Fra:1 Mem:181.74M (Peak 284.05M) | Time:00:01.10 | Mem:15.30M, Peak:15.30M | Scene, ViewLayer | Updating Geometry BVH Cone.240 917/1562 | Building BVH
Fra:1 Mem:181.74M (Peak 284.05M) | Time:00:01.10 | Mem:15.30M, Peak:15.30M | Scene, ViewLayer | Updating Geometry BVH Cone.241 918/1562 | Building BVH
Fra:1 Mem:181.74M (Peak 284.05M) | Time:00:01.10 | Mem:15.30M, Peak:15.30M | Scene, ViewLayer | Updating Geometry BVH Cone.242 919/1562 | Building BVH
Fra:1 Mem:181.74M (Peak 284.05M) | Time:00:01.10 | Mem:15.30M, Peak:15.31M | Scene, ViewLayer | Updating Geometry BVH Cone.243 920/1562 | Building BVH
Fra:1 Mem:181.74M (Peak 284.05M) | Time:00:01.10 | Mem:15.31M, Peak:15.31M | Scene, ViewLayer | Updating Geometry BVH Cone.445 1178/1562 | Building BVH
Fra:1 Mem:181.74M (Peak 284.05M) | Time:00:01.10 | Mem:15.31M, Peak:15.31M | Scene, ViewLayer | Updating Geometry BVH Cone.244 921/1562 | Building BVH
Fra:1 Mem:181.74M (Peak 284.05M) | Time:00:01.10 | Mem:15.31M, Peak:15.31M | Scene, ViewLayer | Updating Geometry BVH Cone.245 922/1562 | Building BVH
Fra:1 Mem:181.74M (Peak 284.05M) | Time:00:01.10 | Mem:15.31M, Peak:15.31M | Scene, ViewLayer | Updating Geometry BVH Cone.444 1177/1562 | Building BVH
Fra:1 Mem:181.74M (Peak 284.05M) | Time:00:01.10 | Mem:15.31M, Peak:15.31M | Scene, ViewLayer | Updating Geometry BVH Cone.246 923/1562 | Building BVH
Fra:1 Mem:181.74M (Peak 284.05M) | Time:00:01.10 | Mem:15.31M, Peak:15.31M | Scene, ViewLayer | Updating Geometry BVH Cone.443 1176/1562 | Building BVH
Fra:1 Mem:181.74M (Peak 284.05M) | Time:00:01.10 | Mem:15.31M, Peak:15.31M | Scene, ViewLayer | Updating Geometry BVH Cone.247 924/1562 | Building BVH
Fra:1 Mem:181.74M (Peak 284.05M) | Time:00:01.10 | Mem:15.31M, Peak:15.31M | Scene, ViewLayer | Updating Geometry BVH Cone.442 1175/1562 | Building BVH
Fra:1 Mem:181.74M (Peak 284.05M) | Time:00:01.10 | Mem:15.31M, Peak:15.32M | Scene, ViewLayer | Updating Geometry BVH Cone.441 1174/1562 | Building BVH
Fra:1 Mem:181.74M (Peak 284.05M) | Time:00:01.10 | Mem:15.32M, Peak:15.32M | Scene, ViewLayer | Updating Geometry BVH Cone.440 1173/1562 | Building BVH
Fra:1 Mem:181.74M (Peak 284.05M) | Time:00:01.10 | Mem:15.32M, Peak:15.32M | Scene, ViewLayer | Updating Geometry BVH Cone.248 925/1562 | Building BVH
Fra:1 Mem:181.74M (Peak 284.05M) | Time:00:01.10 | Mem:15.32M, Peak:15.32M | Scene, ViewLayer | Updating Geometry BVH Cone.439 1172/1562 | Building BVH
Fra:1 Mem:181.74M (Peak 284.05M) | Time:00:01.10 | Mem:15.32M, Peak:15.32M | Scene, ViewLayer | Updating Geometry BVH Cone.438 1171/1562 | Building BVH
Fra:1 Mem:181.74M (Peak 284.05M) | Time:00:01.10 | Mem:15.32M, Peak:15.32M | Scene, ViewLayer | Updating Geometry BVH Cone.249 926/1562 | Building BVH
Fra:1 Mem:181.74M (Peak 284.05M) | Time:00:01.10 | Mem:15.32M, Peak:15.32M | Scene, ViewLayer | Updating Geometry BVH Cone.437 1170/1562 | Building BVH
Fra:1 Mem:181.74M (Peak 284.05M) | Time:00:01.10 | Mem:15.32M, Peak:15.32M | Scene, ViewLayer | Updating Geometry BVH Cone.250 927/1562 | Building BVH
Fra:1 Mem:181.74M (Peak 284.05M) | Time:00:01.10 | Mem:15.32M, Peak:15.32M | Scene, ViewLayer | Updating Geometry BVH Cone.436 1169/1562 | Building BVH
Fra:1 Mem:181.74M (Peak 284.05M) | Time:00:01.10 | Mem:15.32M, Peak:15.33M | Scene, ViewLayer | Updating Geometry BVH Cone.435 1168/1562 | Building BVH
Fra:1 Mem:181.74M (Peak 284.05M) | Time:00:01.10 | Mem:15.33M, Peak:15.33M | Scene, ViewLayer | Updating Geometry BVH Cone.251 928/1562 | Building BVH
Fra:1 Mem:181.74M (Peak 284.05M) | Time:00:01.10 | Mem:15.33M, Peak:15.33M | Scene, ViewLayer | Updating Geometry BVH Cone.252 929/1562 | Building BVH
Fra:1 Mem:181.74M (Peak 284.05M) | Time:00:01.10 | Mem:15.33M, Peak:15.33M | Scene, ViewLayer | Updating Geometry BVH Cone.434 1167/1562 | Building BVH
Fra:1 Mem:181.74M (Peak 284.05M) | Time:00:01.10 | Mem:15.33M, Peak:15.33M | Scene, ViewLayer | Updating Geometry BVH Cone.433 1166/1562 | Building BVH
Fra:1 Mem:181.74M (Peak 284.05M) | Time:00:01.10 | Mem:15.33M, Peak:15.33M | Scene, ViewLayer | Updating Geometry BVH Cone.432 1165/1562 | Building BVH
Fra:1 Mem:181.74M (Peak 284.05M) | Time:00:01.10 | Mem:15.33M, Peak:15.33M | Scene, ViewLayer | Updating Geometry BVH Cone.431 1164/1562 | Building BVH
Fra:1 Mem:181.74M (Peak 284.05M) | Time:00:01.10 | Mem:15.33M, Peak:15.33M | Scene, ViewLayer | Updating Geometry BVH Cone.253 930/1562 | Building BVH
Fra:1 Mem:181.74M (Peak 284.05M) | Time:00:01.10 | Mem:15.33M, Peak:15.33M | Scene, ViewLayer | Updating Geometry BVH Cone.254 931/1562 | Building BVH
Fra:1 Mem:181.74M (Peak 284.05M) | Time:00:01.10 | Mem:15.34M, Peak:15.34M | Scene, ViewLayer | Updating Geometry BVH Cone.255 932/1562 | Building BVH
Fra:1 Mem:181.74M (Peak 284.05M) | Time:00:01.10 | Mem:15.34M, Peak:15.34M | Scene, ViewLayer | Updating Geometry BVH Cone.256 933/1562 | Building BVH
Fra:1 Mem:181.74M (Peak 284.05M) | Time:00:01.10 | Mem:15.34M, Peak:15.34M | Scene, ViewLayer | Updating Geometry BVH Cone.257 934/1562 | Building BVH
Fra:1 Mem:181.74M (Peak 284.05M) | Time:00:01.10 | Mem:15.34M, Peak:15.34M | Scene, ViewLayer | Updating Geometry BVH Cone.258 935/1562 | Building BVH
Fra:1 Mem:181.74M (Peak 284.05M) | Time:00:01.10 | Mem:15.34M, Peak:15.34M | Scene, ViewLayer | Updating Geometry BVH Cone.259 936/1562 | Building BVH
Fra:1 Mem:181.74M (Peak 284.05M) | Time:00:01.10 | Mem:15.34M, Peak:15.34M | Scene, ViewLayer | Updating Geometry BVH Cone.429 1162/1562 | Building BVH
Fra:1 Mem:181.74M (Peak 284.05M) | Time:00:01.10 | Mem:15.34M, Peak:15.34M | Scene, ViewLayer | Updating Geometry BVH Cone.260 937/1562 | Building BVH
Fra:1 Mem:181.74M (Peak 284.05M) | Time:00:01.10 | Mem:15.34M, Peak:15.34M | Scene, ViewLayer | Updating Geometry BVH Cone.261 938/1562 | Building BVH
Fra:1 Mem:181.74M (Peak 284.05M) | Time:00:01.10 | Mem:15.34M, Peak:15.34M | Scene, ViewLayer | Updating Geometry BVH Cone.262 939/1562 | Building BVH
Fra:1 Mem:181.74M (Peak 284.05M) | Time:00:01.10 | Mem:15.35M, Peak:15.35M | Scene, ViewLayer | Updating Geometry BVH Cone.263 940/1562 | Building BVH
Fra:1 Mem:181.74M (Peak 284.05M) | Time:00:01.10 | Mem:15.35M, Peak:15.35M | Scene, ViewLayer | Updating Geometry BVH Cone.264 941/1562 | Building BVH
Fra:1 Mem:181.74M (Peak 284.05M) | Time:00:01.10 | Mem:15.35M, Peak:15.35M | Scene, ViewLayer | Updating Geometry BVH Cone.265 942/1562 | Building BVH
Fra:1 Mem:181.74M (Peak 284.05M) | Time:00:01.10 | Mem:15.35M, Peak:15.35M | Scene, ViewLayer | Updating Geometry BVH Cone.266 943/1562 | Building BVH
Fra:1 Mem:181.74M (Peak 284.05M) | Time:00:01.10 | Mem:15.35M, Peak:15.35M | Scene, ViewLayer | Updating Geometry BVH Cone.267 944/1562 | Building BVH
Fra:1 Mem:181.74M (Peak 284.05M) | Time:00:01.10 | Mem:15.35M, Peak:15.35M | Scene, ViewLayer | Updating Geometry BVH Cone.268 945/1562 | Building BVH
Fra:1 Mem:181.74M (Peak 284.05M) | Time:00:01.10 | Mem:15.35M, Peak:15.35M | Scene, ViewLayer | Updating Geometry BVH Cone.428 1161/1562 | Building BVH
Fra:1 Mem:181.74M (Peak 284.05M) | Time:00:01.10 | Mem:15.35M, Peak:15.35M | Scene, ViewLayer | Updating Geometry BVH Cone.269 946/1562 | Building BVH
Fra:1 Mem:181.74M (Peak 284.05M) | Time:00:01.10 | Mem:15.35M, Peak:15.35M | Scene, ViewLayer | Updating Geometry BVH Cone.270 947/1562 | Building BVH
Fra:1 Mem:181.74M (Peak 284.05M) | Time:00:01.10 | Mem:15.36M, Peak:15.36M | Scene, ViewLayer | Updating Geometry BVH Cone.427 1160/1562 | Building BVH
Fra:1 Mem:181.74M (Peak 284.05M) | Time:00:01.10 | Mem:15.36M, Peak:15.36M | Scene, ViewLayer | Updating Geometry BVH Cone.272 949/1562 | Building BVH
Fra:1 Mem:181.74M (Peak 284.05M) | Time:00:01.10 | Mem:15.36M, Peak:15.36M | Scene, ViewLayer | Updating Geometry BVH Cone.426 1159/1562 | Building BVH
Fra:1 Mem:181.74M (Peak 284.05M) | Time:00:01.10 | Mem:15.36M, Peak:15.36M | Scene, ViewLayer | Updating Geometry BVH Cone.425 1158/1562 | Building BVH
Fra:1 Mem:181.74M (Peak 284.05M) | Time:00:01.10 | Mem:15.36M, Peak:15.36M | Scene, ViewLayer | Updating Geometry BVH Cone.273 950/1562 | Building BVH
Fra:1 Mem:181.74M (Peak 284.05M) | Time:00:01.10 | Mem:15.36M, Peak:15.36M | Scene, ViewLayer | Updating Geometry BVH Cone.424 1157/1562 | Building BVH
Fra:1 Mem:181.74M (Peak 284.05M) | Time:00:01.10 | Mem:15.36M, Peak:15.36M | Scene, ViewLayer | Updating Geometry BVH Cone.274 951/1562 | Building BVH
Fra:1 Mem:181.74M (Peak 284.05M) | Time:00:01.10 | Mem:15.37M, Peak:15.37M | Scene, ViewLayer | Updating Geometry BVH Cone.275 952/1562 | Building BVH
Fra:1 Mem:181.74M (Peak 284.05M) | Time:00:01.10 | Mem:15.37M, Peak:15.37M | Scene, ViewLayer | Updating Geometry BVH Cone.276 953/1562 | Building BVH
Fra:1 Mem:181.74M (Peak 284.05M) | Time:00:01.10 | Mem:15.37M, Peak:15.37M | Scene, ViewLayer | Updating Geometry BVH Cone.277 954/1562 | Building BVH
Fra:1 Mem:181.74M (Peak 284.05M) | Time:00:01.10 | Mem:15.37M, Peak:15.37M | Scene, ViewLayer | Updating Geometry BVH Cone.278 955/1562 | Building BVH
Fra:1 Mem:181.74M (Peak 284.05M) | Time:00:01.10 | Mem:15.37M, Peak:15.37M | Scene, ViewLayer | Updating Geometry BVH Cone.279 956/1562 | Building BVH
Fra:1 Mem:181.74M (Peak 284.05M) | Time:00:01.10 | Mem:15.37M, Peak:15.37M | Scene, ViewLayer | Updating Geometry BVH Cylinder.367 1155/1562 | Building BVH
Fra:1 Mem:181.74M (Peak 284.05M) | Time:00:01.10 | Mem:15.37M, Peak:15.37M | Scene, ViewLayer | Updating Geometry BVH Cone.280 957/1562 | Building BVH
Fra:1 Mem:181.74M (Peak 284.05M) | Time:00:01.10 | Mem:15.37M, Peak:15.37M | Scene, ViewLayer | Updating Geometry BVH Cone.281 958/1562 | Building BVH
Fra:1 Mem:181.74M (Peak 284.05M) | Time:00:01.11 | Mem:15.38M, Peak:15.38M | Scene, ViewLayer | Updating Geometry BVH Cylinder.366 1154/1562 | Building BVH
Fra:1 Mem:181.74M (Peak 284.05M) | Time:00:01.11 | Mem:15.38M, Peak:15.38M | Scene, ViewLayer | Updating Geometry BVH Cone.282 959/1562 | Building BVH
Fra:1 Mem:181.74M (Peak 284.05M) | Time:00:01.11 | Mem:15.38M, Peak:15.38M | Scene, ViewLayer | Updating Geometry BVH Cone.422 1153/1562 | Building BVH
Fra:1 Mem:181.74M (Peak 284.05M) | Time:00:01.11 | Mem:15.38M, Peak:15.38M | Scene, ViewLayer | Updating Geometry BVH Cone.283 960/1562 | Building BVH
Fra:1 Mem:181.74M (Peak 284.05M) | Time:00:01.11 | Mem:15.39M, Peak:15.39M | Scene, ViewLayer | Updating Geometry BVH Cone.421 1152/1562 | Building BVH
Fra:1 Mem:181.74M (Peak 284.05M) | Time:00:01.11 | Mem:15.39M, Peak:15.39M | Scene, ViewLayer | Updating Geometry BVH Cone.420 1151/1562 | Building BVH
Fra:1 Mem:181.74M (Peak 284.05M) | Time:00:01.11 | Mem:15.39M, Peak:15.39M | Scene, ViewLayer | Updating Geometry BVH Cone.285 962/1562 | Building BVH
Fra:1 Mem:181.74M (Peak 284.05M) | Time:00:01.11 | Mem:15.39M, Peak:15.39M | Scene, ViewLayer | Updating Geometry BVH Cone.287 964/1562 | Building BVH
Fra:1 Mem:181.74M (Peak 284.05M) | Time:00:01.11 | Mem:15.40M, Peak:15.40M | Scene, ViewLayer | Updating Geometry BVH Cube.712 1150/1562 | Building BVH
Fra:1 Mem:181.74M (Peak 284.05M) | Time:00:01.11 | Mem:15.40M, Peak:15.40M | Scene, ViewLayer | Updating Geometry BVH Cube.711 1149/1562 | Building BVH
Fra:1 Mem:181.74M (Peak 284.05M) | Time:00:01.11 | Mem:15.40M, Peak:15.40M | Scene, ViewLayer | Updating Geometry BVH Cube.710 1148/1562 | Building BVH
Fra:1 Mem:181.74M (Peak 284.05M) | Time:00:01.11 | Mem:15.40M, Peak:15.40M | Scene, ViewLayer | Updating Geometry BVH Cube.709 1147/1562 | Building BVH
Fra:1 Mem:181.74M (Peak 284.05M) | Time:00:01.11 | Mem:15.40M, Peak:15.40M | Scene, ViewLayer | Updating Geometry BVH Cube.708 1146/1562 | Building BVH
Fra:1 Mem:181.74M (Peak 284.05M) | Time:00:01.11 | Mem:15.40M, Peak:15.40M | Scene, ViewLayer | Updating Geometry BVH Cube.707 1145/1562 | Building BVH
Fra:1 Mem:181.74M (Peak 284.05M) | Time:00:01.11 | Mem:15.40M, Peak:15.41M | Scene, ViewLayer | Updating Geometry BVH Cone.289 966/1562 | Building BVH
Fra:1 Mem:181.74M (Peak 284.05M) | Time:00:01.11 | Mem:15.41M, Peak:15.41M | Scene, ViewLayer | Updating Geometry BVH Cube.706 1144/1562 | Building BVH
Fra:1 Mem:181.74M (Peak 284.05M) | Time:00:01.11 | Mem:15.41M, Peak:15.41M | Scene, ViewLayer | Updating Geometry BVH Cone.290 967/1562 | Building BVH
Fra:1 Mem:181.74M (Peak 284.05M) | Time:00:01.11 | Mem:15.41M, Peak:15.41M | Scene, ViewLayer | Updating Geometry BVH Cube.705 1143/1562 | Building BVH
Fra:1 Mem:181.74M (Peak 284.05M) | Time:00:01.11 | Mem:15.41M, Peak:15.41M | Scene, ViewLayer | Updating Geometry BVH Cone.292 969/1562 | Building BVH
Fra:1 Mem:181.74M (Peak 284.05M) | Time:00:01.11 | Mem:15.41M, Peak:15.41M | Scene, ViewLayer | Updating Geometry BVH Cube.704 1142/1562 | Building BVH
Fra:1 Mem:181.74M (Peak 284.05M) | Time:00:01.11 | Mem:15.41M, Peak:15.41M | Scene, ViewLayer | Updating Geometry BVH Cube.703 1141/1562 | Building BVH
Fra:1 Mem:181.74M (Peak 284.05M) | Time:00:01.11 | Mem:15.41M, Peak:15.42M | Scene, ViewLayer | Updating Geometry BVH Sphere.154 971/1562 | Building BVH
Fra:1 Mem:181.74M (Peak 284.05M) | Time:00:01.11 | Mem:15.42M, Peak:15.42M | Scene, ViewLayer | Updating Geometry BVH Sphere.155 972/1562 | Building BVH
Fra:1 Mem:181.74M (Peak 284.05M) | Time:00:01.11 | Mem:15.42M, Peak:15.42M | Scene, ViewLayer | Updating Geometry BVH Sphere.156 973/1562 | Building BVH
Fra:1 Mem:181.74M (Peak 284.05M) | Time:00:01.11 | Mem:15.42M, Peak:15.42M | Scene, ViewLayer | Updating Geometry BVH Sphere.157 974/1562 | Building BVH
Fra:1 Mem:181.74M (Peak 284.05M) | Time:00:01.11 | Mem:15.42M, Peak:15.42M | Scene, ViewLayer | Updating Geometry BVH Cube.702 1140/1562 | Building BVH
Fra:1 Mem:181.74M (Peak 284.05M) | Time:00:01.11 | Mem:15.42M, Peak:15.43M | Scene, ViewLayer | Updating Geometry BVH Cube.701 1139/1562 | Building BVH
Fra:1 Mem:181.74M (Peak 284.05M) | Time:00:01.11 | Mem:15.43M, Peak:15.43M | Scene, ViewLayer | Updating Geometry BVH Sphere.158 975/1562 | Building BVH
Fra:1 Mem:181.74M (Peak 284.05M) | Time:00:01.11 | Mem:15.43M, Peak:15.43M | Scene, ViewLayer | Updating Geometry BVH Cube.700 1138/1562 | Building BVH
Fra:1 Mem:181.74M (Peak 284.05M) | Time:00:01.11 | Mem:15.43M, Peak:15.43M | Scene, ViewLayer | Updating Geometry BVH Sphere.159 976/1562 | Building BVH
Fra:1 Mem:181.74M (Peak 284.05M) | Time:00:01.11 | Mem:15.43M, Peak:15.43M | Scene, ViewLayer | Updating Geometry BVH Cube.699 1137/1562 | Building BVH
Fra:1 Mem:181.74M (Peak 284.05M) | Time:00:01.11 | Mem:15.43M, Peak:15.44M | Scene, ViewLayer | Updating Geometry BVH Sphere.160 977/1562 | Building BVH
Fra:1 Mem:181.74M (Peak 284.05M) | Time:00:01.11 | Mem:15.44M, Peak:15.44M | Scene, ViewLayer | Updating Geometry BVH Sphere.161 978/1562 | Building BVH
Fra:1 Mem:181.74M (Peak 284.05M) | Time:00:01.11 | Mem:15.44M, Peak:15.44M | Scene, ViewLayer | Updating Geometry BVH Cube.698 1136/1562 | Building BVH
Fra:1 Mem:181.74M (Peak 284.05M) | Time:00:01.11 | Mem:15.44M, Peak:15.44M | Scene, ViewLayer | Updating Geometry BVH Sphere.162 979/1562 | Building BVH
Fra:1 Mem:181.74M (Peak 284.05M) | Time:00:01.11 | Mem:15.45M, Peak:15.45M | Scene, ViewLayer | Updating Geometry BVH Sphere.163 980/1562 | Building BVH
Fra:1 Mem:181.74M (Peak 284.05M) | Time:00:01.11 | Mem:15.45M, Peak:15.45M | Scene, ViewLayer | Updating Geometry BVH Sphere.164 981/1562 | Building BVH
Fra:1 Mem:181.74M (Peak 284.05M) | Time:00:01.11 | Mem:15.45M, Peak:15.45M | Scene, ViewLayer | Updating Geometry BVH Cube.697 1135/1562 | Building BVH
Fra:1 Mem:181.74M (Peak 284.05M) | Time:00:01.11 | Mem:15.45M, Peak:15.45M | Scene, ViewLayer | Updating Geometry BVH Sphere.165 982/1562 | Building BVH
Fra:1 Mem:181.74M (Peak 284.05M) | Time:00:01.11 | Mem:15.46M, Peak:15.46M | Scene, ViewLayer | Updating Geometry BVH Sphere.166 983/1562 | Building BVH
Fra:1 Mem:181.74M (Peak 284.05M) | Time:00:01.11 | Mem:15.46M, Peak:15.46M | Scene, ViewLayer | Updating Geometry BVH Sphere.167 984/1562 | Building BVH
Fra:1 Mem:181.74M (Peak 284.05M) | Time:00:01.11 | Mem:15.46M, Peak:15.46M | Scene, ViewLayer | Updating Geometry BVH Sphere.168 985/1562 | Building BVH
Fra:1 Mem:181.74M (Peak 284.05M) | Time:00:01.11 | Mem:15.47M, Peak:15.47M | Scene, ViewLayer | Updating Geometry BVH Cube.696 1134/1562 | Building BVH
Fra:1 Mem:181.74M (Peak 284.05M) | Time:00:01.11 | Mem:15.47M, Peak:15.47M | Scene, ViewLayer | Updating Geometry BVH Sphere.169 986/1562 | Building BVH
Fra:1 Mem:181.74M (Peak 284.05M) | Time:00:01.11 | Mem:15.47M, Peak:15.47M | Scene, ViewLayer | Updating Geometry BVH Sphere.170 987/1562 | Building BVH
Fra:1 Mem:181.74M (Peak 284.05M) | Time:00:01.11 | Mem:15.47M, Peak:15.47M | Scene, ViewLayer | Updating Geometry BVH Cube.695 1133/1562 | Building BVH
Fra:1 Mem:181.74M (Peak 284.05M) | Time:00:01.11 | Mem:15.47M, Peak:15.47M | Scene, ViewLayer | Updating Geometry BVH Cube.694 1132/1562 | Building BVH
Fra:1 Mem:181.74M (Peak 284.05M) | Time:00:01.11 | Mem:15.48M, Peak:15.48M | Scene, ViewLayer | Updating Geometry BVH Cube.693 1131/1562 | Building BVH
Fra:1 Mem:181.74M (Peak 284.05M) | Time:00:01.11 | Mem:15.48M, Peak:15.48M | Scene, ViewLayer | Updating Geometry BVH Sphere.171 988/1562 | Building BVH
Fra:1 Mem:181.74M (Peak 284.05M) | Time:00:01.11 | Mem:15.48M, Peak:15.48M | Scene, ViewLayer | Updating Geometry BVH Sphere.172 989/1562 | Building BVH
Fra:1 Mem:181.74M (Peak 284.05M) | Time:00:01.11 | Mem:15.48M, Peak:15.48M | Scene, ViewLayer | Updating Geometry BVH Cube.692 1130/1562 | Building BVH
Fra:1 Mem:181.74M (Peak 284.05M) | Time:00:01.11 | Mem:15.49M, Peak:15.49M | Scene, ViewLayer | Updating Geometry BVH Sphere.173 990/1562 | Building BVH
Fra:1 Mem:181.74M (Peak 284.05M) | Time:00:01.11 | Mem:15.49M, Peak:15.49M | Scene, ViewLayer | Updating Geometry BVH Cone.294 991/1562 | Building BVH
Fra:1 Mem:181.74M (Peak 284.05M) | Time:00:01.11 | Mem:15.49M, Peak:15.49M | Scene, ViewLayer | Updating Geometry BVH Cube.691 1129/1562 | Building BVH
Fra:1 Mem:181.74M (Peak 284.05M) | Time:00:01.11 | Mem:15.49M, Peak:15.49M | Scene, ViewLayer | Updating Geometry BVH Cube.690 1128/1562 | Building BVH
Fra:1 Mem:181.74M (Peak 284.05M) | Time:00:01.11 | Mem:15.49M, Peak:15.50M | Scene, ViewLayer | Updating Geometry BVH Cone.296 993/1562 | Building BVH
Fra:1 Mem:181.74M (Peak 284.05M) | Time:00:01.11 | Mem:15.50M, Peak:15.50M | Scene, ViewLayer | Updating Geometry BVH Cube.689 1127/1562 | Building BVH
Fra:1 Mem:181.74M (Peak 284.05M) | Time:00:01.11 | Mem:15.50M, Peak:15.50M | Scene, ViewLayer | Updating Geometry BVH Cube.688 1126/1562 | Building BVH
Fra:1 Mem:181.74M (Peak 284.05M) | Time:00:01.11 | Mem:15.50M, Peak:15.50M | Scene, ViewLayer | Updating Geometry BVH Sphere.182 1125/1562 | Building BVH
Fra:1 Mem:181.74M (Peak 284.05M) | Time:00:01.11 | Mem:15.50M, Peak:15.50M | Scene, ViewLayer | Updating Geometry BVH Cone.297 994/1562 | Building BVH
Fra:1 Mem:181.74M (Peak 284.05M) | Time:00:01.11 | Mem:15.50M, Peak:15.50M | Scene, ViewLayer | Updating Geometry BVH Cone.298 995/1562 | Building BVH
Fra:1 Mem:181.74M (Peak 284.05M) | Time:00:01.11 | Mem:15.50M, Peak:15.50M | Scene, ViewLayer | Updating Geometry BVH Cone.299 996/1562 | Building BVH
Fra:1 Mem:181.74M (Peak 284.05M) | Time:00:01.11 | Mem:15.50M, Peak:15.51M | Scene, ViewLayer | Updating Geometry BVH Cone.300 997/1562 | Building BVH
Fra:1 Mem:181.74M (Peak 284.05M) | Time:00:01.11 | Mem:15.51M, Peak:15.51M | Scene, ViewLayer | Updating Geometry BVH Cone.301 998/1562 | Building BVH
Fra:1 Mem:181.74M (Peak 284.05M) | Time:00:01.11 | Mem:15.51M, Peak:15.51M | Scene, ViewLayer | Updating Geometry BVH Cone.302 999/1562 | Building BVH
Fra:1 Mem:181.74M (Peak 284.05M) | Time:00:01.11 | Mem:15.51M, Peak:15.51M | Scene, ViewLayer | Updating Geometry BVH Cone.303 1000/1562 | Building BVH
Fra:1 Mem:181.74M (Peak 284.05M) | Time:00:01.11 | Mem:15.51M, Peak:15.51M | Scene, ViewLayer | Updating Geometry BVH Cone.305 1002/1562 | Building BVH
Fra:1 Mem:181.74M (Peak 284.05M) | Time:00:01.11 | Mem:15.51M, Peak:15.51M | Scene, ViewLayer | Updating Geometry BVH Cone.306 1003/1562 | Building BVH
Fra:1 Mem:181.74M (Peak 284.05M) | Time:00:01.11 | Mem:15.51M, Peak:15.51M | Scene, ViewLayer | Updating Geometry BVH Cone.307 1004/1562 | Building BVH
Fra:1 Mem:181.74M (Peak 284.05M) | Time:00:01.11 | Mem:15.51M, Peak:15.51M | Scene, ViewLayer | Updating Geometry BVH Cone.308 1005/1562 | Building BVH
Fra:1 Mem:181.74M (Peak 284.05M) | Time:00:01.11 | Mem:15.51M, Peak:15.51M | Scene, ViewLayer | Updating Geometry BVH Cone.309 1006/1562 | Building BVH
Fra:1 Mem:181.74M (Peak 284.05M) | Time:00:01.11 | Mem:15.52M, Peak:15.52M | Scene, ViewLayer | Updating Geometry BVH Cone.310 1007/1562 | Building BVH
Fra:1 Mem:181.74M (Peak 284.05M) | Time:00:01.11 | Mem:15.52M, Peak:15.52M | Scene, ViewLayer | Updating Geometry BVH Sphere.181 1124/1562 | Building BVH
Fra:1 Mem:181.74M (Peak 284.05M) | Time:00:01.11 | Mem:15.52M, Peak:15.53M | Scene, ViewLayer | Updating Geometry BVH Sphere.180 1123/1562 | Building BVH
Fra:1 Mem:181.74M (Peak 284.05M) | Time:00:01.11 | Mem:15.53M, Peak:15.53M | Scene, ViewLayer | Updating Geometry BVH Cone.312 1009/1562 | Building BVH
Fra:1 Mem:181.74M (Peak 284.05M) | Time:00:01.11 | Mem:15.53M, Peak:15.53M | Scene, ViewLayer | Updating Geometry BVH Sphere.179 1122/1562 | Building BVH
Fra:1 Mem:181.74M (Peak 284.05M) | Time:00:01.11 | Mem:15.53M, Peak:15.53M | Scene, ViewLayer | Updating Geometry BVH Cone.313 1010/1562 | Building BVH
Fra:1 Mem:181.74M (Peak 284.05M) | Time:00:01.11 | Mem:15.54M, Peak:15.54M | Scene, ViewLayer | Updating Geometry BVH Cone.314 1011/1562 | Building BVH
Fra:1 Mem:181.74M (Peak 284.05M) | Time:00:01.11 | Mem:15.54M, Peak:15.54M | Scene, ViewLayer | Updating Geometry BVH Sphere.178 1121/1562 | Building BVH
Fra:1 Mem:181.74M (Peak 284.05M) | Time:00:01.11 | Mem:15.54M, Peak:15.54M | Scene, ViewLayer | Updating Geometry BVH Cone.315 1012/1562 | Building BVH
Fra:1 Mem:181.74M (Peak 284.05M) | Time:00:01.11 | Mem:15.54M, Peak:15.54M | Scene, ViewLayer | Updating Geometry BVH Cone.316 1013/1562 | Building BVH
Fra:1 Mem:181.74M (Peak 284.05M) | Time:00:01.11 | Mem:15.54M, Peak:15.54M | Scene, ViewLayer | Updating Geometry BVH Cone.317 1014/1562 | Building BVH
Fra:1 Mem:181.74M (Peak 284.05M) | Time:00:01.11 | Mem:15.54M, Peak:15.54M | Scene, ViewLayer | Updating Geometry BVH Cone.318 1015/1562 | Building BVH
Fra:1 Mem:181.74M (Peak 284.05M) | Time:00:01.11 | Mem:15.54M, Peak:15.54M | Scene, ViewLayer | Updating Geometry BVH Cone.319 1016/1562 | Building BVH
Fra:1 Mem:181.74M (Peak 284.05M) | Time:00:01.11 | Mem:15.54M, Peak:15.54M | Scene, ViewLayer | Updating Geometry BVH Cone.320 1017/1562 | Building BVH
Fra:1 Mem:181.74M (Peak 284.05M) | Time:00:01.11 | Mem:15.55M, Peak:15.55M | Scene, ViewLayer | Updating Geometry BVH Cone.321 1018/1562 | Building BVH
Fra:1 Mem:181.74M (Peak 284.05M) | Time:00:01.11 | Mem:15.55M, Peak:15.55M | Scene, ViewLayer | Updating Geometry BVH Cone.322 1019/1562 | Building BVH
Fra:1 Mem:181.74M (Peak 284.05M) | Time:00:01.11 | Mem:15.55M, Peak:15.55M | Scene, ViewLayer | Updating Geometry BVH Cone.323 1020/1562 | Building BVH
Fra:1 Mem:181.74M (Peak 284.05M) | Time:00:01.11 | Mem:15.55M, Peak:15.55M | Scene, ViewLayer | Updating Geometry BVH Cone.324 1021/1562 | Building BVH
Fra:1 Mem:181.74M (Peak 284.05M) | Time:00:01.11 | Mem:15.55M, Peak:15.55M | Scene, ViewLayer | Updating Geometry BVH Sphere.177 1120/1562 | Building BVH
Fra:1 Mem:181.74M (Peak 284.05M) | Time:00:01.11 | Mem:15.55M, Peak:15.55M | Scene, ViewLayer | Updating Geometry BVH Cone.325 1022/1562 | Building BVH
Fra:1 Mem:181.74M (Peak 284.05M) | Time:00:01.11 | Mem:15.56M, Peak:15.56M | Scene, ViewLayer | Updating Geometry BVH Cone.326 1023/1562 | Building BVH
Fra:1 Mem:181.74M (Peak 284.05M) | Time:00:01.11 | Mem:15.56M, Peak:15.56M | Scene, ViewLayer | Updating Geometry BVH Sphere.176 1119/1562 | Building BVH
Fra:1 Mem:181.74M (Peak 284.05M) | Time:00:01.11 | Mem:15.56M, Peak:15.56M | Scene, ViewLayer | Updating Geometry BVH Cone.328 1025/1562 | Building BVH
Fra:1 Mem:181.74M (Peak 284.05M) | Time:00:01.11 | Mem:15.56M, Peak:15.56M | Scene, ViewLayer | Updating Geometry BVH Cone.329 1026/1562 | Building BVH
Fra:1 Mem:181.74M (Peak 284.05M) | Time:00:01.11 | Mem:15.56M, Peak:15.56M | Scene, ViewLayer | Updating Geometry BVH Cone.330 1027/1562 | Building BVH
Fra:1 Mem:181.74M (Peak 284.05M) | Time:00:01.11 | Mem:15.57M, Peak:15.57M | Scene, ViewLayer | Updating Geometry BVH Cone.331 1028/1562 | Building BVH
Fra:1 Mem:181.74M (Peak 284.05M) | Time:00:01.11 | Mem:15.57M, Peak:15.57M | Scene, ViewLayer | Updating Geometry BVH Sphere.175 1118/1562 | Building BVH
Fra:1 Mem:181.74M (Peak 284.05M) | Time:00:01.11 | Mem:15.57M, Peak:15.57M | Scene, ViewLayer | Updating Geometry BVH Cone.332 1029/1562 | Building BVH
Fra:1 Mem:181.74M (Peak 284.05M) | Time:00:01.11 | Mem:15.57M, Peak:15.57M | Scene, ViewLayer | Updating Geometry BVH Cone.333 1030/1562 | Building BVH
Fra:1 Mem:181.74M (Peak 284.05M) | Time:00:01.11 | Mem:15.57M, Peak:15.57M | Scene, ViewLayer | Updating Geometry BVH Cone.334 1031/1562 | Building BVH
Fra:1 Mem:181.74M (Peak 284.05M) | Time:00:01.11 | Mem:15.58M, Peak:15.58M | Scene, ViewLayer | Updating Geometry BVH Cone.336 1033/1562 | Building BVH
Fra:1 Mem:181.74M (Peak 284.05M) | Time:00:01.11 | Mem:15.58M, Peak:15.58M | Scene, ViewLayer | Updating Geometry BVH Cone.337 1034/1562 | Building BVH
Fra:1 Mem:181.74M (Peak 284.05M) | Time:00:01.11 | Mem:15.58M, Peak:15.58M | Scene, ViewLayer | Updating Geometry BVH Cone.338 1035/1562 | Building BVH
Fra:1 Mem:181.74M (Peak 284.05M) | Time:00:01.11 | Mem:15.58M, Peak:15.58M | Scene, ViewLayer | Updating Geometry BVH Sphere.174 1117/1562 | Building BVH
Fra:1 Mem:181.74M (Peak 284.05M) | Time:00:01.11 | Mem:15.58M, Peak:15.58M | Scene, ViewLayer | Updating Geometry BVH Cone.339 1036/1562 | Building BVH
Fra:1 Mem:181.74M (Peak 284.05M) | Time:00:01.11 | Mem:15.58M, Peak:15.58M | Scene, ViewLayer | Updating Geometry BVH Cone.340 1037/1562 | Building BVH
Fra:1 Mem:181.74M (Peak 284.05M) | Time:00:01.11 | Mem:15.59M, Peak:15.59M | Scene, ViewLayer | Updating Geometry BVH Cone.341 1038/1562 | Building BVH
Fra:1 Mem:181.74M (Peak 284.05M) | Time:00:01.11 | Mem:15.59M, Peak:15.59M | Scene, ViewLayer | Updating Geometry BVH Cone.342 1039/1562 | Building BVH
Fra:1 Mem:181.74M (Peak 284.05M) | Time:00:01.11 | Mem:15.59M, Peak:15.59M | Scene, ViewLayer | Updating Geometry BVH Cone.343 1040/1562 | Building BVH
Fra:1 Mem:181.74M (Peak 284.05M) | Time:00:01.11 | Mem:15.59M, Peak:15.59M | Scene, ViewLayer | Updating Geometry BVH Cone.345 1042/1562 | Building BVH
Fra:1 Mem:181.74M (Peak 284.05M) | Time:00:01.11 | Mem:15.59M, Peak:15.59M | Scene, ViewLayer | Updating Geometry BVH Cone.346 1043/1562 | Building BVH
Fra:1 Mem:181.74M (Peak 284.05M) | Time:00:01.11 | Mem:15.59M, Peak:15.59M | Scene, ViewLayer | Updating Geometry BVH Cone.347 1044/1562 | Building BVH
Fra:1 Mem:181.74M (Peak 284.05M) | Time:00:01.11 | Mem:15.59M, Peak:15.59M | Scene, ViewLayer | Updating Geometry BVH Cone.348 1045/1562 | Building BVH
Fra:1 Mem:181.74M (Peak 284.05M) | Time:00:01.11 | Mem:15.59M, Peak:15.59M | Scene, ViewLayer | Updating Geometry BVH Cone.349 1046/1562 | Building BVH
Fra:1 Mem:181.74M (Peak 284.05M) | Time:00:01.11 | Mem:15.59M, Peak:15.60M | Scene, ViewLayer | Updating Geometry BVH Cone.350 1047/1562 | Building BVH
Fra:1 Mem:181.74M (Peak 284.05M) | Time:00:01.11 | Mem:15.60M, Peak:15.60M | Scene, ViewLayer | Updating Geometry BVH Cone.351 1048/1562 | Building BVH
Fra:1 Mem:181.74M (Peak 284.05M) | Time:00:01.11 | Mem:15.60M, Peak:15.60M | Scene, ViewLayer | Updating Geometry BVH Cone.352 1049/1562 | Building BVH
Fra:1 Mem:181.74M (Peak 284.05M) | Time:00:01.11 | Mem:15.60M, Peak:15.60M | Scene, ViewLayer | Updating Geometry BVH Cone.353 1050/1562 | Building BVH
Fra:1 Mem:181.74M (Peak 284.05M) | Time:00:01.11 | Mem:15.60M, Peak:15.60M | Scene, ViewLayer | Updating Geometry BVH Cone.354 1051/1562 | Building BVH
Fra:1 Mem:181.74M (Peak 284.05M) | Time:00:01.11 | Mem:15.60M, Peak:15.60M | Scene, ViewLayer | Updating Geometry BVH Cone.355 1052/1562 | Building BVH
Fra:1 Mem:181.74M (Peak 284.05M) | Time:00:01.11 | Mem:15.60M, Peak:15.60M | Scene, ViewLayer | Updating Geometry BVH Cone.356 1053/1562 | Building BVH
Fra:1 Mem:181.74M (Peak 284.05M) | Time:00:01.11 | Mem:15.61M, Peak:15.61M | Scene, ViewLayer | Updating Geometry BVH Cone.419 1116/1562 | Building BVH
Fra:1 Mem:181.74M (Peak 284.05M) | Time:00:01.11 | Mem:15.61M, Peak:15.61M | Scene, ViewLayer | Updating Geometry BVH Cone.357 1054/1562 | Building BVH
Fra:1 Mem:181.74M (Peak 284.05M) | Time:00:01.11 | Mem:15.61M, Peak:15.61M | Scene, ViewLayer | Updating Geometry BVH Cone.358 1055/1562 | Building BVH
Fra:1 Mem:181.74M (Peak 284.05M) | Time:00:01.11 | Mem:15.61M, Peak:15.61M | Scene, ViewLayer | Updating Geometry BVH Cone.359 1056/1562 | Building BVH
Fra:1 Mem:181.74M (Peak 284.05M) | Time:00:01.11 | Mem:15.61M, Peak:15.61M | Scene, ViewLayer | Updating Geometry BVH Cone.360 1057/1562 | Building BVH
Fra:1 Mem:181.74M (Peak 284.05M) | Time:00:01.11 | Mem:15.61M, Peak:15.61M | Scene, ViewLayer | Updating Geometry BVH Cone.361 1058/1562 | Building BVH
Fra:1 Mem:181.74M (Peak 284.05M) | Time:00:01.11 | Mem:15.61M, Peak:15.61M | Scene, ViewLayer | Updating Geometry BVH Cone.362 1059/1562 | Building BVH
Fra:1 Mem:181.74M (Peak 284.05M) | Time:00:01.11 | Mem:15.61M, Peak:15.61M | Scene, ViewLayer | Updating Geometry BVH Cone.418 1115/1562 | Building BVH
Fra:1 Mem:181.74M (Peak 284.05M) | Time:00:01.11 | Mem:15.61M, Peak:15.61M | Scene, ViewLayer | Updating Geometry BVH Cone.363 1060/1562 | Building BVH
Fra:1 Mem:181.74M (Peak 284.05M) | Time:00:01.11 | Mem:15.62M, Peak:15.62M | Scene, ViewLayer | Updating Geometry BVH Cone.364 1061/1562 | Building BVH
Fra:1 Mem:181.74M (Peak 284.05M) | Time:00:01.11 | Mem:15.62M, Peak:15.62M | Scene, ViewLayer | Updating Geometry BVH Cone.365 1062/1562 | Building BVH
Fra:1 Mem:181.74M (Peak 284.05M) | Time:00:01.11 | Mem:15.62M, Peak:15.62M | Scene, ViewLayer | Updating Geometry BVH Cone.366 1063/1562 | Building BVH
Fra:1 Mem:181.74M (Peak 284.05M) | Time:00:01.11 | Mem:15.62M, Peak:15.62M | Scene, ViewLayer | Updating Geometry BVH Cone.417 1114/1562 | Building BVH
Fra:1 Mem:181.74M (Peak 284.05M) | Time:00:01.11 | Mem:15.62M, Peak:15.62M | Scene, ViewLayer | Updating Geometry BVH Cone.416 1113/1562 | Building BVH
Fra:1 Mem:181.74M (Peak 284.05M) | Time:00:01.11 | Mem:15.62M, Peak:15.62M | Scene, ViewLayer | Updating Geometry BVH Cone.415 1112/1562 | Building BVH
Fra:1 Mem:181.74M (Peak 284.05M) | Time:00:01.11 | Mem:15.62M, Peak:15.62M | Scene, ViewLayer | Updating Geometry BVH Cone.414 1111/1562 | Building BVH
Fra:1 Mem:181.74M (Peak 284.05M) | Time:00:01.11 | Mem:15.62M, Peak:15.62M | Scene, ViewLayer | Updating Geometry BVH Cone.367 1064/1562 | Building BVH
Fra:1 Mem:181.74M (Peak 284.05M) | Time:00:01.11 | Mem:15.62M, Peak:15.62M | Scene, ViewLayer | Updating Geometry BVH Cone.413 1110/1562 | Building BVH
Fra:1 Mem:181.74M (Peak 284.05M) | Time:00:01.11 | Mem:15.63M, Peak:15.63M | Scene, ViewLayer | Updating Geometry BVH Cone.368 1065/1562 | Building BVH
Fra:1 Mem:181.74M (Peak 284.05M) | Time:00:01.11 | Mem:15.63M, Peak:15.63M | Scene, ViewLayer | Updating Geometry BVH Cone.412 1109/1562 | Building BVH
Fra:1 Mem:181.74M (Peak 284.05M) | Time:00:01.11 | Mem:15.63M, Peak:15.63M | Scene, ViewLayer | Updating Geometry BVH Cone.369 1066/1562 | Building BVH
Fra:1 Mem:181.74M (Peak 284.05M) | Time:00:01.11 | Mem:15.63M, Peak:15.63M | Scene, ViewLayer | Updating Geometry BVH Cone.370 1067/1562 | Building BVH
Fra:1 Mem:181.74M (Peak 284.05M) | Time:00:01.11 | Mem:15.63M, Peak:15.63M | Scene, ViewLayer | Updating Geometry BVH Cone.371 1068/1562 | Building BVH
Fra:1 Mem:181.74M (Peak 284.05M) | Time:00:01.12 | Mem:15.63M, Peak:15.63M | Scene, ViewLayer | Updating Geometry BVH Cone.372 1069/1562 | Building BVH
Fra:1 Mem:181.74M (Peak 284.05M) | Time:00:01.12 | Mem:15.63M, Peak:15.63M | Scene, ViewLayer | Updating Geometry BVH Cone.410 1107/1562 | Building BVH
Fra:1 Mem:181.74M (Peak 284.05M) | Time:00:01.12 | Mem:15.63M, Peak:15.63M | Scene, ViewLayer | Updating Geometry BVH Cone.373 1070/1562 | Building BVH
Fra:1 Mem:181.74M (Peak 284.05M) | Time:00:01.12 | Mem:15.64M, Peak:15.64M | Scene, ViewLayer | Updating Geometry BVH Cone.374 1071/1562 | Building BVH
Fra:1 Mem:181.74M (Peak 284.05M) | Time:00:01.12 | Mem:15.64M, Peak:15.64M | Scene, ViewLayer | Updating Geometry BVH Cone.375 1072/1562 | Building BVH
Fra:1 Mem:181.74M (Peak 284.05M) | Time:00:01.12 | Mem:15.64M, Peak:15.64M | Scene, ViewLayer | Updating Geometry BVH Cone.376 1073/1562 | Building BVH
Fra:1 Mem:181.74M (Peak 284.05M) | Time:00:01.12 | Mem:15.64M, Peak:15.64M | Scene, ViewLayer | Updating Geometry BVH Cone.377 1074/1562 | Building BVH
Fra:1 Mem:181.74M (Peak 284.05M) | Time:00:01.12 | Mem:15.64M, Peak:15.64M | Scene, ViewLayer | Updating Geometry BVH Cone.378 1075/1562 | Building BVH
Fra:1 Mem:181.74M (Peak 284.05M) | Time:00:01.12 | Mem:15.64M, Peak:15.64M | Scene, ViewLayer | Updating Geometry BVH Cone.379 1076/1562 | Building BVH
Fra:1 Mem:181.74M (Peak 284.05M) | Time:00:01.12 | Mem:15.64M, Peak:15.64M | Scene, ViewLayer | Updating Geometry BVH Cone.380 1077/1562 | Building BVH
Fra:1 Mem:181.74M (Peak 284.05M) | Time:00:01.12 | Mem:15.64M, Peak:15.64M | Scene, ViewLayer | Updating Geometry BVH Cone.409 1106/1562 | Building BVH
Fra:1 Mem:181.74M (Peak 284.05M) | Time:00:01.12 | Mem:15.64M, Peak:15.64M | Scene, ViewLayer | Updating Geometry BVH Cone.381 1078/1562 | Building BVH
Fra:1 Mem:181.74M (Peak 284.05M) | Time:00:01.12 | Mem:15.65M, Peak:15.65M | Scene, ViewLayer | Updating Geometry BVH Cone.382 1079/1562 | Building BVH
Fra:1 Mem:181.74M (Peak 284.05M) | Time:00:01.12 | Mem:15.65M, Peak:15.65M | Scene, ViewLayer | Updating Geometry BVH Cone.383 1080/1562 | Building BVH
Fra:1 Mem:181.74M (Peak 284.05M) | Time:00:01.12 | Mem:15.65M, Peak:15.65M | Scene, ViewLayer | Updating Geometry BVH Cone.384 1081/1562 | Building BVH
Fra:1 Mem:181.74M (Peak 284.05M) | Time:00:01.12 | Mem:15.65M, Peak:15.65M | Scene, ViewLayer | Updating Geometry BVH Cone.385 1082/1562 | Building BVH
Fra:1 Mem:181.74M (Peak 284.05M) | Time:00:01.12 | Mem:15.65M, Peak:15.65M | Scene, ViewLayer | Updating Geometry BVH Cone.386 1083/1562 | Building BVH
Fra:1 Mem:181.74M (Peak 284.05M) | Time:00:01.12 | Mem:15.65M, Peak:15.65M | Scene, ViewLayer | Updating Geometry BVH Cone.408 1105/1562 | Building BVH
Fra:1 Mem:181.74M (Peak 284.05M) | Time:00:01.12 | Mem:15.65M, Peak:15.65M | Scene, ViewLayer | Updating Geometry BVH Cone.389 1086/1562 | Building BVH
Fra:1 Mem:181.74M (Peak 284.05M) | Time:00:01.12 | Mem:15.66M, Peak:15.66M | Scene, ViewLayer | Updating Geometry BVH Cone.390 1087/1562 | Building BVH
Fra:1 Mem:181.74M (Peak 284.05M) | Time:00:01.12 | Mem:15.66M, Peak:15.66M | Scene, ViewLayer | Updating Geometry BVH Cone.391 1088/1562 | Building BVH
Fra:1 Mem:181.74M (Peak 284.05M) | Time:00:01.12 | Mem:15.66M, Peak:15.66M | Scene, ViewLayer | Updating Geometry BVH Cone.392 1089/1562 | Building BVH
Fra:1 Mem:181.74M (Peak 284.05M) | Time:00:01.12 | Mem:15.66M, Peak:15.66M | Scene, ViewLayer | Updating Geometry BVH Cone.393 1090/1562 | Building BVH
Fra:1 Mem:181.74M (Peak 284.05M) | Time:00:01.12 | Mem:15.66M, Peak:15.66M | Scene, ViewLayer | Updating Geometry BVH Cone.394 1091/1562 | Building BVH
Fra:1 Mem:181.74M (Peak 284.05M) | Time:00:01.12 | Mem:15.66M, Peak:15.66M | Scene, ViewLayer | Updating Geometry BVH Cone.395 1092/1562 | Building BVH
Fra:1 Mem:181.74M (Peak 284.05M) | Time:00:01.12 | Mem:15.66M, Peak:15.66M | Scene, ViewLayer | Updating Geometry BVH Cone.396 1093/1562 | Building BVH
Fra:1 Mem:181.74M (Peak 284.05M) | Time:00:01.12 | Mem:15.66M, Peak:15.66M | Scene, ViewLayer | Updating Geometry BVH Cone.397 1094/1562 | Building BVH
Fra:1 Mem:181.74M (Peak 284.05M) | Time:00:01.12 | Mem:15.67M, Peak:15.67M | Scene, ViewLayer | Updating Geometry BVH Cone.398 1095/1562 | Building BVH
Fra:1 Mem:181.74M (Peak 284.05M) | Time:00:01.12 | Mem:15.67M, Peak:15.67M | Scene, ViewLayer | Updating Geometry BVH Cone.399 1096/1562 | Building BVH
Fra:1 Mem:181.74M (Peak 284.05M) | Time:00:01.12 | Mem:15.67M, Peak:15.67M | Scene, ViewLayer | Updating Geometry BVH Cone.400 1097/1562 | Building BVH
Fra:1 Mem:181.74M (Peak 284.05M) | Time:00:01.12 | Mem:15.67M, Peak:15.67M | Scene, ViewLayer | Updating Geometry BVH Cone.401 1098/1562 | Building BVH
Fra:1 Mem:181.74M (Peak 284.05M) | Time:00:01.12 | Mem:15.67M, Peak:15.67M | Scene, ViewLayer | Updating Geometry BVH Cone.402 1099/1562 | Building BVH
Fra:1 Mem:181.74M (Peak 284.05M) | Time:00:01.12 | Mem:15.67M, Peak:15.67M | Scene, ViewLayer | Updating Geometry BVH Cone.406 1103/1562 | Building BVH
Fra:1 Mem:181.74M (Peak 284.05M) | Time:00:01.12 | Mem:15.67M, Peak:15.67M | Scene, ViewLayer | Updating Geometry BVH Cone.403 1100/1562 | Building BVH
Fra:1 Mem:181.74M (Peak 284.05M) | Time:00:01.12 | Mem:15.67M, Peak:15.67M | Scene, ViewLayer | Updating Geometry BVH Cone.404 1101/1562 | Building BVH
Fra:1 Mem:181.74M (Peak 284.05M) | Time:00:01.12 | Mem:15.67M, Peak:15.67M | Scene, ViewLayer | Updating Geometry BVH Cone.405 1102/1562 | Building BVH
Fra:1 Mem:181.74M (Peak 284.05M) | Time:00:01.12 | Mem:15.68M, Peak:15.68M | Scene, ViewLayer | Updating Scene BVH | Building
Fra:1 Mem:181.84M (Peak 284.05M) | Time:00:01.12 | Mem:15.68M, Peak:15.68M | Scene, ViewLayer | Updating Scene BVH | Building BVH
Fra:1 Mem:181.84M (Peak 284.05M) | Time:00:01.18 | Mem:26.91M, Peak:30.80M | Scene, ViewLayer | Updating Scene BVH | Copying BVH to device
Fra:1 Mem:181.84M (Peak 284.05M) | Time:00:01.18 | Mem:26.91M, Peak:30.80M | Scene, ViewLayer | Updating Mesh | Computing normals
Fra:1 Mem:190.55M (Peak 284.05M) | Time:00:01.21 | Mem:26.91M, Peak:30.80M | Scene, ViewLayer | Updating Mesh | Copying Mesh to device
Fra:1 Mem:190.55M (Peak 284.05M) | Time:00:01.21 | Mem:35.62M, Peak:35.62M | Scene, ViewLayer | Updating Objects Flags
Fra:1 Mem:190.55M (Peak 284.05M) | Time:00:01.21 | Mem:35.70M, Peak:35.70M | Scene, ViewLayer | Updating Primitive Offsets
Fra:1 Mem:190.59M (Peak 284.05M) | Time:00:01.21 | Mem:35.74M, Peak:35.74M | Scene, ViewLayer | Updating Images
Fra:1 Mem:190.59M (Peak 284.05M) | Time:00:01.21 | Mem:35.74M, Peak:35.74M | Scene, ViewLayer | Updating Camera Volume
Fra:1 Mem:190.59M (Peak 284.05M) | Time:00:01.21 | Mem:35.74M, Peak:35.74M | Scene, ViewLayer | Updating Lookup Tables
Fra:1 Mem:190.59M (Peak 284.05M) | Time:00:01.21 | Mem:35.83M, Peak:35.83M | Scene, ViewLayer | Updating Lights
Fra:1 Mem:190.60M (Peak 284.05M) | Time:00:01.21 | Mem:35.84M, Peak:35.84M | Scene, ViewLayer | Updating Lights | Computing tree
Fra:1 Mem:207.54M (Peak 284.05M) | Time:00:01.48 | Mem:52.78M, Peak:52.78M | Scene, ViewLayer | Updating Integrator
Fra:1 Mem:207.54M (Peak 284.05M) | Time:00:01.48 | Mem:52.78M, Peak:52.78M | Scene, ViewLayer | Updating Film
Fra:1 Mem:207.55M (Peak 284.05M) | Time:00:01.48 | Mem:52.70M, Peak:52.78M | Scene, ViewLayer | Updating Lookup Tables
Fra:1 Mem:207.55M (Peak 284.05M) | Time:00:01.48 | Mem:52.78M, Peak:52.78M | Scene, ViewLayer | Updating Baking
Fra:1 Mem:207.55M (Peak 284.05M) | Time:00:01.48 | Mem:52.78M, Peak:52.78M | Scene, ViewLayer | Updating Device | Writing constant memory
Fra:1 Mem:207.72M (Peak 284.05M) | Time:00:01.48 | Mem:52.78M, Peak:52.78M | Scene, ViewLayer | Loading denoising kernels (may take a few minutes the first time)
Fra:1 Mem:207.72M (Peak 284.05M) | Time:00:01.48 | Mem:52.78M, Peak:52.78M | Scene, ViewLayer | Sample 0/96
Fra:1 Mem:365.94M (Peak 365.94M) | Time:00:10.49 | Remaining:14:15.54 | Mem:210.99M, Peak:210.99M | Scene, ViewLayer | Sample 1/96
Fra:1 Mem:365.94M (Peak 365.94M) | Time:00:43.77 | Remaining:12:49.70 | Mem:210.99M, Peak:210.99M | Scene, ViewLayer | Sample 5/96
Fra:1 Mem:365.94M (Peak 365.94M) | Time:01:17.28 | Remaining:12:12.76 | Mem:210.99M, Peak:210.99M | Scene, ViewLayer | Sample 9/96
Fra:1 Mem:365.94M (Peak 365.94M) | Time:01:50.46 | Remaining:11:35.80 | Mem:210.99M, Peak:210.99M | Scene, ViewLayer | Sample 13/96
Fra:1 Mem:365.94M (Peak 365.94M) | Time:02:23.69 | Remaining:11:00.86 | Mem:210.99M, Peak:210.99M | Scene, ViewLayer | Sample 17/96
Fra:1 Mem:365.94M (Peak 365.94M) | Time:02:57.02 | Remaining:10:26.90 | Mem:210.99M, Peak:210.99M | Scene, ViewLayer | Sample 21/96
Fra:1 Mem:365.94M (Peak 365.94M) | Time:03:30.22 | Remaining:09:52.80 | Mem:210.99M, Peak:210.99M | Scene, ViewLayer | Sample 25/96
Fra:1 Mem:365.94M (Peak 365.94M) | Time:04:03.27 | Remaining:09:18.62 | Mem:210.99M, Peak:210.99M | Scene, ViewLayer | Sample 29/96
Fra:1 Mem:365.94M (Peak 365.94M) | Time:04:36.27 | Remaining:08:44.59 | Mem:210.99M, Peak:210.99M | Scene, ViewLayer | Sample 33/96
Fra:1 Mem:365.94M (Peak 365.94M) | Time:05:09.05 | Remaining:08:10.45 | Mem:210.99M, Peak:210.99M | Scene, ViewLayer | Sample 37/96
Fra:1 Mem:365.94M (Peak 365.94M) | Time:05:41.94 | Remaining:07:36.71 | Mem:210.99M, Peak:210.99M | Scene, ViewLayer | Sample 41/96
Fra:1 Mem:365.94M (Peak 365.94M) | Time:06:14.90 | Remaining:07:03.20 | Mem:210.99M, Peak:210.99M | Scene, ViewLayer | Sample 45/96
Fra:1 Mem:365.94M (Peak 365.94M) | Time:06:47.73 | Remaining:06:29.66 | Mem:210.99M, Peak:210.99M | Scene, ViewLayer | Sample 49/96
Fra:1 Mem:365.94M (Peak 365.94M) | Time:07:20.62 | Remaining:05:56.28 | Mem:210.99M, Peak:210.99M | Scene, ViewLayer | Sample 53/96
Fra:1 Mem:365.94M (Peak 365.94M) | Time:07:53.42 | Remaining:05:22.90 | Mem:210.99M, Peak:210.99M | Scene, ViewLayer | Sample 57/96
Fra:1 Mem:365.94M (Peak 365.94M) | Time:08:26.25 | Remaining:04:49.62 | Mem:210.99M, Peak:210.99M | Scene, ViewLayer | Sample 61/96
Fra:1 Mem:365.94M (Peak 365.94M) | Time:08:50.70 | Remaining:04:24.60 | Mem:210.99M, Peak:210.99M | Scene, ViewLayer | Sample 64/96
Fra:1 Mem:365.94M (Peak 365.94M) | Time:09:08.44 | Remaining:03:45.21 | Mem:210.99M, Peak:210.99M | Scene, ViewLayer | Sample 68/96
Fra:1 Mem:365.94M (Peak 365.94M) | Time:09:26.11 | Remaining:03:08.20 | Mem:210.99M, Peak:210.99M | Scene, ViewLayer | Sample 72/96
Fra:1 Mem:365.94M (Peak 365.94M) | Time:09:43.88 | Remaining:02:33.26 | Mem:210.99M, Peak:210.99M | Scene, ViewLayer | Sample 76/96
Fra:1 Mem:365.94M (Peak 365.94M) | Time:10:01.72 | Remaining:02:00.04 | Mem:210.99M, Peak:210.99M | Scene, ViewLayer | Sample 80/96
Fra:1 Mem:365.94M (Peak 365.94M) | Time:10:16.85 | Remaining:01:27.91 | Mem:210.99M, Peak:210.99M | Scene, ViewLayer | Sample 84/96
Fra:1 Mem:365.94M (Peak 365.94M) | Time:10:31.90 | Remaining:00:57.31 | Mem:210.99M, Peak:210.99M | Scene, ViewLayer | Sample 88/96
Fra:1 Mem:365.94M (Peak 365.94M) | Time:10:47.09 | Remaining:00:28.06 | Mem:210.99M, Peak:210.99M | Scene, ViewLayer | Sample 92/96
Fra:1 Mem:437.13M (Peak 539.97M) | Time:11:10.55 | Mem:210.99M, Peak:210.99M | Scene, ViewLayer | Sample 96/96
Fra:1 Mem:437.13M (Peak 539.97M) | Time:11:10.55 | Mem:210.99M, Peak:210.99M | Scene, ViewLayer | Finished
Fra:1 Mem:231.79M (Peak 539.97M) | Time:11:10.57 | Compositing
Fra:1 Mem:231.79M (Peak 539.97M) | Time:11:10.57 | Compositing | Initializing execution
Fra:1 Mem:231.79M (Peak 539.97M) | Time:11:10.57 | Compositing | Operation 2-5
Fra:1 Mem:263.49M (Peak 539.97M) | Time:11:10.58 | Compositing | Operation 3-5
Fra:1 Mem:263.50M (Peak 539.97M) | Time:11:10.59 | Compositing | Operation 4-5
Fra:1 Mem:271.41M (Peak 539.97M) | Time:11:10.59 | Compositing | Operation 5-5
Fra:1 Mem:271.41M (Peak 539.97M) | Time:11:10.59 | Compositing | Operation 6-5
Saved: '/mnt/project-files/design/mapas/mundo/fontes/out/deserto_mist_0001.png'
Saved: '/mnt/project-files/design/mapas/mundo/fontes/out/deserto_raw.png'
Time: 11:11.46 (Saving: 00:00.40)


Blender quit
